#OTU ID	POX-C	B-glucosidase	Protein	Unassigned;Other;Other;Other;Other;Other	k__Fungi;Other;Other;Other;Other;Other	k__Fungi;p__Ascomycota;Other;Other;Other;Other	k__Fungi;p__Ascomycota;c__Dothideomycetes;Other;Other;Other	k__Fungi;p__Ascomycota;c__Dothideomycetes;o__Botryosphaeriales;f__Botryosphaeriaceae;g__Macrophomina	k__Fungi;p__Ascomycota;c__Dothideomycetes;o__Capnodiales;f__Mycosphaerellaceae;g__Cercospora	k__Fungi;p__Ascomycota;c__Dothideomycetes;o__Incertae_sedis;f__Myxotrichaceae;Other	k__Fungi;p__Ascomycota;c__Dothideomycetes;o__Incertae_sedis;f__Myxotrichaceae;g__Oidiodendron	k__Fungi;p__Ascomycota;c__Dothideomycetes;o__Incertae_sedis;f__Myxotrichaceae;g__unidentified	k__Fungi;p__Ascomycota;c__Dothideomycetes;o__Pleosporales;f__Incertae_sedis;Other	k__Fungi;p__Ascomycota;c__Dothideomycetes;o__Pleosporales;f__Sporormiaceae;Other	k__Fungi;p__Ascomycota;c__Dothideomycetes;o__Pleosporales;f__Sporormiaceae;g__Preussia	k__Fungi;p__Ascomycota;c__Dothideomycetes;o__Pleosporales;f__Tubeufiaceae;g__Tubeufia	k__Fungi;p__Ascomycota;c__Eurotiomycetes;o__Chaetothyriales;f__Chaetothyriaceae;g__Cyphellophora	k__Fungi;p__Ascomycota;c__Eurotiomycetes;o__Chaetothyriales;f__Herpotrichiellaceae;g__Cladophialophora	k__Fungi;p__Ascomycota;c__Eurotiomycetes;o__Eurotiales;f__Trichocomaceae;Other	k__Fungi;p__Ascomycota;c__Eurotiomycetes;o__Eurotiales;f__Trichocomaceae;g__Aspergillus	k__Fungi;p__Ascomycota;c__Eurotiomycetes;o__Eurotiales;f__Trichocomaceae;g__Eurotium	k__Fungi;p__Ascomycota;c__Eurotiomycetes;o__Eurotiales;f__Trichocomaceae;g__Neosartorya	k__Fungi;p__Ascomycota;c__Eurotiomycetes;o__Eurotiales;f__Trichocomaceae;g__Paecilomyces	k__Fungi;p__Ascomycota;c__Eurotiomycetes;o__Eurotiales;f__Trichocomaceae;g__Penicillium	k__Fungi;p__Ascomycota;c__Eurotiomycetes;o__Eurotiales;f__Trichocomaceae;g__Phialosimplex	k__Fungi;p__Ascomycota;c__Eurotiomycetes;o__Eurotiales;f__Trichocomaceae;g__Talaromyces	k__Fungi;p__Ascomycota;c__Incertae_sedis;o__Incertae_sedis;f__Incertae_sedis;g__Ilyonectria	k__Fungi;p__Ascomycota;c__Incertae_sedis;o__Incertae_sedis;f__Incertae_sedis;g__Pseudorobillarda	k__Fungi;p__Ascomycota;c__Incertae_sedis;o__Incertae_sedis;f__Incertae_sedis;g__Vermispora	k__Fungi;p__Ascomycota;c__Incertae_sedis;o__Incertae_sedis;f__Incertae_sedis;g__Veronaea	k__Fungi;p__Ascomycota;c__Leotiomycetes;o__Helotiales;Other;Other	k__Fungi;p__Ascomycota;c__Leotiomycetes;o__Helotiales;f__Helotiaceae;Other	k__Fungi;p__Ascomycota;c__Leotiomycetes;o__Helotiales;f__Sclerotiniaceae;g__Sclerotinia	k__Fungi;p__Ascomycota;c__Leotiomycetes;o__Helotiales;f__unidentified;g__unidentified	k__Fungi;p__Ascomycota;c__Leotiomycetes;o__Leotiales;f__Leotiaceae;g__Neobulgaria	k__Fungi;p__Ascomycota;c__Leotiomycetes;o__Leotiales;f__Leotiaceae;g__unidentified	k__Fungi;p__Ascomycota;c__Leotiomycetes;o__unidentified;f__unidentified;g__unidentified	k__Fungi;p__Ascomycota;c__Pezizomycetes;o__Pezizales;f__Helvellaceae;Other	k__Fungi;p__Ascomycota;c__Pezizomycetes;o__Pezizales;f__Pezizaceae;g__Peziza	k__Fungi;p__Ascomycota;c__Pezizomycetes;o__Pezizales;f__Pezizaceae;g__unidentified	k__Fungi;p__Ascomycota;c__Saccharomycetes;o__Saccharomycetales;f__Saccharomycetaceae;g__Williopsis	k__Fungi;p__Ascomycota;c__Sordariomycetes;Other;Other;Other	k__Fungi;p__Ascomycota;c__Sordariomycetes;o__Chaetosphaeriales;f__Chaetosphaeriaceae;Other	k__Fungi;p__Ascomycota;c__Sordariomycetes;o__Chaetosphaeriales;f__Chaetosphaeriaceae;g__Chaetosphaeria	k__Fungi;p__Ascomycota;c__Sordariomycetes;o__Chaetosphaeriales;f__Chaetosphaeriaceae;g__Chloridium	k__Fungi;p__Ascomycota;c__Sordariomycetes;o__Coniochaetales;Other;Other	k__Fungi;p__Ascomycota;c__Sordariomycetes;o__Coniochaetales;f__Coniochaetaceae;g__Lecythophora	k__Fungi;p__Ascomycota;c__Sordariomycetes;o__Coniochaetales;f__unidentified;g__unidentified	k__Fungi;p__Ascomycota;c__Sordariomycetes;o__Diaporthales;f__Valsaceae;g__Phomopsis	k__Fungi;p__Ascomycota;c__Sordariomycetes;o__Hypocreales;Other;Other	k__Fungi;p__Ascomycota;c__Sordariomycetes;o__Hypocreales;f__Bionectriaceae;g__Bionectria	k__Fungi;p__Ascomycota;c__Sordariomycetes;o__Hypocreales;f__Bionectriaceae;g__Stephanonectria	k__Fungi;p__Ascomycota;c__Sordariomycetes;o__Hypocreales;f__Clavicipitaceae;Other	k__Fungi;p__Ascomycota;c__Sordariomycetes;o__Hypocreales;f__Clavicipitaceae;g__Metarhizium	k__Fungi;p__Ascomycota;c__Sordariomycetes;o__Hypocreales;f__Clavicipitaceae;g__Nomuraea	k__Fungi;p__Ascomycota;c__Sordariomycetes;o__Hypocreales;f__Clavicipitaceae;g__Pochonia	k__Fungi;p__Ascomycota;c__Sordariomycetes;o__Hypocreales;f__Hypocreaceae;Other	k__Fungi;p__Ascomycota;c__Sordariomycetes;o__Hypocreales;f__Hypocreaceae;g__Hypocrea	k__Fungi;p__Ascomycota;c__Sordariomycetes;o__Hypocreales;f__Hypocreaceae;g__Trichoderma	k__Fungi;p__Ascomycota;c__Sordariomycetes;o__Hypocreales;f__Incertae_sedis;g__Acremonium	k__Fungi;p__Ascomycota;c__Sordariomycetes;o__Hypocreales;f__Incertae_sedis;g__Myrothecium	k__Fungi;p__Ascomycota;c__Sordariomycetes;o__Hypocreales;f__Incertae_sedis;g__Stachybotrys	k__Fungi;p__Ascomycota;c__Sordariomycetes;o__Hypocreales;f__Incertae_sedis;g__Stilbella	k__Fungi;p__Ascomycota;c__Sordariomycetes;o__Hypocreales;f__Nectriaceae;Other	k__Fungi;p__Ascomycota;c__Sordariomycetes;o__Hypocreales;f__Nectriaceae;g__Fusarium	k__Fungi;p__Ascomycota;c__Sordariomycetes;o__Hypocreales;f__Nectriaceae;g__Neonectria	k__Fungi;p__Ascomycota;c__Sordariomycetes;o__Hypocreales;f__Nectriaceae;g__Volutella	k__Fungi;p__Ascomycota;c__Sordariomycetes;o__Hypocreales;f__unidentified;g__unidentified	k__Fungi;p__Ascomycota;c__Sordariomycetes;o__Incertae_sedis;f__Glomerellaceae;g__Glomerella	k__Fungi;p__Ascomycota;c__Sordariomycetes;o__Incertae_sedis;f__Incertae_sedis;g__Myrmecridium	k__Fungi;p__Ascomycota;c__Sordariomycetes;o__Incertae_sedis;f__Magnaporthaceae;g__Gaeumannomyces	k__Fungi;p__Ascomycota;c__Sordariomycetes;o__Incertae_sedis;f__Magnaporthaceae;g__Mycoleptodiscus	k__Fungi;p__Ascomycota;c__Sordariomycetes;o__Incertae_sedis;f__Plectosphaerellaceae;Other	k__Fungi;p__Ascomycota;c__Sordariomycetes;o__Incertae_sedis;f__Plectosphaerellaceae;g__Plectosphaerella	k__Fungi;p__Ascomycota;c__Sordariomycetes;o__Phyllachorales;f__Phyllachoraceae;g__Colletotrichum	k__Fungi;p__Ascomycota;c__Sordariomycetes;o__Sordariales;Other;Other	k__Fungi;p__Ascomycota;c__Sordariomycetes;o__Sordariales;f__Chaetomiaceae;Other	k__Fungi;p__Ascomycota;c__Sordariomycetes;o__Sordariales;f__Chaetomiaceae;g__Chaetomium	k__Fungi;p__Ascomycota;c__Sordariomycetes;o__Sordariales;f__Lasiosphaeriaceae;Other	k__Fungi;p__Ascomycota;c__Sordariomycetes;o__Sordariales;f__Lasiosphaeriaceae;g__Cercophora	k__Fungi;p__Ascomycota;c__Sordariomycetes;o__Sordariales;f__Lasiosphaeriaceae;g__Schizothecium	k__Fungi;p__Ascomycota;c__Sordariomycetes;o__Sordariales;f__Lasiosphaeriaceae;g__Zopfiella	k__Fungi;p__Ascomycota;c__Sordariomycetes;o__Sordariales;f__Lasiosphaeriaceae;g__unidentified	k__Fungi;p__Ascomycota;c__Sordariomycetes;o__Sordariales;f__unidentified;g__unidentified	k__Fungi;p__Ascomycota;c__Sordariomycetes;o__Xylariales;Other;Other	k__Fungi;p__Ascomycota;c__Sordariomycetes;o__unidentified;f__unidentified;g__unidentified	k__Fungi;p__Ascomycota;c__unidentified;o__unidentified;f__unidentified;g__unidentified	k__Fungi;p__Basidiomycota;Other;Other;Other;Other	k__Fungi;p__Basidiomycota;c__Agaricomycetes;o__Boletales;f__Coniophoraceae;g__Coniophora	k__Fungi;p__Basidiomycota;c__Agaricomycetes;o__Cantharellales;f__Ceratobasidiaceae;g__unidentified	k__Fungi;p__Basidiomycota;c__Agaricomycetes;o__Corticiales;f__Corticiaceae;g__Waitea	k__Fungi;p__Basidiomycota;c__Agaricomycetes;o__Geastrales;f__Geastraceae;g__Radiigera	k__Fungi;p__Basidiomycota;c__Agaricomycetes;o__Polyporales;f__unidentified;g__unidentified	k__Fungi;p__Basidiomycota;c__Agaricomycetes;o__Sebacinales;Other;Other	k__Fungi;p__Basidiomycota;c__Agaricomycetes;o__Sebacinales;f__Sebacinaceae;g__unidentified	k__Fungi;p__Basidiomycota;c__Agaricomycetes;o__Thelephorales;f__Thelephoraceae;g__Tomentellopsis	k__Fungi;p__Basidiomycota;c__Agaricomycetes;o__unidentified;f__unidentified;g__unidentified	k__Fungi;p__Basidiomycota;c__Cystobasidiomycetes;o__Cystobasidiales;f__Cystobasidiaceae;g__Occultifur	k__Fungi;p__Basidiomycota;c__Tremellomycetes;Other;Other;Other	k__Fungi;p__Basidiomycota;c__Tremellomycetes;o__Filobasidiales;Other;Other	k__Fungi;p__Basidiomycota;c__Tremellomycetes;o__Filobasidiales;f__Filobasidiaceae;g__Cryptococcus	k__Fungi;p__Basidiomycota;c__Tremellomycetes;o__Tremellales;f__Cuniculitremaceae;g__Cuniculitrema	k__Fungi;p__Basidiomycota;c__unidentified;o__unidentified;f__unidentified;g__unidentified	k__Fungi;p__Chytridiomycota;c__Chytridiomycetes;o__Rhizophydiales;f__Rhizophydiaceae;g__Rhizophydium	k__Fungi;p__Chytridiomycota;c__Chytridiomycetes;o__Rhizophydiales;f__unidentified;g__unidentified	k__Fungi;p__Chytridiomycota;c__unidentified;o__unidentified;f__unidentified;g__unidentified	k__Fungi;p__Glomeromycota;c__Glomeromycetes;o__Paraglomerales;Other;Other	k__Fungi;p__Zygomycota;c__unidentified;o__unidentified;f__unidentified;g__unidentified	k__Fungi;p__unidentified;c__unidentified;o__unidentified;f__unidentified;g__unidentified
M.T1.R1.S1	869.153225806452	1.90612612612613	6284.21052631579	0.152040816327	0.0418367346939	0.0142857142857	0.0632653061224	0	0	0	0	0.00102040816327	0	0	0	0	0	0	0	0.00714285714286	0	0.00102040816327	0.0030612244898	0.0316326530612	0.00816326530612	0.00102040816327	0	0.00102040816327	0	0	0	0	0	0.00816326530612	0	0	0.00102040816327	0	0.00102040816327	0	0	0.0112244897959	0	0.00816326530612	0.00714285714286	0.0265306122449	0.00204081632653	0.0214285714286	0	0.015306122449	0.00102040816327	0	0.00102040816327	0.00102040816327	0	0.00102040816327	0.0030612244898	0	0.0030612244898	0	0.00408163265306	0	0	0.0030612244898	0.00612244897959	0.00102040816327	0	0	0	0.00102040816327	0	0	0	0.0357142857143	0	0	0.00612244897959	0.00102040816327	0.00816326530612	0.00102040816327	0.015306122449	0.00102040816327	0.0030612244898	0	0	0	0.0265306122449	0.0112244897959	0	0	0	0	0	0	0	0.00408163265306	0	0.00408163265306	0	0.0224489795918	0	0	0.00408163265306	0	0	0	0	0	0.40306122449
M.T1.R1.S2	841.409274193548	1.60509009009009	6250.52631578947	0.127401415571	0.0434782608696	0.0283114256825	0.0121334681496	0	0	0	0.00404448938322	0.00404448938322	0	0	0	0.0010111223458	0	0.0010111223458	0	0.0131445904954	0	0.0010111223458	0.0010111223458	0.0647118301314	0.00808897876643	0.0010111223458	0	0.0010111223458	0	0	0	0	0	0.0202224469161	0.0010111223458	0	0	0	0.0010111223458	0	0	0.00707785642063	0	0.00303336703741	0.00606673407482	0.00707785642063	0	0.0252780586451	0	0.0303336703741	0.00707785642063	0	0	0	0	0	0.0010111223458	0	0.00606673407482	0.0010111223458	0	0	0	0.00505561172902	0.00303336703741	0.0111223458038	0	0	0	0	0	0	0	0.00910010111223	0	0	0.00707785642063	0.00303336703741	0.00303336703741	0	0.0242669362993	0.00707785642063	0.00303336703741	0	0	0	0.0131445904954	0.0111223458038	0	0	0	0	0	0	0	0	0	0	0	0.0111223458038	0	0	0	0	0	0	0	0	0.461071789687
M.T1.R1.S3	720.344758064516	1.42864864864865	6103.15789473684	0.101814516129	0.054435483871	0.0110887096774	0.0211693548387	0	0	0	0.0070564516129	0.0070564516129	0	0	0	0	0	0.00100806451613	0	0.0110887096774	0	0	0	0.0453629032258	0.0161290322581	0.00100806451613	0	0	0	0	0	0	0	0.0110887096774	0.00100806451613	0	0	0	0	0	0	0.00100806451613	0	0.00604838709677	0.0201612903226	0.0120967741935	0	0.0141129032258	0	0.0171370967742	0.00201612903226	0	0.00302419354839	0.00100806451613	0	0	0.00504032258065	0.00100806451613	0.00201612903226	0	0.00100806451613	0	0	0.00100806451613	0.00504032258065	0.00302419354839	0	0.00100806451613	0	0.00100806451613	0	0	0	0.00604838709677	0	0	0.00806451612903	0.00201612903226	0	0	0.0332661290323	0.00403225806452	0.00504032258065	0	0	0	0.0110887096774	0.0110887096774	0	0	0	0	0	0	0	0	0	0	0	0.0181451612903	0	0	0	0	0	0	0	0	0.515120967742
M.T1.R2.S1	828.798387096774	1.82355855855856	6280	0.181634712412	0.0383451059536	0.0151362260343	0.0232088799193	0	0.00403632694248	0	0.00201816347124	0	0	0	0	0.00302724520686	0	0.00100908173562	0	0.0050454086781	0	0.00201816347124	0.0050454086781	0.0252270433905	0.00302724520686	0.00403632694248	0	0.00100908173562	0	0	0	0	0	0.0110998990918	0	0	0	0	0	0	0	0.0171543895055	0	0.00706357214934	0.00201816347124	0.0131180625631	0	0.0100908173562	0	0.029263370333	0.00100908173562	0	0	0	0	0	0.00302724520686	0.00302724520686	0.00706357214934	0	0	0	0	0.00706357214934	0.00201816347124	0.0110998990918	0	0	0	0	0	0	0	0.0272452068618	0	0	0.00201816347124	0.00100908173562	0.00302724520686	0	0.0312815338042	0.00100908173562	0.00100908173562	0	0	0.00100908173562	0.0110998990918	0.0100908173562	0	0	0	0.00201816347124	0	0	0.00100908173562	0	0	0.00201816347124	0	0.0161453077699	0	0	0	0	0	0	0	0	0.452068617558
M.T1.R2.S2	904.46370967742	1.76761261261261	6275.78947368421	0.080971659919	0.0425101214575	0.0121457489879	0.0414979757085	0	0	0	0	0.00303643724696	0	0	0	0	0	0.00101214574899	0	0.00202429149798	0	0	0.00303643724696	0.0212550607287	0.00101214574899	0.00101214574899	0	0	0	0	0	0	0	0.00101214574899	0	0	0	0	0	0	0	0.00404858299595	0	0.00607287449393	0.00303643724696	0.0111336032389	0	0.0303643724696	0	0.0273279352227	0	0	0.00202429149798	0	0	0	0.00202429149798	0.00202429149798	0.00101214574899	0.00101214574899	0.00101214574899	0	0	0.00404858299595	0.00607287449393	0.0111336032389	0	0	0	0.00101214574899	0	0	0	0.0506072874494	0	0	0.0080971659919	0	0.00303643724696	0	0.0293522267206	0	0	0	0	0.00101214574899	0.0111336032389	0.00708502024291	0	0	0	0	0	0	0	0	0	0	0	0.0111336032389	0	0	0	0	0	0	0	0	0.554655870445
M.T1.R2.S3	773.310483870968	1.34855855855856	4368.42105263158	0.127401415571	0.0444893832154	0.0202224469161	0.00505561172902	0	0	0	0	0.0010111223458	0	0	0	0	0	0.00202224469161	0	0.00303336703741	0	0.00303336703741	0	0.0505561172902	0.00707785642063	0	0	0	0	0	0	0	0	0.00303336703741	0	0	0	0	0	0	0	0.0121334681496	0	0	0.0010111223458	0.00910010111223	0.0010111223458	0.0222446916077	0	0.00606673407482	0.00303336703741	0.0010111223458	0.00303336703741	0.0010111223458	0	0	0.0010111223458	0	0.0384226491405	0.00202224469161	0	0	0.0010111223458	0.00707785642063	0.00404448938322	0.00707785642063	0	0	0	0	0	0	0	0.00606673407482	0	0	0.00808897876643	0.00202224469161	0.0010111223458	0	0.0495449949444	0.00404448938322	0.00404448938322	0	0.0010111223458	0	0.0131445904954	0.00910010111223	0	0	0	0	0	0.0010111223458	0	0	0	0	0	0.0262891809909	0	0	0	0	0	0	0	0	0.487360970677
M.T1.R3.S1	793.487903225806	1.37504504504504	1240	0.0714285714286	0.0191146881288	0.010060362173	0.00704225352113	0	0	0	0	0.0010060362173	0	0	0	0.00201207243461	0	0	0	0.00301810865191	0	0	0	0.0362173038229	0.00301810865191	0	0	0	0	0	0	0	0	0.00503018108652	0.0010060362173	0	0	0	0	0	0	0.00201207243461	0	0.00704225352113	0.00201207243461	0.00704225352113	0	0.0171026156942	0	0.0191146881288	0.00201207243461	0	0.00301810865191	0	0	0	0.00201207243461	0.00201207243461	0	0.00201207243461	0	0	0	0.0130784708249	0.00301810865191	0.00603621730382	0	0.0010060362173	0	0.0010060362173	0	0	0	0	0	0	0.0010060362173	0.0010060362173	0.00201207243461	0	0.0684104627767	0	0	0	0	0	0.0150905432596	0.00201207243461	0	0	0	0	0	0	0	0	0	0	0	0.0261569416499	0.0010060362173	0	0	0	0	0	0	0	0.634808853119
M.T1.R3.S2	874.197580645161	1.5863963963964	6191.57894736842	0.12209889001	0.00807265388496	0.0232088799193	0.029263370333	0	0.00100908173562	0	0	0	0	0	0	0	0	0.00100908173562	0	0.00908173562059	0	0	0	0.0353178607467	0.00302724520686	0	0	0.00605449041372	0	0	0	0	0	0.0141271442987	0.00302724520686	0	0	0	0	0	0	0.0110998990918	0	0.00403632694248	0.00605449041372	0.0201816347124	0	0.0181634712412	0	0.0343087790111	0	0	0.00100908173562	0.00201816347124	0.00100908173562	0	0.00201816347124	0.0050454086781	0.00706357214934	0.00100908173562	0	0	0	0.00201816347124	0	0.0131180625631	0	0	0	0	0	0	0	0.0413723511604	0.00100908173562	0	0.00605449041372	0.00201816347124	0.00605449041372	0	0.037336024218	0.00201816347124	0.00908173562059	0	0	0	0.0131180625631	0.0121089808274	0	0	0	0	0	0	0	0.00100908173562	0	0.00302724520686	0	0.0141271442987	0.00100908173562	0	0.00100908173562	0	0	0	0	0	0.466195761857
M.T1.R3.S3	900.932661290323	1.1290990990991	5745.26315789474	0.134994807892	0.0394600207684	0.0238836967809	0.0249221183801	0	0	0	0	0.00830737279335	0	0	0	0	0.00207684319834	0.00207684319834	0	0.00207684319834	0	0	0.00103842159917	0.0207684319834	0.0114226375909	0.00207684319834	0	0	0	0	0	0	0	0.0197300103842	0.00103842159917	0	0	0	0	0	0	0	0	0.0114226375909	0.0166147455867	0.0197300103842	0	0.0269989615784	0	0.0176531671859	0.00519210799585	0	0.00311526479751	0	0	0	0.00103842159917	0	0.00207684319834	0.00207684319834	0	0	0	0.00311526479751	0.00623052959502	0.00726895119418	0	0	0	0.00103842159917	0	0	0	0.00415368639668	0	0	0.00311526479751	0.00415368639668	0.00519210799585	0	0.0218068535826	0.00415368639668	0	0	0	0	0.0238836967809	0.00934579439252	0	0	0	0	0	0	0	0	0	0	0	0.0280373831776	0.00103842159917	0	0	0	0	0	0	0	0.477673935618
M.T1.R4.S1	778.354838709677	1.4686036036036	6970.52631578947	0.086032388664	0.0141700404858	0.0202429149798	0.0384615384615	0	0	0	0.00101214574899	0.00101214574899	0	0	0	0	0	0	0	0.00506072874494	0	0	0	0.0232793522267	0.00607287449393	0.00101214574899	0	0	0	0	0	0	0	0.0111336032389	0.00101214574899	0	0	0	0	0	0	0.00910931174089	0	0.00910931174089	0.00101214574899	0.0101214574899	0	0.00404858299595	0	0.0495951417004	0.0242914979757	0	0.00202429149798	0.00101214574899	0	0	0.00202429149798	0.00101214574899	0	0.00101214574899	0	0	0.00101214574899	0.0080971659919	0.00708502024291	0.00404858299595	0	0	0	0	0	0	0	0.00506072874494	0	0	0	0.0101214574899	0.00910931174089	0	0.0303643724696	0.00303643724696	0.00101214574899	0	0	0	0.0202429149798	0.0101214574899	0	0	0	0	0	0	0	0	0	0	0	0.0121457489879	0	0	0.00303643724696	0	0	0	0	0	0.552631578947
M.T1.R4.S2	785.921370967742	1.49554054054054	6621.05263157895	0.0683417085427	0.0241206030151	0.0221105527638	0.0211055276382	0	0	0	0	0.00201005025126	0	0	0	0	0	0	0	0.00603015075377	0	0.0120603015075	0.00100502512563	0.0462311557789	0.00804020100503	0.00301507537688	0	0	0	0	0	0	0	0.00201005025126	0.00201005025126	0	0	0	0	0	0	0.0180904522613	0.00100502512563	0.00603015075377	0.00402010050251	0.0160804020101	0	0.00804020100503	0	0.0201005025126	0.00603015075377	0	0.00201005025126	0.00100502512563	0	0	0.00201005025126	0.00201005025126	0.00402010050251	0.00301507537688	0.00100502512563	0	0.00100502512563	0.00603015075377	0.00301507537688	0.00100502512563	0	0.00100502512563	0.00100502512563	0	0	0	0	0.00804020100503	0	0	0.00201005025126	0	0.0160804020101	0	0.0221105527638	0.00301507537688	0.00100502512563	0	0	0	0.0100502512563	0.00502512562814	0	0	0	0	0	0	0	0	0	0.00100502512563	0	0.0110552763819	0	0	0.00201005025126	0	0	0	0	0	0.592964824121
M.T1.R4.S3	715.300403225806	1.18752252252252	7770.52631578947	0.173212487412	0.0171198388721	0.00906344410876	0.0352467270896	0	0	0	0.00100704934542	0.00201409869084	0	0	0	0	0	0.00100704934542	0	0.00100704934542	0	0.00100704934542	0.00100704934542	0.0443101711984	0.00906344410876	0.00201409869084	0	0.00906344410876	0	0	0	0	0	0.00100704934542	0.00100704934542	0	0	0	0	0	0.00100704934542	0.012084592145	0	0.0130916414904	0.00201409869084	0.0140986908359	0	0.00906344410876	0.00201409869084	0.0151057401813	0.00604229607251	0.00100704934542	0.00100704934542	0.00100704934542	0	0	0.00100704934542	0.00201409869084	0	0.00201409869084	0.00201409869084	0	0.00906344410876	0.00604229607251	0.00302114803625	0.00302114803625	0	0	0	0.00201409869084	0	0	0	0.0130916414904	0.00100704934542	0.00100704934542	0.00201409869084	0.00100704934542	0.00604229607251	0	0.0292044310171	0.00100704934542	0.00100704934542	0	0	0	0.0100704934542	0.00805639476334	0	0.00100704934542	0	0	0	0	0	0	0	0	0	0.012084592145	0	0	0	0	0	0	0	0	0.497482376636
M.T2.R1.S1	604.324596774193	1.148042	5930.52631578947	0.0915637860082	0.0360082304527	0.0277777777778	0.0277777777778	0	0	0	0	0.00514403292181	0	0	0	0.00205761316872	0	0.00102880658436	0	0	0	0.00720164609053	0.0082304526749	0.0751028806584	0.0144032921811	0	0	0.00102880658436	0	0	0	0	0.00205761316872	0.00308641975309	0.00102880658436	0	0	0	0	0	0	0.00925925925926	0	0.00102880658436	0.00617283950617	0.011316872428	0	0.0133744855967	0	0.0205761316872	0.0082304526749	0	0.00102880658436	0	0	0	0	0	0.00308641975309	0.00102880658436	0	0	0	0.0236625514403	0.00308641975309	0.00617283950617	0.00102880658436	0.00102880658436	0	0	0	0	0	0.00925925925926	0	0.00102880658436	0.00617283950617	0.00308641975309	0	0	0.0298353909465	0.00102880658436	0.00617283950617	0	0	0	0.0288065843621	0.00720164609053	0	0	0	0	0	0	0	0	0	0.00102880658436	0	0.00308641975309	0	0	0.00205761316872	0	0	0	0	0	0.487654320988
M.T2.R1.S2	647.201612903226	0.889145	4781.05263157895	0.127638190955	0.0301507537688	0.0150753768844	0.0150753768844	0	0	0	0	0.00301507537688	0	0	0	0	0	0	0	0	0	0.00100502512563	0.00201005025126	0.0211055276382	0.00603015075377	0	0	0.00100502512563	0	0	0	0	0	0.0130653266332	0.00100502512563	0	0	0	0	0	0	0.0301507537688	0	0.00603015075377	0	0.00201005025126	0.00100502512563	0.0190954773869	0	0.00904522613065	0.0070351758794	0	0.00201005025126	0.00100502512563	0	0	0	0	0.00100502512563	0.00402010050251	0.00201005025126	0	0	0.0120603015075	0.00100502512563	0.00402010050251	0	0	0	0	0	0	0	0.0241206030151	0	0	0.0070351758794	0.00301507537688	0	0.00100502512563	0.0190954773869	0	0.00100502512563	0	0	0	0.0120603015075	0.00201005025126	0	0	0	0	0	0	0	0	0	0	0	0.00301507537688	0	0	0	0	0	0	0	0	0.589949748744
M.T2.R1.S3	927.163306451613	1.106239	5206.31578947368	0.147773279352	0.0303643724696	0.0445344129555	0.00708502024291	0.00101214574899	0	0	0.00101214574899	0.00506072874494	0	0	0	0	0	0.00101214574899	0	0	0	0.00101214574899	0	0.0364372469636	0.0192307692308	0.00202429149798	0	0.00101214574899	0	0	0	0	0	0.00303643724696	0.00303643724696	0	0	0	0	0	0	0.0121457489879	0	0.00404858299595	0.00404858299595	0.0101214574899	0	0.0232793522267	0	0.0080971659919	0.00708502024291	0	0.00708502024291	0.00303643724696	0	0	0.00202429149798	0	0.00506072874494	0.00101214574899	0	0.00101214574899	0	0.0222672064777	0.00708502024291	0.00910931174089	0	0	0	0	0	0	0	0.00404858299595	0	0	0.0111336032389	0	0.00101214574899	0	0.0283400809717	0.00303643724696	0.00607287449393	0	0	0	0.00910931174089	0.00910931174089	0	0	0	0	0	0	0	0	0	0	0	0.0111336032389	0	0	0.00101214574899	0	0	0	0	0	0.485829959514
M.T2.R2.S1	712.778225806451	1.489359	5012.63157894737	0.127272727273	0.0333333333333	0.00707070707071	0.030303030303	0	0	0	0.0010101010101	0.0010101010101	0	0	0	0	0	0.0010101010101	0	0.0030303030303	0	0.0191919191919	0	0.0212121212121	0.00606060606061	0	0.0010101010101	0	0	0	0	0	0	0	0.0030303030303	0	0	0	0	0	0	0.00808080808081	0	0.0020202020202	0.00505050505051	0.0181818181818	0	0.00606060606061	0	0.0838383838384	0.00606060606061	0	0.0030303030303	0.0010101010101	0	0	0.0020202020202	0	0	0.0020202020202	0.0010101010101	0	0	0.0212121212121	0.0040404040404	0.00707070707071	0	0	0	0.0030303030303	0	0	0	0.0040404040404	0	0	0.0141414141414	0.0010101010101	0.0020202020202	0	0.0373737373737	0	0.0030303030303	0	0	0	0.0232323232323	0.00505050505051	0	0	0	0	0	0	0	0	0	0	0	0.0171717171717	0	0	0	0	0	0	0	0	0.464646464646
M.T2.R2.S2	755.655241935484	1.217625	5101.05263157895	0.140546006067	0.0374115267947	0.0313447927199	0.0131445904954	0.00202224469161	0	0	0	0.0010111223458	0	0.0010111223458	0	0	0	0.0010111223458	0	0.00808897876643	0	0.00910010111223	0.00404448938322	0.0333670374115	0.00202224469161	0.00202224469161	0	0	0	0	0	0	0	0.00303336703741	0	0	0	0	0	0	0	0.0141557128413	0	0.00910010111223	0.0010111223458	0.00202224469161	0	0.0111223458038	0	0.0182002022245	0.00202224469161	0	0	0.00202224469161	0	0	0.00505561172902	0	0.0151668351871	0.00303336703741	0	0	0	0.0171890798787	0.00202224469161	0.0404448938322	0	0	0	0.00202224469161	0	0	0	0.00910010111223	0	0	0.00808897876643	0	0.00303336703741	0	0.0303336703741	0.00707785642063	0.00202224469161	0	0	0	0.0374115267947	0.00303336703741	0	0	0	0	0	0	0	0	0	0	0	0.0111223458038	0	0	0.0010111223458	0	0	0	0	0	0.453993933266
M.T2.R2.S3	909.508064516129	1.485726	4696.84210526316	0.128282828283	0.0222222222222	0.0272727272727	0.0343434343434	0.0020202020202	0	0	0.0010101010101	0.0030303030303	0	0	0	0	0	0	0	0.00808080808081	0	0.0010101010101	0.0010101010101	0.0292929292929	0.0020202020202	0.0010101010101	0	0.0010101010101	0	0	0	0	0	0	0	0	0	0	0	0	0	0.00505050505051	0	0.0040404040404	0.0020202020202	0.010101010101	0	0.00909090909091	0	0.0161616161616	0.00808080808081	0	0.0020202020202	0.0010101010101	0	0	0	0.0020202020202	0.00808080808081	0.0010101010101	0	0	0	0.0141414141414	0.00909090909091	0.00707070707071	0	0.0010101010101	0	0.0010101010101	0	0.0010101010101	0	0.0040404040404	0	0	0.0040404040404	0.0010101010101	0.0030303030303	0	0.0323232323232	0.0040404040404	0.00707070707071	0	0	0	0.0212121212121	0.00808080808081	0	0	0	0	0	0	0	0	0	0.0010101010101	0	0.0111111111111	0	0	0.0020202020202	0	0	0	0	0	0.537373737374
M.T2.R3.S1	654.76814516129	1.278875	4309.47368421053	0.143579373104	0.0333670374115	0.0171890798787	0.0141557128413	0	0	0	0	0.0010111223458	0.0010111223458	0	0	0	0	0	0	0.00202224469161	0	0.0535894843276	0	0.0404448938322	0.00202224469161	0.0010111223458	0	0.00404448938322	0	0	0	0	0	0	0.0010111223458	0	0	0	0	0	0	0.00505561172902	0	0.00202224469161	0.00202224469161	0.0232558139535	0.0010111223458	0.0161779575329	0	0.0171890798787	0.00505561172902	0	0.00505561172902	0	0	0	0.0010111223458	0	0.0151668351871	0.0010111223458	0.0010111223458	0.0010111223458	0	0.0182002022245	0.00707785642063	0.010111223458	0	0	0	0	0	0	0	0.00707785642063	0.0010111223458	0	0.00505561172902	0.00202224469161	0.00808897876643	0	0.0273003033367	0	0.0151668351871	0	0	0	0.0293225480283	0.00505561172902	0	0	0.00910010111223	0	0	0	0	0	0	0	0	0.00808897876643	0	0	0	0	0	0	0	0	0.436804853387
M.T2.R3.S2	779.86814516129	1.518458	5623.15789473684	0.15415821501	0.0243407707911	0.0182555780933	0.0598377281947	0	0	0	0	0	0	0	0	0	0	0	0	0.00202839756592	0	0.00912778904665	0.00202839756592	0.0111561866126	0.00405679513185	0	0	0	0	0	0	0	0	0.0212981744422	0.00101419878296	0	0	0	0	0	0	0.0162271805274	0	0.00608519269777	0.00912778904665	0.00912778904665	0	0.00608519269777	0	0.0131845841785	0.00405679513185	0	0	0.00608519269777	0	0	0.0121703853955	0.00405679513185	0.0131845841785	0.00202839756592	0	0	0.00101419878296	0.00811359026369	0.0111561866126	0.00507099391481	0	0.00304259634888	0	0	0	0	0	0.00912778904665	0	0	0.00101419878296	0	0.0111561866126	0	0.0121703853955	0.00811359026369	0.00709939148073	0	0	0	0.0101419878296	0.00507099391481	0	0	0	0	0	0	0.00101419878296	0	0	0.00202839756592	0	0.0101419878296	0	0	0	0	0	0	0	0	0.485801217039
M.T2.R3.S3	739.513306451613	1.230333	6216.84210526316	0.188959660297	0.036093418259	0.0127388535032	0.0382165605096	0	0	0	0	0	0	0	0	0	0	0	0	0.00212314225053	0	0.0127388535032	0.00212314225053	0.0403397027601	0.00424628450106	0	0	0	0	0	0	0	0	0.00424628450106	0.00636942675159	0	0	0	0	0	0	0.0127388535032	0	0.00424628450106	0.00424628450106	0.0148619957537	0	0.0148619957537	0	0.0169851380042	0.00849256900212	0	0.00212314225053	0.00636942675159	0	0	0.00424628450106	0	0.0148619957537	0	0	0	0	0.00636942675159	0.00424628450106	0.00212314225053	0	0.00212314225053	0	0.00212314225053	0	0	0	0.00636942675159	0	0	0.00636942675159	0.00424628450106	0.00849256900212	0	0.0127388535032	0.00212314225053	0	0	0	0	0.0212314225053	0.00636942675159	0	0	0	0	0	0	0	0	0	0.00212314225053	0	0.0169851380042	0	0	0.00849256900212	0	0	0	0	0	0.435244161359
M.T2.R4.S1	667.379032258064	1.204708	6646.31578947368	0.0645812310797	0.0151362260343	0.00605449041372	0.0676084762866	0	0	0	0	0	0	0	0	0	0	0.00100908173562	0	0.00201816347124	0	0	0.00201816347124	0.0696266397578	0	0	0	0	0	0	0	0	0	0.00100908173562	0	0	0.00100908173562	0	0	0	0	0.0050454086781	0	0.00403632694248	0.00403632694248	0.0383451059536	0	0.00201816347124	0	0.0262361251261	0.0110998990918	0	0.00100908173562	0.00302724520686	0	0	0.00201816347124	0.00302724520686	0	0.00201816347124	0	0	0	0.00100908173562	0.00100908173562	0.00302724520686	0	0	0	0.00403632694248	0	0	0	0	0	0	0.00100908173562	0.00100908173562	0.00403632694248	0	0.0242179616549	0	0.00100908173562	0	0	0	0.0312815338042	0	0	0	0	0	0	0	0	0	0	0	0	0.00605449041372	0	0	0.00100908173562	0	0	0	0	0	0.589303733602
M.T2.R4.S2	707.733870967742	1.259708	6322.1052631579	0.0915564598169	0.029501525941	0.0172939979654	0.0671414038657	0	0	0	0	0.00101729399797	0	0	0	0.00101729399797	0	0	0	0.00203458799593	0	0.0172939979654	0.00101729399797	0.0325534079349	0.00712105798576	0	0	0	0	0	0	0	0	0.00101729399797	0	0	0.00203458799593	0	0	0	0	0.00101729399797	0	0.00406917599186	0.00508646998983	0.0254323499491	0	0.0193285859613	0	0.0142421159715	0.00915564598169	0	0	0.00610376398779	0	0	0.00101729399797	0	0.0030518819939	0.00101729399797	0	0	0	0.00610376398779	0.00610376398779	0.00203458799593	0	0	0	0.00203458799593	0	0	0	0.00101729399797	0	0	0.0030518819939	0.00101729399797	0.00203458799593	0	0.0447609359105	0.00203458799593	0.00610376398779	0	0	0	0.0366225839268	0.00101729399797	0	0	0	0	0	0	0	0	0	0.00203458799593	0	0.0142421159715	0	0	0.00406917599186	0	0	0	0	0	0.505595116989
M.T2.R4.S3	722.866935483871	1.075125	5265.26315789474	0.0934959349593	0.0813008130081	0.020325203252	0.0020325203252	0.0010162601626	0	0	0.0020325203252	0.010162601626	0	0	0	0	0	0	0	0.0010162601626	0	0.0010162601626	0.0020325203252	0.0243902439024	0.00406504065041	0	0	0.00508130081301	0	0	0	0	0	0.0030487804878	0.0020325203252	0	0.0010162601626	0	0	0	0.0010162601626	0.0111788617886	0	0.00508130081301	0.0020325203252	0.0223577235772	0.0010162601626	0.00914634146341	0	0.00914634146341	0.0111788617886	0	0.00508130081301	0.00406504065041	0	0	0.0030487804878	0	0.0030487804878	0	0	0	0	0.0142276422764	0.0010162601626	0.0010162601626	0	0	0	0	0	0	0	0.00711382113821	0	0	0.0457317073171	0.00406504065041	0	0	0.0436991869919	0.0010162601626	0.0010162601626	0	0	0.0010162601626	0.0132113821138	0.0010162601626	0	0	0	0	0	0	0	0	0	0	0	0.015243902439	0	0	0	0	0	0	0	0	0.509146341463
M.T3.R1.S1	579.94522983871	1.915044	6360	0.186544342508	0.0733944954128	0.00407747196738	0.013251783894	0	0	0	0	0.00101936799185	0	0	0	0	0	0.00101936799185	0	0.00203873598369	0	0.0101936799185	0.00611620795107	0.0366972477064	0.00203873598369	0	0	0	0	0	0	0	0.00407747196738	0.00203873598369	0	0	0	0	0	0	0	0.0387359836901	0	0	0.00305810397554	0.0173292558614	0	0.0224260958206	0	0.0112130479103	0.00407747196738	0	0	0	0	0	0.00305810397554	0	0.00815494393476	0	0.0122324159021	0	0	0.013251783894	0.00815494393476	0.00305810397554	0	0	0	0.00509683995923	0	0	0.00101936799185	0.0101936799185	0.00203873598369	0	0	0	0.00917431192661	0	0.0183486238532	0	0.00815494393476	0	0.00101936799185	0.00101936799185	0.00917431192661	0.00509683995923	0	0	0	0	0	0	0	0	0	0.00305810397554	0	0.00713557594292	0.00101936799185	0	0.00305810397554	0	0	0	0	0	0.428134556575
M.T3.R1.S2	440.383064516129	1.679079	5458.94736842105	0.135490394338	0.0252780586451	0.0192113245703	0.0262891809909	0	0	0	0	0.0010111223458	0	0	0	0	0	0	0	0.0010111223458	0	0.0242669362993	0.00303336703741	0.0212335692619	0.00910010111223	0.0010111223458	0	0.00303336703741	0	0	0	0	0	0.0010111223458	0.0010111223458	0	0	0	0.0424671385238	0	0	0.0455005055612	0	0.0010111223458	0.00606673407482	0.00808897876643	0	0.0111223458038	0	0.0111223458038	0.00505561172902	0.00202224469161	0.0010111223458	0.0010111223458	0	0	0.00303336703741	0	0.00808897876643	0	0.00404448938322	0	0	0.0323559150657	0.00303336703741	0.0010111223458	0	0	0	0.0141557128413	0	0	0	0.0242669362993	0.00505561172902	0	0.00606673407482	0	0.0010111223458	0	0.0364004044489	0.0010111223458	0.00303336703741	0	0	0.0010111223458	0.0262891809909	0.00404448938322	0	0	0	0	0	0	0	0	0	0.0010111223458	0	0.0171890798787	0	0	0	0	0	0	0	0	0.401415571284
M.T3.R1.S3	482.417673387097	1.760658	5488.42105263158	0.104356636272	0.0303951367781	0.0141843971631	0.016210739615	0	0.00303951367781	0	0	0.00202634245187	0	0	0	0	0	0	0	0	0	0.0739614994934	0.00101317122594	0.00506585612969	0.00303951367781	0.00101317122594	0	0.00202634245187	0	0	0	0	0	0	0.00101317122594	0	0	0	0	0	0	0.0131712259372	0	0.00607902735562	0.00405268490375	0.0101317122594	0	0.00303951367781	0	0.00303951367781	0.00709219858156	0	0.00303951367781	0	0	0	0.00506585612969	0	0.00405268490375	0	0	0	0	0.0233029381966	0.00607902735562	0.00202634245187	0	0	0	0.00607902735562	0	0	0	0.00607902735562	0.00202634245187	0	0.00202634245187	0	0	0	0.0658561296859	0.00202634245187	0.00607902735562	0	0	0.00101317122594	0.00911854103343	0.00405268490375	0	0	0	0	0	0	0	0	0	0	0	0.0081053698075	0	0	0.00101317122594	0	0	0	0	0	0.539007092199
M.T3.R2.S1	687.556451612903	2.017018	6018.94736842105	0.109756097561	0.0802845528455	0.140243902439	0.00813008130081	0	0	0	0	0.00406504065041	0	0	0	0	0	0	0	0.0020325203252	0	0.0030487804878	0	0.015243902439	0.0020325203252	0.0010162601626	0	0	0	0	0	0	0	0.0111788617886	0.0010162601626	0	0	0	0	0	0	0.0386178861789	0	0.00508130081301	0.0030487804878	0.00813008130081	0	0.00914634146341	0	0.0386178861789	0.00508130081301	0	0	0.0010162601626	0	0.0010162601626	0.0030487804878	0.0020325203252	0.00711382113821	0	0	0	0	0.0111788617886	0.00508130081301	0.00813008130081	0	0	0	0.00609756097561	0	0	0	0.0132113821138	0	0	0.0010162601626	0	0.00406504065041	0	0.0457317073171	0.0010162601626	0.00609756097561	0	0	0	0.0132113821138	0.010162601626	0	0	0	0	0	0	0	0	0	0	0	0.00508130081301	0	0	0.0010162601626	0.0020325203252	0	0	0	0	0.366869918699
M.T3.R2.S2	664.014447580645	1.814167	5193.68421052632	0.170731707317	0.0508130081301	0.0243902439024	0.0020325203252	0	0	0	0	0.010162601626	0	0	0	0	0	0	0	0.0010162601626	0	0.00508130081301	0.0020325203252	0.0335365853659	0.00508130081301	0.0030487804878	0	0.0010162601626	0	0	0	0	0.0010162601626	0.00609756097561	0.00813008130081	0	0	0	0.0010162601626	0	0	0.0315040650407	0	0.0030487804878	0.00406504065041	0.00406504065041	0	0.00406504065041	0	0.0325203252033	0.00508130081301	0	0	0.0010162601626	0	0	0.00406504065041	0	0.00711382113821	0.00508130081301	0	0.0020325203252	0	0.0274390243902	0.00508130081301	0.00914634146341	0	0.0010162601626	0	0.00406504065041	0	0	0	0.0172764227642	0.00406504065041	0	0.0010162601626	0	0.0010162601626	0	0.0233739837398	0.0010162601626	0	0	0	0.0010162601626	0.0162601626016	0.00813008130081	0	0	0	0.0010162601626	0	0	0	0	0	0	0	0.00406504065041	0	0	0.0020325203252	0	0	0	0	0	0.444105691057
M.T3.R2.S3	553.038641129032	1.872061	3837.8947368421	0.131578947368	0.0455465587045	0.0293522267206	0.00708502024291	0	0	0	0	0.00404858299595	0	0	0	0	0	0	0	0.00101214574899	0	0.00202429149798	0	0.0222672064777	0.00404858299595	0.00101214574899	0	0	0	0	0	0	0	0.00202429149798	0	0	0	0	0	0	0	0.0435222672065	0	0.00708502024291	0.00506072874494	0.00506072874494	0	0.0101214574899	0	0.0273279352227	0.00910931174089	0.00101214574899	0	0.00303643724696	0	0	0.00708502024291	0	0.00202429149798	0.00101214574899	0.00404858299595	0.00101214574899	0	0.0232793522267	0.0222672064777	0.00506072874494	0	0	0	0.00404858299595	0	0	0	0.0101214574899	0.00404858299595	0	0.00506072874494	0.00101214574899	0.00202429149798	0	0.0414979757085	0.00303643724696	0.0101214574899	0	0	0.00101214574899	0.0172064777328	0.0101214574899	0	0	0	0.00101214574899	0	0	0	0	0	0	0	0.0080971659919	0	0	0	0	0	0	0	0	0.454453441296
M.T3.R3.S1	518.570564516129	1.304518	2802.10526315789	0.114052953157	0.040733197556	0.0132382892057	0.0061099796334	0	0	0	0.0193482688391	0.0030549898167	0	0	0	0	0	0	0	0.0030549898167	0	0.0010183299389	0.0030549898167	0.0356415478615	0.0152749490835	0.0010183299389	0	0.0010183299389	0	0	0	0	0	0.0071283095723	0.0010183299389	0	0	0	0	0	0	0.010183299389	0	0.0050916496945	0.0061099796334	0.0091649694501	0	0.0061099796334	0	0.030549898167	0.0224032586558	0	0.0030549898167	0.0030549898167	0	0	0.0040733197556	0	0.0112016293279	0.0010183299389	0	0.0020366598778	0	0.020366598778	0.0081466395112	0.0071283095723	0	0	0	0.0020366598778	0	0	0	0.0071283095723	0.0030549898167	0	0.0020366598778	0.0040733197556	0.0010183299389	0	0.0437881873727	0.0030549898167	0	0	0	0	0.0173116089613	0.0040733197556	0	0	0	0	0	0	0	0	0	0	0	0.0173116089613	0	0	0.0030549898167	0	0	0	0	0	0.477596741344
M.T3.R3.S2	674.103157258064	1.422281	6052.63157894737	0.133130081301	0.0599593495935	0.0132113821138	0.0142276422764	0	0	0	0	0.0020325203252	0	0	0	0	0	0	0	0.0030487804878	0	0.0020325203252	0.0010162601626	0.0497967479675	0.0010162601626	0.0020325203252	0	0.0020325203252	0	0	0	0	0	0.0030487804878	0.0020325203252	0	0.0010162601626	0	0	0	0	0.0213414634146	0	0.0020325203252	0.00711382113821	0.00711382113821	0	0.00609756097561	0	0.0335365853659	0.0020325203252	0	0.00406504065041	0.0030487804878	0	0	0.00406504065041	0	0.00508130081301	0	0.0010162601626	0.0020325203252	0	0.0243902439024	0.00609756097561	0.0111788617886	0	0	0.00813008130081	0.00914634146341	0	0	0	0.0274390243902	0.0020325203252	0	0.0020325203252	0.0010162601626	0.0030487804878	0	0.0243902439024	0.0020325203252	0.0020325203252	0	0	0.0010162601626	0.0111788617886	0.00508130081301	0	0	0	0	0	0	0	0	0	0	0	0.0111788617886	0	0	0	0	0	0	0	0	0.460365853659
M.T3.R3.S3	721.187165322581	1.829956	6326.31578947368	0.162601626016	0.0518292682927	0.0162601626016	0.0335365853659	0	0	0	0	0.00508130081301	0	0	0	0	0	0	0	0.0020325203252	0	0	0	0.0243902439024	0.00813008130081	0.0010162601626	0	0.0111788617886	0	0	0	0	0	0.0030487804878	0.0030487804878	0	0	0	0	0	0	0.0233739837398	0	0.00609756097561	0.0030487804878	0.0193089430894	0.0010162601626	0.0121951219512	0	0.0335365853659	0.00711382113821	0	0.0020325203252	0.0010162601626	0	0	0.0020325203252	0	0.0213414634146	0.0010162601626	0	0.0010162601626	0	0.0233739837398	0.00508130081301	0.0020325203252	0	0.0010162601626	0	0.0030487804878	0	0	0	0.0010162601626	0.00508130081301	0	0.0010162601626	0	0.00406504065041	0.0010162601626	0.0376016260163	0.0010162601626	0.0020325203252	0	0	0	0.0294715447154	0.00406504065041	0	0	0	0	0	0	0	0	0	0	0	0.0111788617886	0	0	0.0010162601626	0	0	0	0	0	0.410569105691
M.T3.R4.S1	764.901544354839	1.519211	5867.36842105263	0.205521472393	0.038854805726	0.0153374233129	0.0378323108384	0	0	0	0	0	0	0	0	0	0	0.00102249488753	0	0.00306748466258	0	0	0.00102249488753	0.0184049079755	0.00204498977505	0	0	0.00306748466258	0	0	0	0	0	0.00715746421268	0.00204498977505	0	0	0	0	0	0	0.0184049079755	0	0.00306748466258	0.00102249488753	0.0132924335378	0.00102249488753	0.0163599182004	0	0.0143149284254	0.0040899795501	0	0.00613496932515	0.00204498977505	0	0	0.00613496932515	0.00204498977505	0.00306748466258	0	0.00102249488753	0.00102249488753	0	0.0102249488753	0.00511247443763	0.00204498977505	0	0	0	0.00204498977505	0	0	0	0.00920245398773	0	0	0.00102249488753	0.00204498977505	0.00102249488753	0	0.0184049079755	0.00102249488753	0.0378323108384	0	0	0	0.0204498977505	0.0102249488753	0	0	0	0	0	0.00613496932515	0	0	0	0.00102249488753	0	0.0163599182004	0	0	0.0040899795501	0	0	0	0	0	0.423312883436
M.T3.R4.S2	638.792673387097	1.567895	5261.05263157895	0.121580547112	0.0516717325228	0.0192502532928	0.0101317122594	0	0.00709219858156	0	0	0	0	0	0	0	0	0.00101317122594	0	0.00101317122594	0	0.00911854103343	0	0.00709219858156	0.00202634245187	0	0	0.00101317122594	0	0	0	0	0	0.0111448834853	0.00303951367781	0	0	0	0	0	0	0.0131712259372	0	0.0081053698075	0.00405268490375	0.0121580547112	0	0.00607902735562	0	0.0222897669706	0.00506585612969	0	0.00202634245187	0	0	0	0	0.00202634245187	0.00405268490375	0.00101317122594	0	0.00101317122594	0	0.0172239108409	0.00709219858156	0.00506585612969	0	0	0.0202634245187	0.00405268490375	0	0	0	0.00607902735562	0.00303951367781	0	0.00709219858156	0.00101317122594	0.00101317122594	0.00202634245187	0.0385005065856	0.00101317122594	0.00911854103343	0	0	0	0.0182370820669	0.00405268490375	0	0	0	0	0	0	0	0	0	0	0	0.00506585612969	0	0	0.00202634245187	0	0.00202634245187	0	0	0	0.519756838906
M.T3.R4.S3	542.949931451613	2.036096	6772.63157894737	0.137195121951	0.0569105691057	0.0274390243902	0.00508130081301	0	0	0	0	0.00406504065041	0	0.0010162601626	0	0	0	0	0	0.0020325203252	0	0	0.00406504065041	0.0172764227642	0.00508130081301	0	0	0.00406504065041	0	0	0	0	0.0010162601626	0.0020325203252	0.0020325203252	0	0	0	0.00813008130081	0.0010162601626	0	0.0233739837398	0	0.0020325203252	0.0020325203252	0.0030487804878	0	0.0010162601626	0	0.020325203252	0.00508130081301	0	0.0020325203252	0.00508130081301	0	0	0.00813008130081	0.0010162601626	0.0111788617886	0.0020325203252	0.0010162601626	0.0030487804878	0.0010162601626	0.0142276422764	0.00406504065041	0.00609756097561	0	0	0	0.0020325203252	0	0	0	0.010162601626	0	0	0.0020325203252	0	0.00711382113821	0.0030487804878	0.0426829268293	0.0010162601626	0.00813008130081	0	0	0.0010162601626	0.0182926829268	0.00813008130081	0	0	0	0	0	0	0	0	0	0	0	0.0030487804878	0	0	0	0	0	0	0	0	0.498983739837
M.T4.R1.S1	606.846774193548	1.71807	6183.15789473684	0.195718654434	0.0540265035678	0.0193679918451	0.0448521916412	0.00407747196738	0.00203873598369	0	0	0.00101936799185	0	0	0	0	0	0	0	0.00101936799185	0	0.0744138634047	0.00101936799185	0.0764525993884	0.0173292558614	0	0	0	0	0	0	0	0	0	0	0	0	0	0	0	0	0.00407747196738	0	0.00101936799185	0.00305810397554	0.00815494393476	0.00203873598369	0.00611620795107	0	0.00815494393476	0.0193679918451	0	0.00101936799185	0.00101936799185	0	0	0.00101936799185	0.00101936799185	0.00203873598369	0	0	0	0	0.0316004077472	0.0214067278287	0	0	0	0.00203873598369	0	0	0	0	0.00101936799185	0	0	0.00101936799185	0.00203873598369	0.00101936799185	0.00101936799185	0.013251783894	0	0	0	0	0	0.00305810397554	0.013251783894	0	0	0	0	0	0	0	0	0	0	0	0.0214067278287	0	0	0	0	0	0	0	0	0.338430173293
M.T4.R1.S2	632.068548387097	1.707982	5442.1052631579	0.163599182004	0.0276073619632	0.0204498977505	0.00715746421268	0.00102249488753	0	0	0	0.00511247443763	0	0	0	0	0	0	0	0	0	0.0429447852761	0.0040899795501	0.0255623721881	0.0132924335378	0.0572597137014	0	0	0	0	0	0	0.00102249488753	0	0	0	0	0	0	0	0	0.0173824130879	0	0.00306748466258	0.0081799591002	0.00511247443763	0	0.0040899795501	0	0.00306748466258	0.0102249488753	0	0	0.0112474437628	0	0	0.00204498977505	0	0.00511247443763	0	0.00102249488753	0.00102249488753	0	0.0460122699387	0.00511247443763	0.00102249488753	0.00102249488753	0	0.00102249488753	0	0	0	0	0.0040899795501	0.00102249488753	0	0.00920245398773	0.00102249488753	0	0	0.019427402863	0.00306748466258	0.00102249488753	0	0.00102249488753	0.00102249488753	0.0112474437628	0.00204498977505	0	0	0	0	0	0	0	0	0	0	0	0.0122699386503	0	0	0	0	0	0	0	0	0.438650306748
M.T4.R1.S3	684.191866935484	2.090877	5105.26315789474	0.188888888889	0.0353535353535	0.020202020202	0.0272727272727	0.0010101010101	0.0020202020202	0	0	0.0020202020202	0.00606060606061	0	0	0	0	0.0010101010101	0	0	0	0.0585858585859	0.0151515151515	0.0333333333333	0.00606060606061	0	0	0	0	0	0	0	0	0	0	0	0	0	0	0	0	0.0242424242424	0	0.0040404040404	0.0010101010101	0.0030303030303	0	0.00505050505051	0	0	0.00606060606061	0	0.00505050505051	0.0010101010101	0	0	0.0030303030303	0	0.00707070707071	0.0020202020202	0	0	0	0.0272727272727	0.0020202020202	0	0	0	0.00707070707071	0	0	0	0	0.0232323232323	0.0020202020202	0	0.0040404040404	0.00505050505051	0.0010101010101	0.0020202020202	0.0292929292929	0.0020202020202	0.0020202020202	0	0	0	0.00808080808081	0.00505050505051	0	0	0	0	0	0	0	0	0	0	0.0010101010101	0.0131313131313	0	0	0	0	0	0	0	0	0.407070707071
M.T4.R2.S1	660.654907258065	1.59636	6010.52631578947	0.204453441296	0.0445344129555	0.00607287449393	0.0445344129555	0	0.00202429149798	0	0	0.00910931174089	0	0	0	0	0	0	0	0.00101214574899	0	0.00607287449393	0.00202429149798	0.0253036437247	0.00303643724696	0.00101214574899	0	0	0.00101214574899	0	0	0	0	0	0.00607287449393	0	0	0	0	0	0	0.0131578947368	0	0.0080971659919	0.0111336032389	0.00708502024291	0	0.00607287449393	0	0.0485829959514	0.0192307692308	0	0.00101214574899	0.00910931174089	0	0	0.00404858299595	0.00708502024291	0.00101214574899	0.00404858299595	0	0	0	0.0111336032389	0.00607287449393	0.00303643724696	0	0	0	0.00303643724696	0	0	0	0.0172064777328	0	0	0.00202429149798	0	0	0	0.0364372469636	0.00202429149798	0.00101214574899	0	0	0	0.0404858299595	0.0101214574899	0	0	0	0	0	0	0	0	0	0.00101214574899	0	0.0182186234818	0	0	0	0	0	0	0	0	0.352226720648
M.T4.R2.S2	695.965391129032	1.725307	5067.36842105263	0.177484787018	0.0436105476673	0.0344827586207	0.025354969574	0.00101419878296	0.00304259634888	0	0	0	0	0	0	0	0	0	0	0.00101419878296	0	0.0152129817444	0	0.0446247464503	0.00304259634888	0	0	0.00101419878296	0	0	0	0	0	0.00101419878296	0	0	0	0	0	0	0	0.0223123732252	0	0.00912778904665	0.00507099391481	0.00202839756592	0	0.00202839756592	0	0.0141987829615	0.00912778904665	0	0.00101419878296	0.00101419878296	0	0	0.00405679513185	0	0.0131845841785	0.00405679513185	0.00101419878296	0	0	0.0223123732252	0.00507099391481	0.00101419878296	0	0.00202839756592	0.00101419878296	0.00101419878296	0	0	0	0.0202839756592	0	0	0.0131845841785	0.00101419878296	0	0	0.0324543610548	0	0.00202839756592	0	0	0	0.00709939148073	0.00709939148073	0	0	0	0	0	0	0	0	0	0.00101419878296	0	0.00101419878296	0	0	0	0	0	0	0	0	0.443204868154
M.T4.R2.S3	513.526209677419	1.933202	4444.21052631579	0.115267947422	0.0606673407482	0.0141557128413	0.0111223458038	0	0.00202224469161	0	0	0.00303336703741	0	0	0	0	0	0	0	0	0	0.00303336703741	0	0.0586450960566	0.00505561172902	0	0	0	0	0	0	0	0	0	0.0151668351871	0	0	0	0.0010111223458	0.0010111223458	0	0.0131445904954	0	0.00202224469161	0.00202224469161	0.00505561172902	0	0.00404448938322	0	0.0374115267947	0.0141557128413	0	0.0010111223458	0.00202224469161	0	0	0.00303336703741	0	0.00505561172902	0.0010111223458	0.0010111223458	0	0	0.0202224469161	0.00404448938322	0.00202224469161	0	0	0	0	0	0	0	0.0141557128413	0	0	0.00505561172902	0.00404448938322	0	0	0.0202224469161	0.00303336703741	0.0010111223458	0	0	0.0010111223458	0.0151668351871	0.00404448938322	0	0	0	0	0	0	0	0	0	0.0010111223458	0	0.0111223458038	0	0	0	0	0	0	0	0	0.512639029323
M.T4.R3.S1	541.270161290323	1.801404	5425.26315789474	0.181909547739	0.0613065326633	0.0180904522613	0.0120603015075	0.00502512562814	0.00301507537688	0	0	0	0	0	0	0	0	0	0.00100502512563	0.00201005025126	0	0.0170854271357	0.0150753768844	0.035175879397	0.00603015075377	0	0	0.00201005025126	0	0	0	0	0	0.00100502512563	0.00100502512563	0	0	0	0	0	0	0.0190954773869	0	0.00301507537688	0.00804020100503	0.00301507537688	0	0.00502512562814	0	0.0311557788945	0.0160804020101	0	0.00301507537688	0.00301507537688	0	0	0.00402010050251	0	0.0120603015075	0.00301507537688	0	0.00201005025126	0	0.0341708542714	0.00402010050251	0.00904522613065	0	0	0.00301507537688	0	0	0	0	0.0100502512563	0	0	0.00502512562814	0	0.00100502512563	0	0.0120603015075	0.00100502512563	0.00201005025126	0	0	0	0.0100502512563	0	0	0	0	0	0	0	0.00100502512563	0	0	0	0	0.0120603015075	0	0	0	0	0	0	0	0	0.421105527638
M.T4.R3.S2	595.078294354839	1.529693	5437.89473684211	0.217391304348	0.046511627907	0.010111223458	0.00910010111223	0.0010111223458	0.00404448938322	0	0	0.00202224469161	0	0	0	0	0	0	0	0.0010111223458	0.0010111223458	0.00303336703741	0.00505561172902	0.0111223458038	0.00404448938322	0	0	0	0	0	0	0	0	0	0.0010111223458	0	0	0	0	0	0	0.0141557128413	0	0.00303336703741	0.00303336703741	0.00505561172902	0.00404448938322	0.00202224469161	0	0.0121334681496	0.00707785642063	0	0	0	0	0	0.0111223458038	0	0.00505561172902	0.0010111223458	0.0010111223458	0	0	0.0171890798787	0.00505561172902	0.00707785642063	0	0.0010111223458	0	0	0	0.0010111223458	0	0.010111223458	0	0	0	0	0.0010111223458	0	0.0121334681496	0.00202224469161	0	0	0	0	0.00808897876643	0.0010111223458	0	0	0	0	0	0	0	0	0	0.00303336703741	0	0.00606673407482	0	0	0	0	0	0	0	0	0.539939332659
M.T4.R3.S3	529.501681451613	1.642851	6103.15789473684	0.227963525836	0.0303951367781	0.00607902735562	0.00405268490375	0	0	0	0	0	0	0	0	0	0	0	0	0	0	0.00709219858156	0.00101317122594	0	0.00506585612969	0	0	0	0	0	0	0	0	0	0	0	0	0	0	0	0	0.0111448834853	0	0.00202634245187	0.00607902735562	0.00405268490375	0	0.0121580547112	0	0.00607902735562	0.00303951367781	0	0	0.00303951367781	0	0	0	0	0.00506585612969	0	0	0	0	0.0567375886525	0.0415400202634	0.00101317122594	0	0	0	0	0	0	0	0.0131712259372	0.00101317122594	0	0.00303951367781	0	0.00101317122594	0	0.00202634245187	0	0	0	0	0	0.00303951367781	0.0081053698075	0	0	0	0	0	0	0	0	0	0	0	0.0202634245187	0	0	0	0	0	0	0	0	0.514690982776
M.T4.R4.S1	659.8125	1.651184	5631.57894736842	0.158215010142	0.0334685598377	0.0243407707911	0.0405679513185	0.00304259634888	0.00101419878296	0	0	0.00507099391481	0	0	0	0	0	0.00101419878296	0	0.00101419878296	0	0.0588235294118	0.00304259634888	0.00912778904665	0.00202839756592	0.00101419878296	0.00101419878296	0.00101419878296	0	0	0	0	0	0	0.00101419878296	0	0	0	0.00101419878296	0	0	0.0202839756592	0	0.00507099391481	0.00405679513185	0.0101419878296	0	0.00709939148073	0	0.0182555780933	0.0101419878296	0	0.00405679513185	0.00405679513185	0	0	0	0.00101419878296	0.00507099391481	0	0.00202839756592	0	0	0.0294117647059	0.00304259634888	0.00507099391481	0	0.00101419878296	0	0.00101419878296	0	0	0	0.00811359026369	0.00101419878296	0	0.00202839756592	0.00202839756592	0.00202839756592	0	0.0304259634888	0.00101419878296	0	0	0	0	0.00709939148073	0.00608519269777	0	0	0	0	0	0	0	0	0	0	0	0.0202839756592	0	0	0.00101419878296	0	0	0	0	0	0.442190669371
M.T4.R4.S2	394.983870967742	1.818947	5218.94736842105	0.125628140704	0.116582914573	0.0211055276382	0.0633165829146	0	0	0	0	0	0	0	0	0	0	0	0	0	0	0.0140703517588	0.00201005025126	0.00502512562814	0	0	0	0.00201005025126	0	0	0	0	0.0150753768844	0	0	0	0	0	0	0	0	0.0301507537688	0	0	0.00100502512563	0.00603015075377	0	0.00201005025126	0	0.0190954773869	0.00402010050251	0	0.00100502512563	0.00502512562814	0	0	0.00301507537688	0.00301507537688	0.00201005025126	0	0	0	0	0.0110552763819	0.00201005025126	0.00502512562814	0	0	0.00100502512563	0.00301507537688	0	0.177889447236	0	0.0110552763819	0.00301507537688	0	0.00402010050251	0.0211055276382	0	0	0.0180904522613	0.00100502512563	0	0	0	0	0.0070351758794	0.00502512562814	0	0	0.0472361809045	0	0.00301507537688	0	0	0	0	0.00301507537688	0	0.0070351758794	0	0	0	0	0	0	0	0	0.228140703518
M.T4.R4.S3	507.639447580645	1.49	5113.68421052632	0.160443995964	0.165489404642	0.0605449041372	0.00807265388496	0.00706357214934	0.00605449041372	0	0	0	0	0	0	0	0	0	0	0.00302724520686	0	0.0595358224016	0	0.0151362260343	0	0	0	0	0	0	0	0	0.0554994954591	0	0	0	0	0	0	0	0	0.00908173562059	0	0.0050454086781	0.00908173562059	0.00201816347124	0	0.00302724520686	0	0.00302724520686	0.00403632694248	0	0.00807265388496	0.0050454086781	0	0	0.0050454086781	0	0	0.00201816347124	0	0	0	0.0312815338042	0.00302724520686	0.00201816347124	0	0.00100908173562	0.00201816347124	0	0	0	0	0.00302724520686	0	0	0.0050454086781	0	0.00100908173562	0	0.0272452068618	0	0.00403632694248	0	0	0	0.0343087790111	0.00706357214934	0	0	0	0	0	0	0	0	0	0	0	0.0171543895055	0	0	0	0	0	0	0	0	0.265388496468
U.T1.R1.S1	679.989919354839	1.06139240506329	7955.78947368421	0.122222222222	0.0151515151515	0.0121212121212	0.00606060606061	0	0	0.0010101010101	0	0.0010101010101	0	0	0	0	0	0.0010101010101	0	0	0	0.0020202020202	0.0040404040404	0.0323232323232	0.00505050505051	0.0131313131313	0	0	0	0	0	0	0	0.0111111111111	0.0141414141414	0.0020202020202	0	0	0.0010101010101	0	0	0.020202020202	0	0.0040404040404	0.0030303030303	0.0838383838384	0.00808080808081	0.00606060606061	0	0.0252525252525	0.0030303030303	0	0	0.0030303030303	0	0	0.0030303030303	0.00606060606061	0.0010101010101	0.0020202020202	0	0	0	0.0141414141414	0.00505050505051	0.0030303030303	0	0	0	0.0010101010101	0	0	0	0.00505050505051	0	0	0.0020202020202	0.00808080808081	0.00707070707071	0	0.0030303030303	0.0020202020202	0	0	0	0	0.0313131313131	0.0313131313131	0	0	0	0	0	0	0.0010101010101	0	0	0	0	0.00707070707071	0	0	0	0	0	0	0	0	0.466666666667
U.T1.R1.S2	717.822580645161	1.3584388185654	8781.05263157895	0.248741188318	0.0130916414904	0.0231621349446	0.0201409869084	0	0	0	0	0	0	0	0	0	0.00100704934542	0.00100704934542	0	0	0	0.00100704934542	0.00402819738167	0.0110775427996	0.00100704934542	0.00100704934542	0	0	0	0	0	0	0	0.00906344410876	0.00302114803625	0	0	0	0	0	0	0.012084592145	0.00100704934542	0.00402819738167	0	0.0161127895267	0.00201409869084	0.00704934541793	0	0.0171198388721	0.00100704934542	0	0	0.00100704934542	0	0	0.00402819738167	0.00201409869084	0.00201409869084	0.00201409869084	0	0	0	0.0130916414904	0	0.00604229607251	0	0	0	0.00100704934542	0	0	0	0.012084592145	0	0.00100704934542	0.00100704934542	0.00503524672709	0.00704934541793	0	0.0231621349446	0.00201409869084	0	0	0	0	0.0181268882175	0.0130916414904	0	0	0	0	0	0	0.00503524672709	0	0	0	0	0.00604229607251	0.00100704934542	0	0	0	0	0	0	0	0.476334340383
U.T1.R1.S3	652.245967741935	0.911603375527426	7063.15789473684	0.0987903225806	0.0100806451613	0.0201612903226	0.0151209677419	0	0	0	0	0	0	0	0	0	0	0	0	0	0.00100806451613	0.00100806451613	0.00302419354839	0.0201612903226	0.00201612903226	0.00100806451613	0	0	0	0	0.00504032258065	0	0	0.0131048387097	0.00806451612903	0	0	0	0.00100806451613	0	0	0.0100806451613	0.00201612903226	0.00302419354839	0.00403225806452	0.0635080645161	0.00302419354839	0.00504032258065	0	0.0413306451613	0.00403225806452	0	0	0.00100806451613	0	0	0.00302419354839	0.00403225806452	0.00302419354839	0.00201612903226	0	0	0	0.0171370967742	0.00100806451613	0.00302419354839	0	0	0	0.00100806451613	0	0	0	0.0292338709677	0	0	0.00100806451613	0.00302419354839	0.00100806451613	0	0.0131048387097	0.00100806451613	0	0.00201612903226	0	0	0.0191532258065	0.0141129032258	0	0	0	0	0	0	0	0	0	0	0	0.00604838709677	0.00100806451613	0	0	0	0	0	0	0	0.538306451613
U.T1.R2.S1	574.058467741935	0.921729957805907	7968.42105263158	0.139817629179	0.0233029381966	0.0263424518744	0.0212765957447	0	0	0.00101317122594	0	0.00101317122594	0	0	0	0.00101317122594	0	0.00202634245187	0	0	0	0.00101317122594	0.00202634245187	0.00911854103343	0.00506585612969	0	0	0	0	0.00101317122594	0	0	0	0.0101317122594	0.00202634245187	0	0	0	0	0	0.00101317122594	0.00405268490375	0	0.00607902735562	0.0334346504559	0.0121580547112	0.00506585612969	0.0131712259372	0	0.03242147923	0.00202634245187	0	0	0.0141843971631	0	0	0.00101317122594	0.00911854103343	0.00101317122594	0	0	0	0	0.0111448834853	0.00101317122594	0.00405268490375	0	0	0	0.00405268490375	0	0	0	0.00303951367781	0.00506585612969	0	0.00101317122594	0.00911854103343	0.00101317122594	0	0.0172239108409	0.00101317122594	0	0.00101317122594	0	0	0.0172239108409	0.0131712259372	0	0	0	0	0	0	0	0	0	0	0	0.00911854103343	0	0.00101317122594	0.00101317122594	0	0	0	0	0	0.51874366768
U.T1.R2.S2	599.280241935484	0.744514767932489	6633.68421052632	0.108974358974	0.0160256410256	0.0160256410256	0.025641025641	0.00106837606838	0	0	0	0.00106837606838	0	0	0	0	0	0	0	0	0	0.00106837606838	0	0.0181623931624	0.00213675213675	0.00106837606838	0	0	0	0	0	0	0.00106837606838	0.00534188034188	0.00106837606838	0	0	0	0	0	0	0.00961538461538	0	0.00106837606838	0.00320512820513	0.0192307692308	0.00641025641026	0.0117521367521	0	0.0235042735043	0.00534188034188	0	0	0.00106837606838	0	0	0.00106837606838	0.00534188034188	0.00106837606838	0.00213675213675	0	0	0	0.00534188034188	0.00534188034188	0	0	0.00106837606838	0	0	0	0	0	0.00320512820513	0	0	0	0.00747863247863	0.00213675213675	0	0.0106837606838	0	0	0	0	0	0.0160256410256	0.0117521367521	0	0	0	0	0	0	0	0	0	0	0	0.00961538461538	0.00106837606838	0	0	0	0	0.00106837606838	0.00106837606838	0.00213675213675	0.632478632479
U.T1.R2.S3	614.413306451613	0.692616033755274	6397.89473684211	0.124242424242	0.0191919191919	0.0121212121212	0.0191919191919	0.0010101010101	0	0	0	0.0010101010101	0	0	0	0	0	0	0	0	0	0	0.0020202020202	0.0151515151515	0.0191919191919	0	0	0	0	0	0	0.0010101010101	0	0.010101010101	0.00606060606061	0	0.0010101010101	0	0	0	0	0.0222222222222	0	0.0020202020202	0.00505050505051	0.0252525252525	0.00707070707071	0.010101010101	0	0.0313131313131	0.00505050505051	0	0	0	0	0	0.0020202020202	0.00707070707071	0.0030303030303	0	0	0	0	0.0121212121212	0.0020202020202	0.0010101010101	0	0	0	0	0	0	0	0.0434343434343	0.0010101010101	0	0	0.010101010101	0.00505050505051	0	0.0141414141414	0	0	0.0030303030303	0	0	0.0131313131313	0.010101010101	0	0	0	0	0	0	0	0	0	0	0	0.00606060606061	0	0	0	0	0	0	0	0	0.527272727273
U.T1.R3.S1	674.945564516129	0.769409282700422	4785.26315789474	0.0847628657921	0.0181634712412	0.0191725529768	0.0696266397578	0	0	0	0	0	0	0	0.00100908173562	0.00403632694248	0	0.00302724520686	0	0	0	0	0.00201816347124	0.0161453077699	0.00403632694248	0	0	0	0	0	0	0	0	0.0131180625631	0.00201816347124	0	0	0	0	0	0	0.0100908173562	0.00302724520686	0.0100908173562	0.00302724520686	0.00605449041372	0.00100908173562	0.00706357214934	0	0.0454086781029	0	0	0	0.00100908173562	0	0	0	0.00302724520686	0.00302724520686	0.00403632694248	0	0	0	0.029263370333	0.0131180625631	0.00605449041372	0	0	0	0.00201816347124	0	0	0	0.0161453077699	0	0	0.00706357214934	0.00201816347124	0.00403632694248	0	0.0191725529768	0.00403632694248	0	0	0	0	0.0131180625631	0.0100908173562	0.00302724520686	0	0	0	0	0	0.00100908173562	0	0	0	0	0.0050454086781	0	0	0	0	0	0	0.00100908173562	0	0.529767911201
U.T1.R3.S2	606.846774193548	0.65548523206751	6338.94736842105	0.0935613682093	0.0281690140845	0.0201207243461	0.0110663983903	0.00201207243461	0	0	0	0	0	0	0	0	0	0.00603621730382	0	0	0	0	0.00603621730382	0.0211267605634	0.00201207243461	0.0010060362173	0	0	0	0.00603621730382	0	0.00503018108652	0	0.00704225352113	0.0010060362173	0	0.00402414486922	0	0.00301810865191	0	0	0.00402414486922	0	0.0140845070423	0.00503018108652	0.00804828973843	0.00503018108652	0.00905432595573	0	0.0211267605634	0	0	0.0010060362173	0.00301810865191	0	0	0	0.00503018108652	0.0010060362173	0.0010060362173	0	0	0	0.0261569416499	0.00603621730382	0.00201207243461	0	0	0	0.0010060362173	0	0	0	0.0171026156942	0	0	0.0010060362173	0.00804828973843	0.0110663983903	0	0.0261569416499	0	0	0.00402414486922	0	0	0.0352112676056	0.0120724346076	0	0	0	0	0	0	0	0	0	0	0	0.0160965794769	0	0.00301810865191	0	0	0	0.0010060362173	0.00402414486922	0	0.531187122736
U.T1.R3.S3	624.502016129032	0.729324894514768	7934.73684210526	0.094472361809	0.0170854271357	0.0231155778894	0.0311557788945	0	0	0	0	0	0	0	0	0	0.00100502512563	0.00201005025126	0	0.00100502512563	0	0	0.00301507537688	0.0251256281407	0.00201005025126	0	0	0	0	0	0.00100502512563	0	0	0.00804020100503	0.00804020100503	0	0	0	0.0562814070352	0	0.00100502512563	0.00402010050251	0	0.0231155778894	0.00301507537688	0.0130653266332	0.00201005025126	0.00804020100503	0	0.051256281407	0	0	0.00100502512563	0	0	0	0.00100502512563	0.00301507537688	0.0231155778894	0.00301507537688	0	0	0	0.0110552763819	0.00100502512563	0.00502512562814	0	0	0	0	0	0	0	0.00603015075377	0	0	0	0.00603015075377	0.00201005025126	0	0.0070351758794	0.00402010050251	0	0.0120603015075	0	0	0.0120603015075	0.0291457286432	0	0	0	0	0	0	0	0	0	0	0	0.00402010050251	0	0	0	0	0	0	0	0	0.490452261307
U.T1.R4.S1	677.467741935484	0.983333333333333	6490.52631578947	0.131048387097	0.0252016129032	0.0211693548387	0.0241935483871	0.00100806451613	0	0	0	0.00201612903226	0	0	0	0.00201612903226	0	0.00100806451613	0	0	0	0	0.00201612903226	0.0282258064516	0.00907258064516	0	0	0	0	0	0	0	0	0.0100806451613	0.00604838709677	0	0	0	0	0	0	0.0131048387097	0.00100806451613	0.00403225806452	0.00504032258065	0.0352822580645	0.0070564516129	0.00504032258065	0	0.0372983870968	0.00504032258065	0	0.00100806451613	0	0	0	0.00201612903226	0.00302419354839	0.00504032258065	0.00604838709677	0	0	0	0.0181451612903	0.00504032258065	0.00201612903226	0	0	0	0.00100806451613	0	0	0	0.00504032258065	0	0	0.00302419354839	0.0100806451613	0.0120967741935	0	0.0151209677419	0	0	0.00201612903226	0	0	0.0211693548387	0.0141129032258	0.00100806451613	0	0	0	0	0	0	0	0	0	0	0.0131048387097	0	0	0.00100806451613	0	0	0	0	0	0.482862903226
U.T1.R4.S2	662.334677419355	0.890084388185654	8953.68421052632	0.126135216953	0.0312815338042	0.0141271442987	0.0282542885974	0.00100908173562	0	0	0	0.00100908173562	0	0	0	0	0	0.00302724520686	0	0.00100908173562	0	0	0.00201816347124	0.0191725529768	0.00302724520686	0	0	0	0	0.0050454086781	0.00100908173562	0.00100908173562	0	0.00605449041372	0.00605449041372	0	0	0	0.00100908173562	0	0	0.0171543895055	0	0.0100908173562	0.00605449041372	0.0100908173562	0.00605449041372	0.0050454086781	0	0.0242179616549	0.0050454086781	0	0	0	0	0	0.00201816347124	0.00201816347124	0.00403632694248	0.00302724520686	0	0	0	0.0242179616549	0.00302724520686	0.0050454086781	0	0	0	0.00201816347124	0.00100908173562	0	0	0.00908173562059	0	0	0.00100908173562	0.00807265388496	0.00605449041372	0	0.0121089808274	0.00100908173562	0	0	0	0	0.0151362260343	0.0110998990918	0	0	0	0	0	0	0.00201816347124	0	0	0	0	0.0191725529768	0	0	0	0	0	0	0	0	0.534813319879
U.T1.R4.S3	677.467741935484	1.392194092827	9016.84210526316	0.134479271992	0.0151668351871	0.0242669362993	0.0252780586451	0	0.00202224469161	0	0	0.00202224469161	0	0	0	0	0	0.00303336703741	0	0	0	0	0	0.0182002022245	0.00707785642063	0	0	0	0	0.0010111223458	0	0.0010111223458	0	0.00303336703741	0.0111223458038	0	0	0	0.00202224469161	0	0	0.0606673407482	0	0.00606673407482	0.00910010111223	0.0171890798787	0.00707785642063	0.0141557128413	0	0.0273003033367	0.00404448938322	0	0	0	0	0	0.00202224469161	0	0.00606673407482	0.00505561172902	0.0010111223458	0	0	0.0111223458038	0.00606673407482	0.0010111223458	0	0	0	0	0	0	0	0.0404448938322	0.0010111223458	0	0.0010111223458	0.00808897876643	0.0141557128413	0	0.0121334681496	0.00404448938322	0	0.00202224469161	0	0	0.0262891809909	0.0182002022245	0	0	0	0	0	0	0.0010111223458	0	0	0.0010111223458	0	0.00808897876643	0	0	0.0010111223458	0	0	0.00202224469161	0	0	0.431749241658
U.T2.R1.S1	778.354838709677	0.787466666666667	6541.05263157895	0.0838383838384	0.132323232323	0.0151515151515	0.00909090909091	0	0	0	0	0	0	0	0	0	0	0	0	0	0	0.0010101010101	0.0030303030303	0.0121212121212	0.0030303030303	0	0	0	0	0	0	0	0	0.0141414141414	0.0020202020202	0	0	0	0	0	0	0.0262626262626	0.0030303030303	0.00707070707071	0.0040404040404	0.020202020202	0.0010101010101	0.00505050505051	0	0.0333333333333	0.00606060606061	0	0	0	0	0	0.0030303030303	0.0020202020202	0.00505050505051	0.0010101010101	0	0	0	0.0151515151515	0.00606060606061	0.0111111111111	0	0	0	0	0	0	0	0.020202020202	0	0	0.0010101010101	0.00707070707071	0.00707070707071	0	0.00707070707071	0	0	0.00606060606061	0	0.00808080808081	0.0292929292929	0.0121212121212	0	0	0	0	0	0	0	0	0	0	0	0.0111111111111	0	0	0	0	0	0	0	0	0.465656565657
U.T2.R1.S2	869.153225806452	0.6888	7277.89473684211	0.106167846309	0.0121334681496	0.0182002022245	0.0222446916077	0.00505561172902	0.00202224469161	0	0	0	0	0	0	0	0	0.0010111223458	0	0	0	0.0010111223458	0.00303336703741	0.0222446916077	0.00404448938322	0	0	0	0	0	0	0	0	0.0192113245703	0.00505561172902	0	0	0	0	0	0	0.0273003033367	0.00202224469161	0.00404448938322	0.010111223458	0.0141557128413	0.00707785642063	0.00404448938322	0	0.0353892821031	0.00606673407482	0	0	0	0	0.00202224469161	0.0010111223458	0.010111223458	0.0010111223458	0	0.00202224469161	0	0	0.0212335692619	0.00505561172902	0.00303336703741	0	0	0	0	0	0	0	0.00808897876643	0	0	0.0111223458038	0.0121334681496	0.0131445904954	0	0.0222446916077	0.0010111223458	0	0	0	0	0.0323559150657	0.00808897876643	0	0	0	0	0	0	0	0	0	0	0	0.010111223458	0	0	0	0	0	0	0.0010111223458	0	0.50353892821
U.T2.R1.S3	894.375	0.8648	4414.73684210526	0.0900716479017	0.0153531218014	0.0122824974411	0.0378710337769	0.00204708290686	0	0	0	0	0	0	0	0	0	0.00204708290686	0	0.00102354145343	0	0	0.00307062436029	0.028659160696	0.00204708290686	0	0	0	0	0.00102354145343	0	0	0.0153531218014	0.00614124872057	0.00818833162743	0	0	0	0.00102354145343	0	0	0.0153531218014	0.00204708290686	0.0112589559877	0.00511770726714	0.0102354145343	0.00204708290686	0.00614124872057	0	0.0337768679632	0.007164790174	0	0.00102354145343	0	0.00102354145343	0	0	0.00818833162743	0	0.00307062436029	0	0	0	0.0153531218014	0.00204708290686	0.00818833162743	0	0	0	0	0	0	0	0.0153531218014	0	0	0.00204708290686	0.00614124872057	0.0102354145343	0	0.00921187308086	0.00102354145343	0	0.00102354145343	0	0	0.0245649948823	0.00818833162743	0	0	0	0	0	0	0.00102354145343	0	0	0	0	0.00307062436029	0	0	0	0	0	0	0	0	0.559877175026
U.T2.R2.S1	639.635080645161	0.608577777777778	4924.21052631579	0.135764944276	0.0293819655522	0.0141843971631	0.00911854103343	0.00202634245187	0	0	0	0	0	0	0	0	0	0	0	0.00101317122594	0	0.00202634245187	0.00607902735562	0.0253292806484	0.00303951367781	0.00202634245187	0	0.00101317122594	0.00101317122594	0.00101317122594	0	0	0	0.0111448834853	0	0	0	0	0	0	0	0.0222897669706	0	0.00405268490375	0.0192502532928	0.0101317122594	0.00202634245187	0.0151975683891	0	0.0354609929078	0.00405268490375	0.00101317122594	0	0.00405268490375	0	0	0.00101317122594	0.0141843971631	0.00101317122594	0.00101317122594	0	0	0	0.0111448834853	0.00202634245187	0.00303951367781	0	0	0	0.00303951367781	0.00101317122594	0	0	0.0111448834853	0.00101317122594	0	0	0.0101317122594	0.00709219858156	0	0.0131712259372	0	0	0.00101317122594	0	0	0.0506585612969	0.00709219858156	0	0	0	0	0	0	0	0	0	0	0	0.0192502532928	0	0	0	0	0	0	0	0	0.480243161094
U.T2.R2.S2	859.064516129032	0.664577777777778	4317.89473684211	0.195542046606	0.0263424518744	0.0273556231003	0.0303951367781	0.00202634245187	0	0	0	0	0	0	0	0	0	0.00101317122594	0	0.00101317122594	0	0.00202634245187	0.00202634245187	0.0243161094225	0.00303951367781	0	0	0	0	0.00101317122594	0	0	0	0.00303951367781	0.00101317122594	0	0	0	0	0	0	0.0253292806484	0	0.00607902735562	0.0101317122594	0.0212765957447	0.00101317122594	0.0101317122594	0	0.0293819655522	0.00405268490375	0.00101317122594	0.00202634245187	0	0	0	0.00405268490375	0.00607902735562	0.00405268490375	0.00101317122594	0	0	0	0.0141843971631	0.00101317122594	0.00101317122594	0	0	0	0.00101317122594	0	0	0	0.00911854103343	0	0	0.00303951367781	0.016210739615	0.0121580547112	0	0.0212765957447	0.00101317122594	0.00101317122594	0	0	0	0.0253292806484	0.00202634245187	0	0	0.0101317122594	0	0	0	0	0	0	0	0	0.00911854103343	0	0	0	0	0	0	0	0	0.42654508612
U.T2.R2.S3	738	0.863022222222222	5576.84210526316	0.130171543895	0.0121089808274	0.0302724520686	0.0221997981837	0	0	0	0	0	0	0	0	0	0.00100908173562	0.00201816347124	0	0	0	0	0.00403632694248	0.0181634712412	0.00100908173562	0	0	0	0	0	0	0	0	0.0272452068618	0.00403632694248	0	0	0	0	0	0	0.0181634712412	0	0.0110998990918	0	0.0141271442987	0	0.0141271442987	0	0.0332996972755	0.00706357214934	0	0	0.00100908173562	0	0	0.00100908173562	0	0.00201816347124	0.00201816347124	0	0	0	0.0141271442987	0.00100908173562	0.00100908173562	0	0	0	0.0050454086781	0	0	0	0.0181634712412	0	0	0.00201816347124	0.00807265388496	0.0161453077699	0	0.0312815338042	0	0	0.00100908173562	0	0.00100908173562	0.0302724520686	0.0171543895055	0	0	0	0	0	0	0	0	0	0	0	0.00605449041372	0	0	0	0	0	0	0	0	0.491422805247
U.T2.R3.S1	876.719758064516	1.02746666666667	5341.05263157895	0.0949494949495	0.020202020202	0.0161616161616	0.020202020202	0.00505050505051	0	0	0	0	0	0	0	0	0	0	0	0	0	0	0.0020202020202	0.0292929292929	0.0040404040404	0	0	0	0	0.0010101010101	0	0	0	0.0111111111111	0.00606060606061	0	0	0	0.0010101010101	0	0	0.0444444444444	0	0.00606060606061	0.00707070707071	0.0222222222222	0.0020202020202	0.00505050505051	0	0.0494949494949	0.00606060606061	0	0	0.0010101010101	0	0	0.0020202020202	0	0.0010101010101	0.0010101010101	0	0	0	0.0242424242424	0.0020202020202	0.0010101010101	0	0.0010101010101	0	0.0030303030303	0	0	0	0.0010101010101	0	0	0	0.0030303030303	0.0262626262626	0	0.0181818181818	0.0010101010101	0.0010101010101	0	0	0	0.0292929292929	0.00505050505051	0.0010101010101	0	0	0	0	0	0	0	0.0020202020202	0	0	0.0171717171717	0	0	0.0010101010101	0	0	0	0	0	0.50404040404
U.T2.R3.S2	846.453629032258	0.964355555555556	2477.89473684211	0.123481781377	0.0161943319838	0.0263157894737	0.0273279352227	0.00101214574899	0	0	0	0	0	0	0	0	0	0	0	0	0	0	0.00202429149798	0.0253036437247	0.00506072874494	0	0	0	0	0	0	0	0	0.0202429149798	0.00404858299595	0	0	0	0	0	0.00101214574899	0.0344129554656	0	0.00708502024291	0.00708502024291	0.0172064777328	0.00101214574899	0.00202429149798	0	0.0384615384615	0.00404858299595	0	0.00101214574899	0	0	0	0.00101214574899	0.00303643724696	0	0	0.00101214574899	0	0	0.0253036437247	0.0101214574899	0.00607287449393	0	0	0	0	0	0	0	0.00910931174089	0.00101214574899	0	0	0.00404858299595	0.0283400809717	0	0.00708502024291	0.00202429149798	0	0	0	0	0.0202429149798	0.0101214574899	0	0	0	0	0	0	0.00101214574899	0	0	0	0.00202429149798	0.0111336032389	0	0	0	0	0	0	0	0	0.492914979757
U.T2.R3.S3	611.891129032258	1.12502222222222	7189.47368421053	0.124242424242	0.0111111111111	0.00707070707071	0.0565656565657	0	0	0	0	0	0	0	0	0	0	0.0030303030303	0	0	0	0	0.0020202020202	0.0121212121212	0.0010101010101	0	0	0.0010101010101	0	0	0	0	0	0.0111111111111	0	0	0	0	0	0	0	0.0373737373737	0	0.00606060606061	0.0040404040404	0.00505050505051	0.0020202020202	0.0030303030303	0	0.0111111111111	0.0141414141414	0	0.0010101010101	0	0	0	0.0020202020202	0	0.0010101010101	0	0	0.0010101010101	0	0.0111111111111	0.0040404040404	0.00707070707071	0	0	0.0020202020202	0	0	0	0	0.0191919191919	0.00606060606061	0	0.0020202020202	0.00909090909091	0.00505050505051	0	0.00707070707071	0	0	0.0010101010101	0	0	0.0242424242424	0.00505050505051	0	0	0	0	0	0	0	0	0	0	0	0.0030303030303	0	0	0.0010101010101	0	0	0	0	0	0.575757575758
U.T2.R4.S1	859.064516129032	1.20657777777778	7206.31578947368	0.128153380424	0.0232088799193	0.0110998990918	0.0514631685166	0	0	0	0	0	0	0	0.00100908173562	0	0	0	0	0	0	0	0.00302724520686	0.0171543895055	0.00706357214934	0	0	0	0	0	0	0	0	0.00403632694248	0.00100908173562	0	0	0	0	0	0	0.0252270433905	0	0.00100908173562	0.00403632694248	0.0121089808274	0	0.00807265388496	0	0.021190716448	0.0141271442987	0	0	0.00201816347124	0	0	0.00100908173562	0.00403632694248	0.00605449041372	0	0	0	0	0.0191725529768	0.0050454086781	0.0050454086781	0	0	0	0.00100908173562	0	0	0	0.00807265388496	0	0	0.00302724520686	0.00807265388496	0.0100908173562	0.0100908173562	0.0110998990918	0	0	0	0	0	0.0131180625631	0.00302724520686	0	0	0	0	0	0	0.00100908173562	0	0.00100908173562	0	0	0.0050454086781	0	0	0.00100908173562	0	0.00201816347124	0	0	0	0.546922300706
U.T2.R4.S2	637.112903225806	1.15924444444444	6187.36842105263	0.126646403242	0.0253292806484	0.016210739615	0.0101317122594	0	0	0	0	0	0	0	0	0	0	0	0	0.00202634245187	0	0	0.00303951367781	0.0212765957447	0.00303951367781	0	0	0	0	0	0	0	0	0.0081053698075	0.00202634245187	0	0	0	0	0	0	0.0385005065856	0	0.00405268490375	0.0101317122594	0.0151975683891	0.00101317122594	0.0202634245187	0	0.048632218845	0.00911854103343	0	0.00101317122594	0.00101317122594	0	0	0.00101317122594	0.00303951367781	0.0131712259372	0	0	0	0	0.0202634245187	0.00101317122594	0.0121580547112	0	0	0	0	0	0	0	0.0435663627153	0	0	0.00101317122594	0.00202634245187	0.00303951367781	0	0.0273556231003	0	0.00202634245187	0	0	0	0.0081053698075	0.00506585612969	0	0	0	0	0	0	0	0	0	0	0	0.00405268490375	0	0	0.00607902735562	0	0	0	0	0	0.480243161094
U.T2.R4.S3	711.264919354839	1.01213333333333	6073.68421052632	0.167170191339	0.0151057401813	0.0201409869084	0.0513595166163	0.00201409869084	0	0	0	0.00302114803625	0	0	0.00201409869084	0	0	0.0191339375629	0	0	0	0	0.00100704934542	0.0181268882175	0.00503524672709	0	0	0	0	0	0	0	0	0.00704934541793	0.00402819738167	0	0	0	0	0	0	0.0191339375629	0	0.00302114803625	0.00100704934542	0.0151057401813	0.00302114803625	0.00302114803625	0	0.0483383685801	0.00704934541793	0	0.00503524672709	0.00100704934542	0	0	0.00100704934542	0.00503524672709	0.0100704934542	0.00100704934542	0	0	0	0.0171198388721	0	0.00302114803625	0	0.00100704934542	0	0.00100704934542	0	0	0	0.00906344410876	0	0	0.00503524672709	0.00302114803625	0.0100704934542	0	0.0140986908359	0.00100704934542	0	0	0	0	0.0110775427996	0.00704934541793	0	0	0	0	0	0	0.00201409869084	0	0	0	0	0.00503524672709	0	0	0	0	0	0	0	0	0.472306143001
U.T3.R1.S1	504.279907258064	0.913416	7088.42105263158	0.188259109312	0.080971659919	0.0172064777328	0.00607287449393	0	0	0	0	0	0	0	0.00202429149798	0	0.00101214574899	0	0	0.00202429149798	0	0.00303643724696	0.00607287449393	0.0151821862348	0.00101214574899	0.00101214574899	0	0	0	0.00101214574899	0	0	0.00202429149798	0.00303643724696	0.00708502024291	0	0	0	0	0	0	0.0273279352227	0	0.00404858299595	0.00404858299595	0.0080971659919	0.00607287449393	0.0121457489879	0	0.0101214574899	0.00101214574899	0	0	0	0	0	0.00202429149798	0	0.00607287449393	0	0.00101214574899	0	0	0.0182186234818	0.00202429149798	0.00101214574899	0	0	0	0.00404858299595	0	0	0	0.0202429149798	0.00303643724696	0	0.00404858299595	0	0.0242914979757	0	0.0232793522267	0	0.00404858299595	0	0	0.00202429149798	0.00910931174089	0.00708502024291	0	0	0	0	0	0	0	0	0	0	0	0.00101214574899	0	0	0.00506072874494	0	0	0	0	0	0.452429149798
U.T3.R1.S2	407.594758064516	0.76856	5972.63157894737	0.144869215292	0.0291750503018	0.0171026156942	0.00201207243461	0	0	0	0	0	0	0	0	0	0	0	0	0	0	0	0.00301810865191	0.00804828973843	0.00301810865191	0	0	0	0	0	0	0	0	0.010060362173	0.00201207243461	0	0	0	0.0010060362173	0	0	0.0311871227364	0.00201207243461	0.00402414486922	0.00201207243461	0.0171026156942	0.00201207243461	0.00201207243461	0	0.0201207243461	0.0010060362173	0	0.00301810865191	0	0	0.0010060362173	0	0.00402414486922	0.00201207243461	0.0010060362173	0	0	0	0.0181086519115	0.00905432595573	0.00301810865191	0	0	0	0.0010060362173	0	0	0	0.0120724346076	0.0010060362173	0	0.00201207243461	0.00201207243461	0.0291750503018	0	0.0221327967807	0	0	0	0	0	0.023138832998	0.0110663983903	0	0	0.00603621730382	0	0	0	0	0	0	0	0	0.00704225352113	0	0	0	0	0	0	0	0	0.540241448692
U.T3.R1.S3	273.919354838709	0.711564	1021.05263157895	0.134207870838	0.0161453077699	0.0312815338042	0.00706357214934	0	0	0	0	0	0	0	0	0	0	0	0.00100908173562	0.00100908173562	0	0	0.00201816347124	0.021190716448	0.00403632694248	0.00201816347124	0	0	0.00100908173562	0	0	0	0	0.0050454086781	0.00403632694248	0	0	0	0	0	0	0.037336024218	0	0.00706357214934	0.00201816347124	0.0332996972755	0.00706357214934	0.00201816347124	0	0.0282542885974	0.00403632694248	0	0	0	0	0.00100908173562	0	0.0050454086781	0.00302724520686	0	0	0	0	0.0302724520686	0.00605449041372	0.0151362260343	0	0	0	0.00100908173562	0	0	0	0.0181634712412	0	0	0.00100908173562	0.0050454086781	0.0050454086781	0	0.0131180625631	0.00302724520686	0	0	0.00100908173562	0	0.0242179616549	0.00605449041372	0	0.00201816347124	0	0	0	0	0	0	0	0	0	0.00706357214934	0	0	0.00100908173562	0	0	0	0	0	0.500504540868
U.T3.R2.S1	571.536290322581	0.775967	6309.47368421053	0.118181818182	0.0171717171717	0.0171717171717	0.0191919191919	0	0	0	0	0.0020202020202	0	0	0	0	0.0010101010101	0.0010101010101	0	0	0	0.0010101010101	0.00505050505051	0.00909090909091	0.0010101010101	0	0	0	0.0010101010101	0	0	0	0	0.00808080808081	0.00808080808081	0	0.0010101010101	0	0.0010101010101	0	0	0.0636363636364	0.0010101010101	0.00606060606061	0.00707070707071	0.0131313131313	0.00707070707071	0.0040404040404	0	0.0232323232323	0.0040404040404	0	0	0	0	0	0.0010101010101	0.0030303030303	0.0020202020202	0.0010101010101	0.0010101010101	0	0	0.0222222222222	0.0010101010101	0.0030303030303	0	0	0	0.0010101010101	0	0	0	0.0161616161616	0.0020202020202	0	0	0.0020202020202	0.0111111111111	0	0.0313131313131	0	0	0	0	0	0.0414141414141	0.0131313131313	0	0.0010101010101	0	0	0	0	0.0010101010101	0	0	0	0	0.00909090909091	0	0	0	0	0	0	0	0	0.49595959596
U.T3.R2.S2	551.358870967742	0.78214	6545.26315789474	0.171339563863	0.048805815161	0.0145379023884	0.0103842159917	0	0	0	0	0.00103842159917	0	0	0.00207684319834	0	0	0	0	0	0	0.00103842159917	0.00103842159917	0.0218068535826	0	0.00103842159917	0	0	0	0	0	0	0	0.00207684319834	0.00311526479751	0	0	0	0.00103842159917	0	0	0.067497403946	0.00103842159917	0.00207684319834	0.00623052959502	0.0228452751817	0.00623052959502	0	0	0.0218068535826	0.00103842159917	0	0.00207684319834	0	0	0.00103842159917	0	0.00103842159917	0.00103842159917	0.00103842159917	0	0	0	0.0238836967809	0.0103842159917	0.00207684319834	0	0.00103842159917	0	0.00103842159917	0	0	0	0.073727933541	0	0	0	0.00830737279335	0.00623052959502	0.00103842159917	0.0166147455867	0	0	0	0	0.00207684319834	0.0394600207684	0.00415368639668	0	0.00103842159917	0	0	0	0	0.00103842159917	0	0	0	0	0.00415368639668	0	0	0.00726895119418	0	0	0	0	0	0.382139148494
U.T3.R2.S3	588.349125	1.009712	4848.42105263158	0.131313131313	0.0252525252525	0.0121212121212	0.00606060606061	0.0010101010101	0	0	0	0.0010101010101	0	0	0	0	0	0	0	0	0	0.0010101010101	0.010101010101	0.020202020202	0	0	0	0	0	0	0	0	0	0.00606060606061	0.0040404040404	0	0	0	0	0	0	0.0444444444444	0.0020202020202	0.0040404040404	0.0030303030303	0.010101010101	0	0.0030303030303	0	0.0262626262626	0.00505050505051	0	0	0.0020202020202	0	0	0.0010101010101	0.0020202020202	0.0040404040404	0.0010101010101	0.0010101010101	0	0	0.0161616161616	0.00505050505051	0.00606060606061	0	0	0	0	0	0	0	0.00909090909091	0	0	0.0020202020202	0.0010101010101	0.0121212121212	0	0.0111111111111	0	0	0	0	0.0010101010101	0.0747474747475	0.00707070707071	0	0	0	0	0	0	0	0	0	0	0	0.0111111111111	0	0	0	0	0	0	0	0	0.516161616162
U.T3.R3.S1	377.328629032258	1.012181	3004.21052631579	0.125252525253	0.0282828282828	0.0141414141414	0.0353535353535	0	0	0	0	0	0	0	0	0	0	0.0010101010101	0	0.0010101010101	0	0	0.00505050505051	0.0141414141414	0.0020202020202	0	0	0.0030303030303	0.0010101010101	0	0.0010101010101	0	0	0.00606060606061	0.0030303030303	0	0.0020202020202	0	0.0010101010101	0	0	0.0161616161616	0	0.0030303030303	0.0040404040404	0.00707070707071	0.0111111111111	0.0020202020202	0	0.0121212121212	0.00707070707071	0	0.0010101010101	0	0	0.0010101010101	0.0010101010101	0.0020202020202	0.0040404040404	0	0	0	0	0.0323232323232	0.00606060606061	0.00606060606061	0	0	0	0.0010101010101	0	0	0	0.00505050505051	0.00505050505051	0	0.0010101010101	0.00606060606061	0.0131313131313	0	0.0242424242424	0	0.0020202020202	0.0020202020202	0	0.0010101010101	0.0343434343434	0.0181818181818	0	0	0	0	0	0	0	0	0	0	0	0.0040404040404	0	0	0.0010101010101	0	0	0	0	0	0.522222222222
U.T3.R3.S2	289.052419354838	0.706214	4524.21052631579	0.137614678899	0.0224260958206	0.0122324159021	0.0142711518858	0	0	0	0	0	0	0	0	0.00203873598369	0	0.00509683995923	0	0	0	0.00101936799185	0.00509683995923	0.0122324159021	0.00305810397554	0	0	0	0	0	0	0	0	0.00713557594292	0.00305810397554	0	0	0	0.00407747196738	0	0	0.0101936799185	0	0.00203873598369	0.00101936799185	0.0173292558614	0.00305810397554	0.00305810397554	0	0.0244648318043	0.00611620795107	0	0.00101936799185	0	0	0.00203873598369	0	0.00203873598369	0.00101936799185	0	0.00101936799185	0	0	0.0173292558614	0.00815494393476	0.00203873598369	0	0	0	0.00101936799185	0	0	0	0.00611620795107	0.00407747196738	0	0.00101936799185	0.00917431192661	0.0305810397554	0	0.0183486238532	0.00305810397554	0	0.00509683995923	0	0	0.0254841997961	0.0101936799185	0	0	0	0	0	0	0.00815494393476	0	0	0	0	0.00713557594292	0	0	0.00407747196738	0	0	0	0	0	0.535168195719
U.T3.R3.S3	707.733870967742	1.22144	5383.15789473684	0.116349047141	0.100300902708	0.0160481444333	0.00300902708124	0	0.00401203610832	0	0	0	0	0	0.00200601805416	0	0	0	0	0	0	0	0.00401203610832	0.0150451354062	0.00200601805416	0.00100300902708	0	0	0	0	0	0	0	0.00100300902708	0	0.00100300902708	0	0	0	0	0	0.0170511534604	0	0.00100300902708	0.00200601805416	0.00802407221665	0	0.00100300902708	0	0.0190571715145	0.00501504513541	0	0	0.00100300902708	0	0	0.00200601805416	0.00300902708124	0.00100300902708	0	0	0	0	0.0140421263791	0.0100300902708	0.00501504513541	0	0	0	0	0	0	0	0.0170511534604	0.00200601805416	0	0.00802407221665	0.00300902708124	0.0200601805416	0	0.0140421263791	0.00100300902708	0.00100300902708	0	0	0.00100300902708	0.0220661985958	0.00501504513541	0	0	0	0	0	0	0.00401203610832	0	0	0	0	0.00200601805416	0	0	0	0	0	0	0	0	0.544633901705
U.T3.R4.S1	392.461693548387	1.080494	6212.63157894737	0.144153225806	0.023185483871	0.0161290322581	0.0332661290323	0	0	0	0	0.00100806451613	0	0	0.00201612903226	0	0	0	0	0	0	0	0.00100806451613	0.0342741935484	0.00100806451613	0	0	0	0	0	0	0	0	0.00403225806452	0.00302419354839	0	0	0	0	0	0	0.0604838709677	0	0.00403225806452	0.00403225806452	0.0504032258065	0.00302419354839	0.00403225806452	0	0.0181451612903	0.00504032258065	0	0.00201612903226	0.00100806451613	0	0.00100806451613	0.00100806451613	0.0141129032258	0.00403225806452	0.00201612903226	0	0.00100806451613	0	0.023185483871	0.00907258064516	0.0070564516129	0	0	0	0	0	0	0	0.00504032258065	0	0	0.00100806451613	0.00403225806452	0.00604838709677	0.00100806451613	0.0110887096774	0	0	0	0	0.00201612903226	0.0211693548387	0.00806451612903	0	0	0	0	0	0	0	0	0	0	0	0.0100806451613	0	0	0	0	0	0.00100806451613	0	0	0.451612903226
U.T3.R4.S2	536.225806451613	0.689547	5774.73684210526	0.0884422110553	0.0150753768844	0.0190954773869	0.0261306532663	0.00100502512563	0	0	0	0	0	0	0	0	0	0	0	0.00100502512563	0	0.00100502512563	0.00402010050251	0.0281407035176	0.00201005025126	0	0	0	0	0	0.00301507537688	0	0	0.00502512562814	0.00402010050251	0	0	0	0	0	0	0.0482412060302	0	0.00402010050251	0.00301507537688	0.0130653266332	0.00402010050251	0.00100502512563	0	0.0241206030151	0.0120603015075	0	0.00100502512563	0.00100502512563	0	0.00100502512563	0.00201005025126	0.00201005025126	0	0.00100502512563	0	0	0	0.0150753768844	0.00804020100503	0.00301507537688	0	0.00100502512563	0	0.00201005025126	0	0	0	0.00201005025126	0	0.00100502512563	0	0.00301507537688	0.00301507537688	0	0.0281407035176	0	0.00100502512563	0	0	0	0.0241206030151	0.0140703517588	0	0	0	0	0	0	0	0	0.00100502512563	0	0	0.0100502512563	0	0	0.00100502512563	0	0	0	0	0	0.566834170854
U.T3.R4.S3	677.467741935484	0.74572	8317.8947368421	0.132323232323	0.0282828282828	0.0121212121212	0.00606060606061	0.0020202020202	0	0	0	0.0010101010101	0	0	0.0010101010101	0	0	0	0	0	0	0	0.0040404040404	0.0383838383838	0.0010101010101	0.0010101010101	0	0	0	0	0.0030303030303	0	0	0.0030303030303	0.00505050505051	0	0.0010101010101	0	0	0	0.0010101010101	0.0494949494949	0	0.00707070707071	0.0030303030303	0.0141414141414	0.00808080808081	0.0020202020202	0	0.0272727272727	0.00808080808081	0	0.0030303030303	0	0	0	0.0020202020202	0.0020202020202	0.0020202020202	0.0010101010101	0	0	0	0.030303030303	0.00808080808081	0.0020202020202	0	0	0	0.0020202020202	0	0	0	0.0121212121212	0.0010101010101	0	0.0010101010101	0.00505050505051	0.00909090909091	0	0.030303030303	0.0010101010101	0	0	0	0.0020202020202	0.0212121212121	0.0222222222222	0	0	0	0	0	0	0	0	0	0	0	0.00808080808081	0	0	0	0	0	0.0010101010101	0	0	0.473737373737
U.T4.R1.S1	584.989584677419	1.221857	6915.78947368421	0.16380182002	0.0283114256825	0.0202224469161	0.0525783619818	0.0010111223458	0.0010111223458	0	0	0.00202224469161	0	0	0	0	0	0	0	0	0	0	0.010111223458	0.0171890798787	0.00303336703741	0.0010111223458	0	0	0	0	0.00202224469161	0	0.0010111223458	0.00202224469161	0.00404448938322	0	0	0	0	0	0	0.0303336703741	0.0010111223458	0.00404448938322	0	0.0111223458038	0.0010111223458	0.00202224469161	0.0010111223458	0.0252780586451	0.0171890798787	0	0	0.00202224469161	0	0	0	0.00202224469161	0.00303336703741	0	0	0	0	0.0343781597573	0.00505561172902	0.0010111223458	0	0	0.00606673407482	0.0010111223458	0.0010111223458	0	0	0.0202224469161	0	0	0.0010111223458	0.00202224469161	0.0141557128413	0	0.0273003033367	0.00202224469161	0	0.00505561172902	0	0	0.0182002022245	0.010111223458	0	0	0	0	0	0	0	0	0	0	0	0.0121334681496	0	0	0	0	0	0	0	0	0.429726996967
U.T4.R1.S2	554.723455645161	1.273333	5589.47368421053	0.160481444333	0.025075225677	0.0180541624875	0.0130391173521	0.00300902708124	0.00200601805416	0	0	0.00100300902708	0	0	0	0	0	0.00401203610832	0	0.00100300902708	0	0.00300902708124	0.0130391173521	0.0260782347041	0.00702106318957	0.00200601805416	0	0	0.00100300902708	0	0.00100300902708	0	0	0.00300902708124	0.00902708124373	0	0	0	0	0	0	0.0351053159478	0	0.00300902708124	0.00802407221665	0.00902708124373	0.00100300902708	0.00100300902708	0	0.0300902708124	0.0160481444333	0	0.00200601805416	0.00300902708124	0	0.00100300902708	0.00401203610832	0.0100300902708	0.00200601805416	0	0	0	0	0.0220661985958	0.00802407221665	0.00200601805416	0	0	0	0.00300902708124	0	0	0	0.0341023069208	0	0	0.00200601805416	0.0100300902708	0.0180541624875	0	0.0270812437312	0	0.00100300902708	0	0	0	0.0170511534604	0.00601805416249	0	0	0	0	0	0	0	0	0	0	0	0.0110330992979	0	0	0	0	0	0	0	0	0.420260782347
U.T4.R1.S3	894.375	1.044008	5972.63157894737	0.173387096774	0.0151209677419	0.0141129032258	0.0141129032258	0.00100806451613	0.00403225806452	0	0	0	0	0	0.00302419354839	0	0	0	0	0.00100806451613	0	0.00806451612903	0.0070564516129	0.0695564516129	0.00403225806452	0.00201612903226	0	0	0	0	0	0	0	0	0.00302419354839	0	0.00100806451613	0	0	0	0	0.054435483871	0	0.00403225806452	0.00403225806452	0.0151209677419	0.00604838709677	0.00100806451613	0	0.0554435483871	0.0110887096774	0	0	0	0	0.00100806451613	0.00100806451613	0.00201612903226	0	0.00201612903226	0	0	0	0.0181451612903	0.0070564516129	0.00100806451613	0	0	0	0.00302419354839	0	0	0	0.0181451612903	0.00403225806452	0	0	0.0070564516129	0.0070564516129	0	0.03125	0	0	0	0	0.00100806451613	0.0191532258065	0.00302419354839	0	0	0	0	0	0	0	0	0	0	0	0.0131048387097	0	0	0	0	0	0	0	0	0.389112903226
U.T4.R2.S1	692.600806451613	1.522911	6747.36842105263	0.154314720812	0.0223350253807	0.0131979695431	0.0162436548223	0.0010152284264	0	0	0	0	0	0	0.0162436548223	0	0	0	0	0	0	0.00203045685279	0.0142131979695	0.0152284263959	0.00203045685279	0	0	0	0	0	0	0	0	0.00203045685279	0.00304568527919	0	0	0.00406091370558	0.0152284263959	0	0	0.0548223350254	0	0.00203045685279	0.00609137055838	0.00507614213198	0.00203045685279	0.0010152284264	0	0.0142131979695	0.010152284264	0	0	0	0	0	0.00203045685279	0	0.0010152284264	0	0	0	0	0.0192893401015	0.00406091370558	0	0	0	0.0010152284264	0.0010152284264	0	0	0	0.0192893401015	0.00203045685279	0	0.00203045685279	0.0010152284264	0.00913705583756	0.0639593908629	0.0152284263959	0.0010152284264	0	0	0	0	0.0131979695431	0.00812182741117	0	0	0	0	0	0	0	0	0	0	0	0.010152284264	0	0	0	0	0	0	0	0	0.449746192893
U.T4.R2.S2	751.453294354839	1.278608	6448.42105263158	0.16480162767	0.0152594099695	0.00915564598169	0.0315361139369	0.00101729399797	0	0	0	0.00101729399797	0	0	0.00101729399797	0	0	0.0030518819939	0	0	0	0.00203458799593	0.00508646998983	0.0803662258393	0.00813835198372	0.00101729399797	0	0	0	0	0.00101729399797	0	0	0.00203458799593	0.00101729399797	0	0	0	0	0	0	0.0488301119023	0.00101729399797	0.00101729399797	0.00712105798576	0.030518819939	0.00508646998983	0.00203458799593	0	0.0172939979654	0.029501525941	0	0	0.00203458799593	0	0.00813835198372	0.0122075279756	0.0030518819939	0.00101729399797	0	0.00101729399797	0	0	0.0162767039674	0.00712105798576	0.00101729399797	0	0	0	0.00101729399797	0	0	0	0.0111902339776	0.00101729399797	0	0.0030518819939	0.00203458799593	0.0142421159715	0	0.0162767039674	0	0	0	0	0	0.0254323499491	0.00712105798576	0	0	0	0	0	0	0	0	0	0	0	0.0101729399797	0	0	0	0	0	0.00203458799593	0	0	0.384537131231
U.T4.R2.S3	568.171705645161	1.424599	5075.78947368421	0.159229208925	0.025354969574	0.0131845841785	0.00507099391481	0.00101419878296	0.00202839756592	0	0	0	0	0	0.00709939148073	0	0	0	0	0	0	0.00101419878296	0.0466531440162	0.025354969574	0.00912778904665	0	0	0	0	0	0	0	0	0.00202839756592	0.00101419878296	0	0	0.00202839756592	0	0	0	0.0375253549696	0	0.00507099391481	0.00304259634888	0.0192697768763	0	0.00202839756592	0	0.0202839756592	0.0283975659229	0	0.00202839756592	0.00101419878296	0	0.0111561866126	0.00202839756592	0	0.00304259634888	0	0	0	0	0.026369168357	0.00304259634888	0.00101419878296	0	0	0	0	0	0	0	0.00912778904665	0	0	0.0192697768763	0.00405679513185	0.00912778904665	0.00304259634888	0.0172413793103	0	0	0	0	0	0.0192697768763	0.00507099391481	0	0	0	0	0	0	0	0	0	0	0	0.00811359026369	0	0	0	0	0	0	0	0	0.440162271805
U.T4.R3.S1	473.171370967742	1.014684	3416.84210526316	0.154002026342	0.0283687943262	0.0202634245187	0.06484295846	0.00202634245187	0	0	0	0	0	0	0.00202634245187	0	0	0	0	0.00101317122594	0	0	0.00506585612969	0.0192502532928	0.00506585612969	0	0	0	0	0	0	0	0	0.00202634245187	0.0121580547112	0.00101317122594	0	0	0	0	0	0.0557244174265	0.00202634245187	0.00506585612969	0.00101317122594	0.0243161094225	0.00405268490375	0.00405268490375	0	0.0212765957447	0.0131712259372	0	0.00506585612969	0.00101317122594	0	0	0.00101317122594	0.00101317122594	0.00101317122594	0.00101317122594	0	0	0	0.0405268490375	0.00405268490375	0.00405268490375	0	0	0	0	0	0	0.00101317122594	0.0131712259372	0.00101317122594	0	0	0.00101317122594	0.00607902735562	0	0.0222897669706	0.00202634245187	0	0	0	0	0.0192502532928	0.00709219858156	0	0	0	0	0	0	0	0	0	0	0	0.0081053698075	0	0	0	0	0	0	0	0	0.412360688956
U.T4.R3.S2	210.864919354839	0.987679	5480	0.124368048534	0.0151668351871	0.0151668351871	0.00808897876643	0.0010111223458	0	0	0	0	0	0	0.00505561172902	0	0	0	0.0010111223458	0.00404448938322	0	0.00202224469161	0.0111223458038	0.0343781597573	0.00303336703741	0	0	0	0	0	0	0	0	0.00202224469161	0.00808897876643	0	0.00303336703741	0	0	0	0	0.0556117290192	0	0.00505561172902	0.00505561172902	0.041456016178	0.00606673407482	0.00202224469161	0	0.0242669362993	0.0242669362993	0	0	0.00707785642063	0	0	0.00404448938322	0.00505561172902	0.0313447927199	0.00202224469161	0	0	0	0.0212335692619	0.00303336703741	0.00202224469161	0	0	0	0.00202224469161	0	0	0	0.00606673407482	0	0	0.00505561172902	0.00505561172902	0.00505561172902	0	0.0171890798787	0	0.0010111223458	0	0	0	0.0252780586451	0.00505561172902	0	0	0	0	0	0	0	0	0	0	0	0.0141557128413	0	0	0.0010111223458	0	0	0	0	0	0.435793731041
U.T4.R3.S3	321.840725806451	1.087046	5922.1052631579	0.079797979798	0.0121212121212	0.010101010101	0.00606060606061	0.0010101010101	0	0	0	0	0	0	0	0	0	0	0	0.0010101010101	0	0	0.020202020202	0.0343434343434	0.0010101010101	0	0	0	0	0	0.0010101010101	0	0	0.00505050505051	0.0010101010101	0	0	0	0	0	0	0.0383838383838	0	0.0010101010101	0.00606060606061	0.0181818181818	0.0010101010101	0.0020202020202	0	0.0232323232323	0.0111111111111	0	0.0020202020202	0.0020202020202	0	0	0.0020202020202	0.00505050505051	0	0	0	0.0010101010101	0	0.0222222222222	0.00505050505051	0.0020202020202	0	0	0	0	0	0	0	0.00505050505051	0.0010101010101	0	0.0020202020202	0.00505050505051	0.00909090909091	0.00808080808081	0.0121212121212	0	0	0	0	0	0.0171717171717	0.00606060606061	0	0	0	0	0	0	0.0020202020202	0	0	0	0	0.0141414141414	0	0	0.0010101010101	0	0	0	0	0	0.60202020202
U.T4.R4.S1	632.068548387097	1.103924	2587.36842105263	0.134343434343	0.0242424242424	0.0181818181818	0.0535353535354	0.0010101010101	0	0	0	0	0	0	0	0	0	0	0	0.0020202020202	0	0.0030303030303	0.0010101010101	0.0181818181818	0.0010101010101	0	0	0	0	0	0.0020202020202	0	0.0020202020202	0.00606060606061	0.0040404040404	0	0	0	0	0	0	0.0212121212121	0	0.0020202020202	0.00707070707071	0.010101010101	0.0020202020202	0	0	0.0232323232323	0.0131313131313	0	0.0020202020202	0	0	0	0.0020202020202	0.0040404040404	0.0030303030303	0	0	0	0	0.0272727272727	0.00707070707071	0.00606060606061	0	0	0.0020202020202	0	0	0	0	0.0181818181818	0.0030303030303	0	0.0040404040404	0.0010101010101	0.0161616161616	0.0010101010101	0.0232323232323	0	0	0.0010101010101	0	0	0.0171717171717	0.00606060606061	0	0	0	0	0	0	0	0	0	0	0	0.0020202020202	0	0	0	0	0	0	0	0	0.50404040404
U.T4.R4.S2	674.103157258064	1.198439	5383.15789473684	0.130653266332	0.0211055276382	0.0070351758794	0.0331658291457	0.00100502512563	0	0	0	0.00100502512563	0	0	0.00100502512563	0	0	0	0	0	0	0.00100502512563	0.00603015075377	0.0190954773869	0.0070351758794	0.00100502512563	0	0.00100502512563	0	0	0.00301507537688	0	0	0.0150753768844	0.0231155778894	0	0	0	0	0	0	0.043216080402	0	0.00402010050251	0.00301507537688	0.0180904522613	0.00402010050251	0.00100502512563	0	0.0733668341709	0.0140703517588	0	0.00100502512563	0.00301507537688	0	0	0.00100502512563	0.00201005025126	0.00100502512563	0	0	0	0	0.0221105527638	0.00402010050251	0.00301507537688	0	0	0	0	0	0	0	0.0070351758794	0.00301507537688	0	0.00100502512563	0.00502512562814	0.0100502512563	0	0.0160804020101	0	0	0	0	0	0.0391959798995	0.00804020100503	0	0	0	0	0	0	0	0	0	0	0	0.00904522613065	0	0	0	0	0	0	0	0	0.43216080402
U.T4.R4.S3	381.530576612903	1.092321	7816.84210526316	0.126518218623	0.0242914979757	0.0101214574899	0.00708502024291	0.00101214574899	0	0	0	0.0080971659919	0	0	0	0	0	0	0	0	0	0	0.00101214574899	0.0293522267206	0.00202429149798	0	0	0	0	0	0.00708502024291	0	0	0.00101214574899	0.00303643724696	0	0	0	0	0	0	0.0354251012146	0	0.00303643724696	0.00506072874494	0.0111336032389	0.00404858299595	0.00303643724696	0	0.0222672064777	0.0222672064777	0	0.00101214574899	0.00708502024291	0	0	0.00202429149798	0.00101214574899	0.00101214574899	0	0	0	0	0.0283400809717	0.00708502024291	0.00404858299595	0	0	0	0	0	0	0	0.0172064777328	0.0080971659919	0	0.00202429149798	0.00607287449393	0.00101214574899	0.0080971659919	0.0141700404858	0.00202429149798	0.00101214574899	0	0	0	0.0222672064777	0.00607287449393	0	0	0	0	0	0	0	0	0	0	0	0.00303643724696	0.00101214574899	0	0	0	0	0	0	0	0.529352226721
