#OTU ID,POX-C,B-glucosidase,Protein,Unassigned;Other;Other;Other;Other;Other;Other,k__Fungi;Other;Other;Other;Other;Other;Other,k__Fungi;p__Ascomycota;Other;Other;Other;Other;Other,k__Fungi;p__Ascomycota;c__Dothideomycetes;Other;Other;Other;Other,k__Fungi;p__Ascomycota;c__Dothideomycetes;o__Botryosphaeriales;f__Botryosphaeriaceae;g__Macrophomina;s__Macrophomina_phaseolina,k__Fungi;p__Ascomycota;c__Dothideomycetes;o__Capnodiales;f__Mycosphaerellaceae;g__Cercospora;Other,k__Fungi;p__Ascomycota;c__Dothideomycetes;o__Incertae_sedis;f__Myxotrichaceae;Other;Other,k__Fungi;p__Ascomycota;c__Dothideomycetes;o__Incertae_sedis;f__Myxotrichaceae;g__Oidiodendron;s__Oidiodendron_truncatum,k__Fungi;p__Ascomycota;c__Dothideomycetes;o__Incertae_sedis;f__Myxotrichaceae;g__unidentified;Other,k__Fungi;p__Ascomycota;c__Dothideomycetes;o__Pleosporales;f__Incertae_sedis;Other;Other,k__Fungi;p__Ascomycota;c__Dothideomycetes;o__Pleosporales;f__Sporormiaceae;Other;Other,k__Fungi;p__Ascomycota;c__Dothideomycetes;o__Pleosporales;f__Sporormiaceae;g__Preussia;Other,k__Fungi;p__Ascomycota;c__Dothideomycetes;o__Pleosporales;f__Tubeufiaceae;g__Tubeufia;s__Tubeufia_helicomyces,k__Fungi;p__Ascomycota;c__Eurotiomycetes;o__Chaetothyriales;f__Chaetothyriaceae;g__Cyphellophora;Other,k__Fungi;p__Ascomycota;c__Eurotiomycetes;o__Chaetothyriales;f__Herpotrichiellaceae;g__Cladophialophora;s__Cladophialophora_chaetospira,k__Fungi;p__Ascomycota;c__Eurotiomycetes;o__Eurotiales;f__Trichocomaceae;Other;Other,k__Fungi;p__Ascomycota;c__Eurotiomycetes;o__Eurotiales;f__Trichocomaceae;g__Aspergillus;s__Aspergillus_fumigatus,k__Fungi;p__Ascomycota;c__Eurotiomycetes;o__Eurotiales;f__Trichocomaceae;g__Aspergillus;s__Aspergillus_niger,k__Fungi;p__Ascomycota;c__Eurotiomycetes;o__Eurotiales;f__Trichocomaceae;g__Aspergillus;s__Aspergillus_oryzaeAspergillus_oryzae,k__Fungi;p__Ascomycota;c__Eurotiomycetes;o__Eurotiales;f__Trichocomaceae;g__Eurotium;Other,k__Fungi;p__Ascomycota;c__Eurotiomycetes;o__Eurotiales;f__Trichocomaceae;g__Neosartorya;s__Neosartorya_fischeri,k__Fungi;p__Ascomycota;c__Eurotiomycetes;o__Eurotiales;f__Trichocomaceae;g__Paecilomyces;Other,k__Fungi;p__Ascomycota;c__Eurotiomycetes;o__Eurotiales;f__Trichocomaceae;g__Paecilomyces;s__Paecilomyces_lilacinus,k__Fungi;p__Ascomycota;c__Eurotiomycetes;o__Eurotiales;f__Trichocomaceae;g__Paecilomyces;s__Paecilomyces_marquandii,k__Fungi;p__Ascomycota;c__Eurotiomycetes;o__Eurotiales;f__Trichocomaceae;g__Paecilomyces;s__Paecilomyces_tenuis,k__Fungi;p__Ascomycota;c__Eurotiomycetes;o__Eurotiales;f__Trichocomaceae;g__Penicillium;Other,k__Fungi;p__Ascomycota;c__Eurotiomycetes;o__Eurotiales;f__Trichocomaceae;g__Penicillium;s__Penicillium_citrinum,k__Fungi;p__Ascomycota;c__Eurotiomycetes;o__Eurotiales;f__Trichocomaceae;g__Penicillium;s__Penicillium_sp_YM3II,k__Fungi;p__Ascomycota;c__Eurotiomycetes;o__Eurotiales;f__Trichocomaceae;g__Phialosimplex;Other,k__Fungi;p__Ascomycota;c__Eurotiomycetes;o__Eurotiales;f__Trichocomaceae;g__Talaromyces;Other,k__Fungi;p__Ascomycota;c__Eurotiomycetes;o__Eurotiales;f__Trichocomaceae;g__Talaromyces;s__Talaromyces_luteus,k__Fungi;p__Ascomycota;c__Eurotiomycetes;o__Eurotiales;f__Trichocomaceae;g__Talaromyces;s__Talaromyces_subinflatus,k__Fungi;p__Ascomycota;c__Incertae_sedis;o__Incertae_sedis;f__Incertae_sedis;g__Ilyonectria;s__Ilyonectria_macrodidyma,k__Fungi;p__Ascomycota;c__Incertae_sedis;o__Incertae_sedis;f__Incertae_sedis;g__Pseudorobillarda;s__Pseudorobillarda_sojae,k__Fungi;p__Ascomycota;c__Incertae_sedis;o__Incertae_sedis;f__Incertae_sedis;g__Vermispora;s__Vermispora_fusarina,k__Fungi;p__Ascomycota;c__Incertae_sedis;o__Incertae_sedis;f__Incertae_sedis;g__Veronaea;Other,k__Fungi;p__Ascomycota;c__Leotiomycetes;o__Helotiales;Other;Other;Other,k__Fungi;p__Ascomycota;c__Leotiomycetes;o__Helotiales;f__Helotiaceae;Other;Other,k__Fungi;p__Ascomycota;c__Leotiomycetes;o__Helotiales;f__Sclerotiniaceae;g__Sclerotinia;s__Sclerotinia_sclerotiorum,k__Fungi;p__Ascomycota;c__Leotiomycetes;o__Helotiales;f__unidentified;g__unidentified;Other,k__Fungi;p__Ascomycota;c__Leotiomycetes;o__Helotiales;f__unidentified;g__unidentified;s__unculturedHelotiales,k__Fungi;p__Ascomycota;c__Leotiomycetes;o__Leotiales;f__Leotiaceae;g__Neobulgaria;Other,k__Fungi;p__Ascomycota;c__Leotiomycetes;o__Leotiales;f__Leotiaceae;g__unidentified;s__unculturedNeobulgaria,k__Fungi;p__Ascomycota;c__Leotiomycetes;o__unidentified;f__unidentified;g__unidentified;s__unculturedLeotiomycetes,k__Fungi;p__Ascomycota;c__Pezizomycetes;o__Pezizales;f__Helvellaceae;Other;Other,k__Fungi;p__Ascomycota;c__Pezizomycetes;o__Pezizales;f__Pezizaceae;g__Peziza;Other,k__Fungi;p__Ascomycota;c__Pezizomycetes;o__Pezizales;f__Pezizaceae;g__Peziza;s__Peziza_subcitrina,k__Fungi;p__Ascomycota;c__Pezizomycetes;o__Pezizales;f__Pezizaceae;g__unidentified;s__Pezizaceae_sp_F13,k__Fungi;p__Ascomycota;c__Saccharomycetes;o__Saccharomycetales;f__Saccharomycetaceae;g__Williopsis;s__Williopsis_saturnus,k__Fungi;p__Ascomycota;c__Sordariomycetes;Other;Other;Other;Other,k__Fungi;p__Ascomycota;c__Sordariomycetes;o__Chaetosphaeriales;f__Chaetosphaeriaceae;Other;Other,k__Fungi;p__Ascomycota;c__Sordariomycetes;o__Chaetosphaeriales;f__Chaetosphaeriaceae;g__Chaetosphaeria;Other,k__Fungi;p__Ascomycota;c__Sordariomycetes;o__Chaetosphaeriales;f__Chaetosphaeriaceae;g__Chloridium;s__Chloridium_sp_TMS_2011,k__Fungi;p__Ascomycota;c__Sordariomycetes;o__Coniochaetales;Other;Other;Other,k__Fungi;p__Ascomycota;c__Sordariomycetes;o__Coniochaetales;f__Coniochaetaceae;g__Lecythophora;Other,k__Fungi;p__Ascomycota;c__Sordariomycetes;o__Coniochaetales;f__Coniochaetaceae;g__Lecythophora;s__Lecythophora_hoffmannii,k__Fungi;p__Ascomycota;c__Sordariomycetes;o__Coniochaetales;f__unidentified;g__unidentified;Other,k__Fungi;p__Ascomycota;c__Sordariomycetes;o__Coniochaetales;f__unidentified;g__unidentified;s__Coniochaetales_sp_GMG_C4,k__Fungi;p__Ascomycota;c__Sordariomycetes;o__Diaporthales;f__Valsaceae;g__Phomopsis;Other,k__Fungi;p__Ascomycota;c__Sordariomycetes;o__Hypocreales;Other;Other;Other,k__Fungi;p__Ascomycota;c__Sordariomycetes;o__Hypocreales;f__Bionectriaceae;g__Bionectria;s__Bionectria_ochroleuca,k__Fungi;p__Ascomycota;c__Sordariomycetes;o__Hypocreales;f__Bionectriaceae;g__Stephanonectria;s__Stephanonectria_keithii,k__Fungi;p__Ascomycota;c__Sordariomycetes;o__Hypocreales;f__Clavicipitaceae;Other;Other,k__Fungi;p__Ascomycota;c__Sordariomycetes;o__Hypocreales;f__Clavicipitaceae;g__Metarhizium;s__Metarhizium_anisopliae,k__Fungi;p__Ascomycota;c__Sordariomycetes;o__Hypocreales;f__Clavicipitaceae;g__Nomuraea;s__Nomuraea_rileyi,k__Fungi;p__Ascomycota;c__Sordariomycetes;o__Hypocreales;f__Clavicipitaceae;g__Pochonia;Other,k__Fungi;p__Ascomycota;c__Sordariomycetes;o__Hypocreales;f__Clavicipitaceae;g__Pochonia;s__Pochonia_bulbillosa,k__Fungi;p__Ascomycota;c__Sordariomycetes;o__Hypocreales;f__Hypocreaceae;Other;Other,k__Fungi;p__Ascomycota;c__Sordariomycetes;o__Hypocreales;f__Hypocreaceae;g__Hypocrea;Other,k__Fungi;p__Ascomycota;c__Sordariomycetes;o__Hypocreales;f__Hypocreaceae;g__Trichoderma;Other,k__Fungi;p__Ascomycota;c__Sordariomycetes;o__Hypocreales;f__Hypocreaceae;g__Trichoderma;s__Trichoderma_rossicum,k__Fungi;p__Ascomycota;c__Sordariomycetes;o__Hypocreales;f__Hypocreaceae;g__Trichoderma;s__Trichoderma_sp_H09,k__Fungi;p__Ascomycota;c__Sordariomycetes;o__Hypocreales;f__Incertae_sedis;g__Acremonium;Other,k__Fungi;p__Ascomycota;c__Sordariomycetes;o__Hypocreales;f__Incertae_sedis;g__Acremonium;s__Acremonium_implicatum,k__Fungi;p__Ascomycota;c__Sordariomycetes;o__Hypocreales;f__Incertae_sedis;g__Myrothecium;Other,k__Fungi;p__Ascomycota;c__Sordariomycetes;o__Hypocreales;f__Incertae_sedis;g__Stachybotrys;Other,k__Fungi;p__Ascomycota;c__Sordariomycetes;o__Hypocreales;f__Incertae_sedis;g__Stachybotrys;s__Stachybotrys_bisbyi,k__Fungi;p__Ascomycota;c__Sordariomycetes;o__Hypocreales;f__Incertae_sedis;g__Stilbella;s__Stilbella_sp_1_TMS_2011,k__Fungi;p__Ascomycota;c__Sordariomycetes;o__Hypocreales;f__Nectriaceae;Other;Other,k__Fungi;p__Ascomycota;c__Sordariomycetes;o__Hypocreales;f__Nectriaceae;g__Fusarium;Other,k__Fungi;p__Ascomycota;c__Sordariomycetes;o__Hypocreales;f__Nectriaceae;g__Fusarium;s__Fusarium_sp_JJP_2009a,k__Fungi;p__Ascomycota;c__Sordariomycetes;o__Hypocreales;f__Nectriaceae;g__Neonectria;Other,k__Fungi;p__Ascomycota;c__Sordariomycetes;o__Hypocreales;f__Nectriaceae;g__Volutella;Other,k__Fungi;p__Ascomycota;c__Sordariomycetes;o__Hypocreales;f__unidentified;g__unidentified;s__unculturedHypocreales,k__Fungi;p__Ascomycota;c__Sordariomycetes;o__Incertae_sedis;f__Glomerellaceae;g__Glomerella;Other,k__Fungi;p__Ascomycota;c__Sordariomycetes;o__Incertae_sedis;f__Incertae_sedis;g__Myrmecridium;Other,k__Fungi;p__Ascomycota;c__Sordariomycetes;o__Incertae_sedis;f__Magnaporthaceae;g__Gaeumannomyces;Other,k__Fungi;p__Ascomycota;c__Sordariomycetes;o__Incertae_sedis;f__Magnaporthaceae;g__Mycoleptodiscus;s__Mycoleptodiscus_terrestris,k__Fungi;p__Ascomycota;c__Sordariomycetes;o__Incertae_sedis;f__Plectosphaerellaceae;Other;Other,k__Fungi;p__Ascomycota;c__Sordariomycetes;o__Incertae_sedis;f__Plectosphaerellaceae;g__Plectosphaerella;Other,k__Fungi;p__Ascomycota;c__Sordariomycetes;o__Phyllachorales;f__Phyllachoraceae;g__Colletotrichum;Other,k__Fungi;p__Ascomycota;c__Sordariomycetes;o__Sordariales;Other;Other;Other,k__Fungi;p__Ascomycota;c__Sordariomycetes;o__Sordariales;f__Chaetomiaceae;Other;Other,k__Fungi;p__Ascomycota;c__Sordariomycetes;o__Sordariales;f__Chaetomiaceae;g__Chaetomium;Other,k__Fungi;p__Ascomycota;c__Sordariomycetes;o__Sordariales;f__Chaetomiaceae;g__Chaetomium;s__Chaetomium_cupreum,k__Fungi;p__Ascomycota;c__Sordariomycetes;o__Sordariales;f__Chaetomiaceae;g__Chaetomium;s__Chaetomium_globosum,k__Fungi;p__Ascomycota;c__Sordariomycetes;o__Sordariales;f__Chaetomiaceae;g__Chaetomium;s__Chaetomium_sp_ATT038,k__Fungi;p__Ascomycota;c__Sordariomycetes;o__Sordariales;f__Lasiosphaeriaceae;Other;Other,k__Fungi;p__Ascomycota;c__Sordariomycetes;o__Sordariales;f__Lasiosphaeriaceae;g__Cercophora;s__Cercophora_coprophila,k__Fungi;p__Ascomycota;c__Sordariomycetes;o__Sordariales;f__Lasiosphaeriaceae;g__Schizothecium;Other,k__Fungi;p__Ascomycota;c__Sordariomycetes;o__Sordariales;f__Lasiosphaeriaceae;g__Zopfiella;Other,k__Fungi;p__Ascomycota;c__Sordariomycetes;o__Sordariales;f__Lasiosphaeriaceae;g__unidentified;Other,k__Fungi;p__Ascomycota;c__Sordariomycetes;o__Sordariales;f__unidentified;g__unidentified;s__unculturedSordariales,k__Fungi;p__Ascomycota;c__Sordariomycetes;o__Xylariales;Other;Other;Other,k__Fungi;p__Ascomycota;c__Sordariomycetes;o__unidentified;f__unidentified;g__unidentified;s__Sordariomycetes_sp_SAB_2009a,k__Fungi;p__Ascomycota;c__Sordariomycetes;o__unidentified;f__unidentified;g__unidentified;s__Sordariomycetes_sp_TMS_2011,k__Fungi;p__Ascomycota;c__Sordariomycetes;o__unidentified;f__unidentified;g__unidentified;s__unidentified_sp.,k__Fungi;p__Ascomycota;c__unidentified;o__unidentified;f__unidentified;g__unidentified;Other,k__Fungi;p__Ascomycota;c__unidentified;o__unidentified;f__unidentified;g__unidentified;s__Ascomycota_sp_H33,k__Fungi;p__Ascomycota;c__unidentified;o__unidentified;f__unidentified;g__unidentified;s__unculturedAscomycota,k__Fungi;p__Ascomycota;c__unidentified;o__unidentified;f__unidentified;g__unidentified;s__unculturedTetracladium,k__Fungi;p__Ascomycota;c__unidentified;o__unidentified;f__unidentified;g__unidentified;s__unculturedZalerion,k__Fungi;p__Basidiomycota;Other;Other;Other;Other;Other,k__Fungi;p__Basidiomycota;c__Agaricomycetes;o__Boletales;f__Coniophoraceae;g__Coniophora;Other,k__Fungi;p__Basidiomycota;c__Agaricomycetes;o__Cantharellales;f__Ceratobasidiaceae;g__unidentified;Other,k__Fungi;p__Basidiomycota;c__Agaricomycetes;o__Corticiales;f__Corticiaceae;g__Waitea;s__Waitea_circinata,k__Fungi;p__Basidiomycota;c__Agaricomycetes;o__Geastrales;f__Geastraceae;g__Radiigera;s__Radiigera_fuscogleba,k__Fungi;p__Basidiomycota;c__Agaricomycetes;o__Polyporales;f__unidentified;g__unidentified;s__Polyporales_sp_1_SR_2012,k__Fungi;p__Basidiomycota;c__Agaricomycetes;o__Sebacinales;Other;Other;Other,k__Fungi;p__Basidiomycota;c__Agaricomycetes;o__Sebacinales;f__Sebacinaceae;g__unidentified;Other,k__Fungi;p__Basidiomycota;c__Agaricomycetes;o__Thelephorales;f__Thelephoraceae;g__Tomentellopsis;s__Tomentellopsis_sp.,k__Fungi;p__Basidiomycota;c__Agaricomycetes;o__unidentified;f__unidentified;g__unidentified;s__unidentified_sp.,k__Fungi;p__Basidiomycota;c__Cystobasidiomycetes;o__Cystobasidiales;f__Cystobasidiaceae;g__Occultifur;Other,k__Fungi;p__Basidiomycota;c__Tremellomycetes;Other;Other;Other;Other,k__Fungi;p__Basidiomycota;c__Tremellomycetes;o__Filobasidiales;Other;Other;Other,k__Fungi;p__Basidiomycota;c__Tremellomycetes;o__Filobasidiales;f__Filobasidiaceae;g__Cryptococcus;Other,k__Fungi;p__Basidiomycota;c__Tremellomycetes;o__Filobasidiales;f__Filobasidiaceae;g__Cryptococcus;s__Cryptococcus_laurentii,k__Fungi;p__Basidiomycota;c__Tremellomycetes;o__Tremellales;f__Cuniculitremaceae;g__Cuniculitrema;s__Cuniculitrema_polymorpha,k__Fungi;p__Basidiomycota;c__unidentified;o__unidentified;f__unidentified;g__unidentified;Other,k__Fungi;p__Basidiomycota;c__unidentified;o__unidentified;f__unidentified;g__unidentified;s__unculturedBasidiomycota,k__Fungi;p__Chytridiomycota;c__Chytridiomycetes;o__Rhizophydiales;f__Rhizophydiaceae;g__Rhizophydium;s__Rhizophydium_sp_JEL_223,k__Fungi;p__Chytridiomycota;c__Chytridiomycetes;o__Rhizophydiales;f__unidentified;g__unidentified;s__Rhizophydiales_sp_PL163L,k__Fungi;p__Chytridiomycota;c__unidentified;o__unidentified;f__unidentified;g__unidentified;s__unculturedChytridiomycota,k__Fungi;p__Glomeromycota;c__Glomeromycetes;o__Paraglomerales;Other;Other;Other,k__Fungi;p__Zygomycota;c__unidentified;o__unidentified;f__unidentified;g__unidentified;s__mucoromycote_sp_18_M_1,k__Fungi;p__unidentified;c__unidentified;o__unidentified;f__unidentified;g__unidentified;Other,k__Fungi;p__unidentified;c__unidentified;o__unidentified;f__unidentified;g__unidentified;s__fungal_endophyte,k__Fungi;p__unidentified;c__unidentified;o__unidentified;f__unidentified;g__unidentified;s__fungal_endophyte_sp_AlL2,k__Fungi;p__unidentified;c__unidentified;o__unidentified;f__unidentified;g__unidentified;s__fungal_endophyte_sp_ECD_2008,k__Fungi;p__unidentified;c__unidentified;o__unidentified;f__unidentified;g__unidentified;s__fungal_sp_H11,k__Fungi;p__unidentified;c__unidentified;o__unidentified;f__unidentified;g__unidentified;s__unculturedfungus,k__Fungi;p__unidentified;c__unidentified;o__unidentified;f__unidentified;g__unidentified;s__unculturedsoil_fungus,k__Fungi;p__unidentified;c__unidentified;o__unidentified;f__unidentified;g__unidentified;s__unculturedzygomycete
M.T1.R1.S1,869.1532258,1.906126126,6284.210526,0.152040816,0.041836735,0.014285714,0.063265306,0,0,0,0,0.001020408,0,0,0,0,0,0,0,0.006122449,0.001020408,0,0,0.001020408,0,0.003061224,0,0,0.031632653,0,0,0.008163265,0.001020408,0,0,0,0.001020408,0,0,0,0,0,0.005102041,0.003061224,0,0,0.001020408,0,0.001020408,0,0,0,0.01122449,0,0.008163265,0.007142857,0.026530612,0.002040816,0,0,0.021428571,0,0.015306122,0.001020408,0,0.001020408,0.001020408,0,0.001020408,0,0.003061224,0,0.001020408,0.001020408,0.001020408,0,0,0.004081633,0,0,0,0.003061224,0.006122449,0,0.001020408,0,0,0,0.001020408,0,0,0,0.035714286,0,0,0.006122449,0,0,0.001020408,0,0.008163265,0.001020408,0.015306122,0.001020408,0.003061224,0,0,0,0,0,0.001020408,0,0.021428571,0,0.004081633,0.01122449,0,0,0,0,0,0,0,0.004081633,0,0.004081633,0,0.02244898,0,0,0,0,0.004081633,0,0,0,0,0,0.119387755,0,0,0,0,0.259183673,0.009183673,0.015306122
M.T1.R1.S2,841.4092742,1.60509009,6250.526316,0.127401416,0.043478261,0.028311426,0.012133468,0,0,0,0.004044489,0.004044489,0,0,0,0.001011122,0,0.001011122,0,0.01314459,0,0,0,0.001011122,0.001011122,0,0,0,0.06471183,0,0,0.008088979,0.001011122,0,0,0,0.001011122,0,0,0,0,0,0.020222447,0,0.001011122,0,0,0,0.001011122,0,0,0,0.007077856,0,0.003033367,0.006066734,0.007077856,0,0,0,0.025278059,0,0.03033367,0.007077856,0,0,0,0,0,0,0.001011122,0,0.006066734,0,0,0.001011122,0,0,0,0,0,0.005055612,0.003033367,0,0.011122346,0,0,0,0,0,0,0,0.009100101,0,0,0.007077856,0,0,0.003033367,0,0.003033367,0,0.024266936,0.007077856,0.003033367,0,0,0,0,0,0.002022245,0,0.009100101,0,0.002022245,0.011122346,0,0,0,0,0,0,0,0,0,0,0,0.011122346,0,0,0,0,0,0,0,0,0,0,0.148634985,0,0,0,0,0.268958544,0.025278059,0.018200202
M.T1.R1.S3,720.3447581,1.428648649,6103.157895,0.101814516,0.054435484,0.01108871,0.021169355,0,0,0,0.007056452,0.007056452,0,0,0,0,0,0.001008065,0,0.01108871,0,0,0,0,0,0,0,0,0.045362903,0,0,0.016129032,0.001008065,0,0,0,0,0,0,0,0,0,0.010080645,0.001008065,0.001008065,0,0,0,0,0,0,0,0.001008065,0,0.006048387,0.02016129,0.012096774,0,0,0,0.014112903,0,0.017137097,0.002016129,0,0.003024194,0.001008065,0,0,0,0.005040323,0.001008065,0,0,0.002016129,0,0,0.001008065,0,0,0,0.001008065,0.005040323,0,0.003024194,0,0.001008065,0,0.001008065,0,0,0,0.006048387,0,0,0.008064516,0,0.002016129,0,0,0,0,0.033266129,0.004032258,0.005040323,0,0,0,0,0,0,0,0.006048387,0,0.005040323,0.01108871,0,0,0,0,0,0,0,0,0,0,0,0.018145161,0,0,0,0,0,0,0,0,0,0,0.118951613,0,0,0,0,0.349798387,0.023185484,0.023185484
M.T1.R2.S1,828.7983871,1.823558559,6280,0.181634712,0.038345106,0.015136226,0.02320888,0,0.004036327,0,0.002018163,0,0,0,0,0.003027245,0,0.001009082,0,0.004036327,0,0.001009082,0,0.002018163,0.003027245,0.002018163,0,0,0.02320888,0.002018163,0,0.003027245,0.004036327,0,0,0,0.001009082,0,0,0,0,0,0.009081736,0.002018163,0,0,0,0,0,0,0,0,0.01715439,0,0.007063572,0.002018163,0.013118063,0,0,0,0.010090817,0,0.02926337,0.001009082,0,0,0,0,0,0,0.003027245,0.003027245,0.007063572,0,0,0,0,0,0,0,0,0.007063572,0.002018163,0,0.011099899,0,0,0,0,0,0,0,0.027245207,0,0,0.002018163,0,0,0.001009082,0,0.003027245,0,0.031281534,0.001009082,0.001009082,0,0,0,0.001009082,0,0,0,0.004036327,0,0.007063572,0.010090817,0,0,0,0.002018163,0,0,0.001009082,0,0,0.002018163,0,0.016145308,0,0,0,0,0,0,0,0,0,0,0.166498486,0,0,0,0,0.247225025,0,0.038345106
M.T1.R2.S2,904.4637097,1.767612613,6275.789474,0.08097166,0.042510121,0.012145749,0.041497976,0,0,0,0,0.003036437,0,0,0,0,0,0.001012146,0,0.002024291,0,0,0,0,0,0.002024291,0,0.001012146,0.01417004,0.00708502,0,0.001012146,0.001012146,0,0,0,0,0,0,0,0,0,0.001012146,0,0,0,0,0,0,0,0,0,0.004048583,0,0.006072874,0.003036437,0.011133603,0,0,0,0.030364372,0,0.027327935,0,0,0.002024291,0,0,0,0,0.002024291,0.002024291,0.001012146,0,0,0.001012146,0,0.001012146,0,0,0,0.004048583,0.006072874,0,0.011133603,0,0,0,0.001012146,0,0,0,0.050607287,0,0,0.008097166,0,0,0,0,0.003036437,0,0.029352227,0,0,0,0,0,0.001012146,0,0,0,0.010121457,0,0.001012146,0.00708502,0,0,0,0,0,0,0,0,0,0,0,0.011133603,0,0,0,0,0,0,0,0,0,0,0.168016194,0.001012146,0,0,0,0.379554656,0.004048583,0.002024291
M.T1.R2.S3,773.3104839,1.348558559,4368.421053,0.127401416,0.044489383,0.020222447,0.005055612,0,0,0,0,0.001011122,0,0,0,0,0,0.002022245,0,0.003033367,0,0,0,0.003033367,0,0,0,0,0.050556117,0,0,0.007077856,0,0,0,0,0,0,0,0,0,0,0.002022245,0.001011122,0,0,0,0,0,0,0,0,0.012133468,0,0,0.001011122,0.009100101,0.001011122,0,0,0.022244692,0,0.006066734,0.003033367,0.001011122,0.003033367,0.001011122,0,0,0,0.001011122,0,0.031344793,0,0.007077856,0.002022245,0,0,0,0,0.001011122,0.007077856,0.004044489,0,0.007077856,0,0,0,0,0,0,0,0.006066734,0,0,0.008088979,0,0.001011122,0.001011122,0,0.001011122,0,0.049544995,0.004044489,0.004044489,0,0.001011122,0,0,0,0,0,0.011122346,0,0.002022245,0.009100101,0,0,0,0,0,0.001011122,0,0,0,0,0,0.026289181,0,0,0,0,0,0,0,0,0,0,0.136501517,0,0,0,0,0.319514661,0.007077856,0.024266936
M.T1.R3.S1,793.4879032,1.375045045,1240,0.071428571,0.019114688,0.010060362,0.007042254,0,0,0,0,0.001006036,0,0,0,0.002012072,0,0,0,0.003018109,0,0,0,0,0,0,0,0,0.036217304,0,0,0.003018109,0,0,0,0,0,0,0,0,0,0,0.005030181,0,0.001006036,0,0,0,0,0,0,0,0.002012072,0,0.007042254,0.002012072,0.007042254,0,0,0,0.017102616,0,0.019114688,0.002012072,0,0.003018109,0,0,0,0,0.002012072,0.002012072,0,0,0,0.002012072,0,0,0,0,0,0.013078471,0.003018109,0,0.006036217,0,0.001006036,0,0.001006036,0,0,0,0,0,0,0.001006036,0,0,0.001006036,0,0.002012072,0,0.068410463,0,0,0,0,0,0,0,0.001006036,0,0.014084507,0,0,0.002012072,0,0,0,0,0,0,0,0,0,0,0,0.026156942,0,0.001006036,0,0,0,0,0,0,0,0,0.117706237,0,0,0,0,0.310865191,0.172032193,0.034205231
M.T1.R3.S2,874.1975806,1.586396396,6191.578947,0.12209889,0.008072654,0.02320888,0.02926337,0,0.001009082,0,0,0,0,0,0,0,0,0.001009082,0,0.009081736,0,0,0,0,0,0,0,0,0.035317861,0,0,0.003027245,0,0,0,0,0.00605449,0,0,0,0,0,0.014127144,0,0.003027245,0,0,0,0,0,0,0,0.011099899,0,0.004036327,0.00605449,0.020181635,0,0,0,0.018163471,0,0.034308779,0,0,0.001009082,0.002018163,0.001009082,0,0,0.002018163,0.005045409,0.001009082,0,0.00605449,0.001009082,0,0,0,0,0,0.002018163,0,0,0.013118063,0,0,0,0,0,0,0,0.041372351,0.001009082,0,0.00605449,0,0,0.002018163,0,0.00605449,0,0.037336024,0.002018163,0.009081736,0,0,0,0,0,0,0,0.007063572,0,0.00605449,0.012108981,0,0,0,0,0,0,0,0.001009082,0,0.003027245,0,0.014127144,0,0.001009082,0,0,0.001009082,0,0,0,0,0,0.177598385,0,0,0,0,0.256306761,0.002018163,0.030272452
M.T1.R3.S3,900.9326613,1.129099099,5745.263158,0.134994808,0.039460021,0.023883697,0.024922118,0,0,0,0,0.008307373,0,0,0,0,0.002076843,0.002076843,0,0.002076843,0,0,0,0,0.001038422,0,0,0,0.020768432,0,0,0.011422638,0.002076843,0,0,0,0,0,0,0,0,0,0.01973001,0,0.001038422,0,0,0,0,0,0,0,0,0,0.011422638,0.016614746,0.01973001,0,0,0,0.026998962,0,0.017653167,0.005192108,0,0.003115265,0,0,0,0,0.001038422,0,0.002076843,0,0,0.002076843,0,0,0,0,0,0.003115265,0.00623053,0,0.007268951,0,0,0,0.001038422,0,0,0,0.004153686,0,0,0.003115265,0,0,0.004153686,0,0.005192108,0,0.021806854,0.004153686,0,0,0,0,0,0,0,0,0.018691589,0,0.005192108,0.009345794,0,0,0,0,0,0,0,0,0,0,0,0.028037383,0,0.001038422,0,0,0,0,0,0,0,0,0.167185877,0,0,0,0,0.237798546,0.05192108,0.020768432
M.T1.R4.S1,778.3548387,1.468603604,6970.526316,0.086032389,0.01417004,0.020242915,0.038461538,0,0,0,0.001012146,0.001012146,0,0,0,0,0,0,0,0.005060729,0,0,0,0,0,0,0,0,0.023279352,0,0,0.006072874,0.001012146,0,0,0,0,0,0,0,0,0,0.008097166,0.003036437,0.001012146,0,0,0,0,0,0,0,0.009109312,0,0.009109312,0.001012146,0.010121457,0,0,0,0.004048583,0,0.049595142,0.024291498,0,0.002024291,0.001012146,0,0,0,0.002024291,0.001012146,0,0,0,0.001012146,0,0,0,0,0.001012146,0.008097166,0.005060729,0.002024291,0.004048583,0,0,0,0,0,0,0,0.005060729,0,0,0,0,0,0.010121457,0,0.009109312,0,0.030364372,0.003036437,0.001012146,0,0,0,0,0,0,0,0.015182186,0,0.005060729,0.010121457,0,0,0,0,0,0,0,0,0,0,0,0.012145749,0,0,0,0.002024291,0.001012146,0,0,0,0,0,0.230769231,0,0,0,0,0.266194332,0.005060729,0.050607287
M.T1.R4.S2,785.921371,1.495540541,6621.052632,0.068341709,0.024120603,0.022110553,0.021105528,0,0,0,0,0.00201005,0,0,0,0,0,0,0,0.006030151,0,0,0,0.012060302,0,0.001005025,0,0,0.046231156,0,0,0.008040201,0.003015075,0,0,0,0,0,0,0,0,0,0.00201005,0,0.00201005,0,0,0,0,0,0,0,0.018090452,0.001005025,0.006030151,0.004020101,0.016080402,0,0,0,0.008040201,0,0.020100503,0.006030151,0,0.00201005,0.001005025,0,0,0,0.00201005,0.00201005,0.003015075,0,0.001005025,0.003015075,0,0.001005025,0,0,0.001005025,0.006030151,0.003015075,0,0.001005025,0,0.001005025,0.001005025,0,0,0,0,0.008040201,0,0,0.00201005,0,0,0,0,0.016080402,0,0.022110553,0.003015075,0.001005025,0,0,0,0,0,0,0,0.007035176,0,0.003015075,0.005025126,0,0,0,0,0,0,0,0,0,0.001005025,0,0.011055276,0,0,0,0,0.00201005,0,0,0,0,0,0.261306533,0,0,0,0,0.285427136,0.014070352,0.032160804
M.T1.R4.S3,715.3004032,1.187522523,7770.526316,0.173212487,0.017119839,0.009063444,0.035246727,0,0,0,0.001007049,0.002014099,0,0,0,0,0,0.001007049,0,0.001007049,0,0,0,0.001007049,0,0.001007049,0,0,0.044310171,0,0,0.009063444,0.002014099,0,0,0,0.009063444,0,0,0,0,0,0,0.001007049,0.001007049,0,0,0,0,0,0,0.001007049,0.012084592,0,0.013091641,0.002014099,0.014098691,0,0,0,0.009063444,0.002014099,0.01510574,0.006042296,0.001007049,0.001007049,0.001007049,0,0,0,0.001007049,0.002014099,0,0,0,0.002014099,0,0.002014099,0,0,0.009063444,0.006042296,0.003021148,0,0.003021148,0,0,0,0.002014099,0,0,0,0.013091641,0.001007049,0.001007049,0.002014099,0,0.001007049,0,0,0.006042296,0,0.029204431,0.001007049,0.001007049,0,0,0,0,0,0,0,0.004028197,0,0.006042296,0.008056395,0,0.001007049,0,0,0,0,0,0,0,0,0,0.012084592,0,0,0,0,0,0,0,0,0,0,0.156092649,0.001007049,0,0,0,0.305135952,0.005035247,0.03021148
M.T2.R1.S1,604.3245968,1.148042,5930.526316,0.091563786,0.03600823,0.027777778,0.027777778,0,0,0,0,0.005144033,0,0,0,0.002057613,0,0.001028807,0,0,0,0,0,0.007201646,0,0.008230453,0,0,0.074074074,0.001028807,0,0.014403292,0,0,0,0,0.001028807,0,0,0,0,0.002057613,0.00308642,0,0.001028807,0,0,0,0,0,0,0,0.009259259,0,0.001028807,0.00617284,0.011316872,0,0,0,0.013374486,0,0.020576132,0.008230453,0,0.001028807,0,0,0,0,0,0,0.002057613,0,0.001028807,0.001028807,0,0,0,0,0,0.023662551,0.00308642,0,0.00617284,0.001028807,0.001028807,0,0,0,0,0,0.009259259,0,0.001028807,0.00617284,0,0.001028807,0.002057613,0,0,0,0.029835391,0.001028807,0.00617284,0,0,0,0,0,0.002057613,0,0.022633745,0,0.004115226,0.007201646,0,0,0,0,0,0,0,0,0,0.001028807,0,0.00308642,0,0,0,0,0.002057613,0,0,0,0,0,0.199588477,0,0,0,0,0.232510288,0.044238683,0.011316872
M.T2.R1.S2,647.2016129,0.889145,4781.052632,0.127638191,0.030150754,0.015075377,0.015075377,0,0,0,0,0.003015075,0,0,0,0,0,0,0,0,0,0,0,0.001005025,0,0,0.00201005,0,0.020100503,0.001005025,0,0.006030151,0,0,0,0,0.001005025,0,0,0,0,0,0.013065327,0,0.001005025,0,0,0,0,0,0,0,0.030150754,0,0.006030151,0,0.00201005,0.001005025,0,0,0.019095477,0,0.009045226,0.007035176,0,0.00201005,0.001005025,0,0,0,0,0,0,0,0.001005025,0.004020101,0,0.00201005,0,0,0,0.012060302,0.001005025,0,0.004020101,0,0,0,0,0,0,0,0.024120603,0,0,0.007035176,0,0,0.003015075,0,0,0.001005025,0.019095477,0,0.001005025,0,0,0,0,0,0.003015075,0,0.009045226,0,0,0.00201005,0,0,0,0,0,0,0,0,0,0,0,0.003015075,0,0,0,0,0,0,0,0,0,0,0.081407035,0.001005025,0,0,0,0.470351759,0.028140704,0.009045226
M.T2.R1.S3,927.1633065,1.106239,5206.315789,0.147773279,0.030364372,0.044534413,0.00708502,0.001012146,0,0,0.001012146,0.005060729,0,0,0,0,0,0.001012146,0,0,0,0,0,0.001012146,0,0,0,0,0.036437247,0,0,0.019230769,0.002024291,0,0,0,0.001012146,0,0,0,0,0,0.003036437,0,0.003036437,0,0,0,0,0,0,0,0.012145749,0,0.004048583,0.004048583,0.010121457,0,0,0,0.023279352,0,0.008097166,0.00708502,0,0.00708502,0.003036437,0,0,0,0.002024291,0,0.005060729,0,0,0.001012146,0,0,0.001012146,0,0,0.022267206,0.006072874,0.001012146,0.009109312,0,0,0,0,0,0,0,0.004048583,0,0,0.011133603,0,0,0,0,0.001012146,0,0.028340081,0.003036437,0.006072874,0,0,0,0,0,0.001012146,0,0.00708502,0,0.001012146,0.009109312,0,0,0,0,0,0,0,0,0,0,0,0.011133603,0,0,0,0,0.001012146,0,0,0,0,0,0.065789474,0,0,0,0,0.350202429,0.061740891,0.008097166
M.T2.R2.S1,712.7782258,1.489359,5012.631579,0.127272727,0.033333333,0.007070707,0.03030303,0,0,0,0.001010101,0.001010101,0,0,0,0,0,0.001010101,0,0.003030303,0,0,0,0.019191919,0,0,0,0,0.021212121,0,0,0.006060606,0,0,0,0.001010101,0,0,0,0,0,0,0,0,0.003030303,0,0,0,0,0,0,0,0.008080808,0,0.002020202,0.005050505,0.018181818,0,0,0,0.006060606,0,0.083838384,0.006060606,0,0.003030303,0.001010101,0,0,0,0.002020202,0,0,0,0,0.002020202,0,0.001010101,0,0,0,0.021212121,0.003030303,0.001010101,0.007070707,0,0,0,0.003030303,0,0,0,0.004040404,0,0,0.014141414,0,0,0.001010101,0,0.002020202,0,0.037373737,0,0.003030303,0,0,0,0,0,0.001010101,0,0.02020202,0,0.002020202,0.005050505,0,0,0,0,0,0,0,0,0,0,0,0.017171717,0,0,0,0,0,0,0,0,0,0,0.111111111,0,0,0,0,0.282828283,0.058585859,0.012121212
M.T2.R2.S2,755.6552419,1.217625,5101.052632,0.140546006,0.037411527,0.031344793,0.01314459,0.002022245,0,0,0,0.001011122,0,0.001011122,0,0,0,0.001011122,0,0.008088979,0,0,0,0.009100101,0.002022245,0.002022245,0,0,0.031344793,0.001011122,0.001011122,0.002022245,0.002022245,0,0,0,0,0,0,0,0,0,0.003033367,0,0,0,0,0,0,0,0,0,0.014155713,0,0.009100101,0.001011122,0.002022245,0,0,0,0.011122346,0,0.018200202,0.002022245,0,0,0.002022245,0,0,0,0.005055612,0,0.015166835,0,0,0.003033367,0,0,0,0,0,0.01718908,0.001011122,0.001011122,0.040444894,0,0,0,0.002022245,0,0,0,0.009100101,0,0,0.008088979,0,0,0,0,0.003033367,0,0.03033367,0.007077856,0.002022245,0,0,0,0,0,0.014155713,0,0.022244692,0,0.001011122,0.003033367,0,0,0,0,0,0,0,0,0,0,0,0.011122346,0,0,0,0,0.001011122,0,0,0,0,0,0.074823054,0,0,0,0,0.3619818,0.014155713,0.003033367
M.T2.R2.S3,909.5080645,1.485726,4696.842105,0.128282828,0.022222222,0.027272727,0.034343434,0.002020202,0,0,0.001010101,0.003030303,0,0,0,0,0,0,0,0.008080808,0,0,0,0.001010101,0.001010101,0,0,0,0.028282828,0,0.001010101,0.002020202,0.001010101,0,0,0,0.001010101,0,0,0,0,0,0,0,0,0,0,0,0,0,0,0,0.005050505,0,0.004040404,0.002020202,0.01010101,0,0,0,0.009090909,0,0.016161616,0.008080808,0,0.002020202,0.001010101,0,0,0,0,0.002020202,0.007070707,0,0.001010101,0.001010101,0,0,0,0,0,0.014141414,0.009090909,0,0.007070707,0,0.001010101,0,0.001010101,0,0.001010101,0,0.004040404,0,0,0.004040404,0,0,0.001010101,0,0.003030303,0,0.032323232,0.004040404,0.007070707,0,0,0,0,0,0.005050505,0,0.015151515,0,0.001010101,0.008080808,0,0,0,0,0,0,0,0,0,0.001010101,0,0.011111111,0,0,0,0,0.002020202,0,0,0,0,0,0.142424242,0,0,0,0,0.381818182,0.007070707,0.006060606
M.T2.R3.S1,654.7681452,1.278875,4309.473684,0.143579373,0.033367037,0.01718908,0.014155713,0,0,0,0,0.001011122,0.001011122,0,0,0,0,0,0,0.002022245,0,0,0,0.053589484,0,0,0,0,0.040444894,0,0,0.002022245,0.001011122,0,0,0,0.004044489,0,0,0,0,0,0,0,0.001011122,0,0,0,0,0,0,0,0.005055612,0,0.002022245,0.002022245,0.023255814,0.001011122,0,0,0.016177958,0,0.01718908,0.005055612,0,0.005055612,0,0,0,0,0.001011122,0,0.014155713,0,0.001011122,0.001011122,0,0.001011122,0,0.001011122,0,0.018200202,0.007077856,0,0.010111223,0,0,0,0,0,0,0,0.007077856,0.001011122,0,0.005055612,0,0,0.002022245,0,0.008088979,0,0.027300303,0,0.015166835,0,0,0,0,0,0,0.001011122,0.026289181,0,0.002022245,0.005055612,0,0,0.009100101,0,0,0,0,0,0,0,0,0.008088979,0,0,0,0,0,0,0,0,0,0,0.195146613,0,0.002022245,0,0,0.221435794,0.009100101,0.009100101
M.T2.R3.S2,779.8681452,1.518458,5623.157895,0.154158215,0.024340771,0.018255578,0.059837728,0,0,0,0,0,0,0,0,0,0,0,0,0.002028398,0,0,0,0.009127789,0.001014199,0.001014199,0,0,0.011156187,0,0,0.004056795,0,0,0,0,0,0,0,0,0,0,0.021298174,0,0.001014199,0,0,0,0,0,0,0,0.016227181,0,0.006085193,0.009127789,0.009127789,0,0,0,0.006085193,0,0.013184584,0.004056795,0,0,0.006085193,0,0,0,0.012170385,0.004056795,0.011156187,0.002028398,0,0.002028398,0,0,0,0,0.001014199,0.00811359,0.004056795,0.007099391,0.005070994,0,0.003042596,0,0,0,0,0,0.009127789,0,0,0.001014199,0,0,0,0,0.011156187,0,0.012170385,0.00811359,0.007099391,0,0,0,0,0,0.001014199,0,0.00811359,0,0.001014199,0.005070994,0,0,0,0,0,0,0.001014199,0,0,0.002028398,0,0.010141988,0,0,0,0,0,0,0,0,0,0,0.145030426,0,0,0,0,0.323529412,0.007099391,0.010141988
M.T2.R3.S3,739.5133065,1.230333,6216.842105,0.18895966,0.036093418,0.012738854,0.038216561,0,0,0,0,0,0,0,0,0,0,0,0,0.002123142,0,0,0,0.012738854,0.002123142,0,0,0,0.036093418,0.004246285,0,0.004246285,0,0,0,0,0,0,0,0,0,0,0.004246285,0,0.006369427,0,0,0,0,0,0,0,0.012738854,0,0.004246285,0.004246285,0.014861996,0,0,0,0.014861996,0,0.016985138,0.008492569,0,0.002123142,0.006369427,0,0,0,0.004246285,0,0.008492569,0,0.006369427,0,0,0,0,0,0,0.006369427,0.004246285,0,0.002123142,0,0.002123142,0,0.002123142,0,0,0,0.006369427,0,0,0.006369427,0,0.002123142,0.002123142,0,0.008492569,0,0.012738854,0.002123142,0,0,0,0,0,0,0,0,0.021231423,0,0,0.006369427,0,0,0,0,0,0,0,0,0,0.002123142,0,0.016985138,0,0,0,0.002123142,0.006369427,0,0,0,0,0,0.18895966,0,0,0,0,0.203821656,0.025477707,0.016985138
M.T2.R4.S1,667.3790323,1.204708,6646.315789,0.064581231,0.015136226,0.00605449,0.067608476,0,0,0,0,0,0,0,0,0,0,0.001009082,0,0.002018163,0,0,0,0,0,0.002018163,0,0,0.06962664,0,0,0,0,0,0,0,0,0,0,0,0,0,0.001009082,0,0,0,0.001009082,0,0,0,0,0,0.005045409,0,0.004036327,0.004036327,0.038345106,0,0,0,0.002018163,0,0.026236125,0.011099899,0,0.001009082,0.003027245,0,0,0,0.002018163,0.003027245,0,0,0,0.002018163,0,0,0,0,0,0.001009082,0.001009082,0,0.003027245,0,0,0,0.004036327,0,0,0,0,0,0,0.001009082,0,0,0.001009082,0,0.004036327,0,0.024217962,0,0.001009082,0,0,0,0,0,0,0,0.002018163,0,0.02926337,0,0,0,0,0,0,0,0,0,0,0,0,0.00605449,0,0,0,0,0.001009082,0,0,0,0,0,0.300706357,0,0,0,0,0.211907164,0.019172553,0.057517659
M.T2.R4.S2,707.733871,1.259708,6322.105263,0.09155646,0.029501526,0.017293998,0.067141404,0,0,0,0,0.001017294,0,0,0,0.001017294,0,0,0,0.002034588,0,0,0,0.017293998,0.001017294,0,0,0,0.032553408,0,0,0.007121058,0,0,0,0,0,0,0,0,0,0,0,0.001017294,0,0,0.002034588,0,0,0,0,0,0.001017294,0,0.004069176,0.00508647,0.02543235,0,0,0.00508647,0.014242116,0,0.014242116,0.009155646,0,0,0.006103764,0,0,0,0.001017294,0,0.003051882,0,0,0.001017294,0,0,0,0,0,0.006103764,0.00508647,0.001017294,0.002034588,0,0,0,0.002034588,0,0,0,0.001017294,0,0,0.003051882,0,0.001017294,0,0,0.002034588,0,0.044760936,0.002034588,0.006103764,0,0,0,0,0,0,0,0.029501526,0,0.007121058,0.001017294,0,0,0,0,0,0,0,0,0,0.002034588,0,0.014242116,0,0,0,0,0.004069176,0,0,0,0,0,0.266531027,0,0,0,0,0.19328586,0.009155646,0.036622584
M.T2.R4.S3,722.8669355,1.075125,5265.263158,0.093495935,0.081300813,0.020325203,0.00203252,0.00101626,0,0,0.00203252,0.010162602,0,0,0,0,0,0,0,0.00101626,0,0,0,0.00101626,0,0.00101626,0.00101626,0,0.023373984,0,0.00101626,0.004065041,0,0,0,0,0.005081301,0,0,0,0,0,0.00304878,0,0.00203252,0,0.00101626,0,0,0,0,0.00101626,0.011178862,0,0.005081301,0.00203252,0.022357724,0.00101626,0,0,0.009146341,0,0.009146341,0.011178862,0,0.005081301,0.004065041,0,0,0,0.00304878,0,0.00203252,0,0.00101626,0,0,0,0,0,0,0.014227642,0.00101626,0,0.00101626,0,0,0,0,0,0,0,0.007113821,0,0,0.045731707,0,0,0.004065041,0,0,0,0.043699187,0.00101626,0.00101626,0,0,0,0.00101626,0,0,0,0.006097561,0,0.007113821,0.00101626,0,0,0,0,0,0,0,0,0,0,0,0.015243902,0,0,0,0,0,0,0,0,0,0,0.137195122,0,0,0,0,0.352642276,0.007113821,0.012195122
M.T3.R1.S1,579.9452298,1.915044,6360,0.186544343,0.073394495,0.004077472,0.013251784,0,0,0,0,0.001019368,0,0,0,0,0,0.001019368,0,0.002038736,0,0,0,0.01019368,0,0.006116208,0,0,0.036697248,0,0,0.002038736,0,0,0,0,0,0,0,0,0,0.004077472,0.002038736,0,0,0,0,0,0,0,0,0,0.038735984,0,0,0.003058104,0.017329256,0,0,0,0.022426096,0,0.011213048,0.004077472,0,0,0,0,0,0,0.003058104,0,0.007135576,0,0.001019368,0,0,0.012232416,0,0,0,0.013251784,0.006116208,0.002038736,0.003058104,0,0,0,0.00509684,0,0,0.001019368,0.01019368,0.002038736,0,0,0,0,0,0,0.009174312,0,0.018348624,0,0.008154944,0,0.001019368,0,0.001019368,0,0.001019368,0,0.008154944,0,0,0.00509684,0,0,0,0,0,0,0,0,0,0.003058104,0,0.007135576,0,0.001019368,0,0,0.003058104,0,0,0,0,0,0.154943935,0,0,0,0,0.256880734,0.01019368,0.006116208
M.T3.R1.S2,440.3830645,1.679079,5458.947368,0.135490394,0.025278059,0.019211325,0.026289181,0,0,0,0,0.001011122,0,0,0,0,0,0,0,0.001011122,0,0,0,0.024266936,0,0.003033367,0,0,0.021233569,0,0,0.009100101,0.001011122,0,0,0,0.003033367,0,0,0,0,0,0.001011122,0,0.001011122,0,0,0,0.042467139,0,0,0,0.045500506,0,0.001011122,0.006066734,0.008088979,0,0,0,0.011122346,0,0.011122346,0.005055612,0.002022245,0.001011122,0.001011122,0,0,0,0.003033367,0,0.008088979,0,0,0,0,0.004044489,0,0,0,0.032355915,0.003033367,0,0.001011122,0,0,0,0.014155713,0,0,0,0.024266936,0.005055612,0,0.006066734,0,0,0,0,0.001011122,0,0.036400404,0.001011122,0.003033367,0,0,0,0.001011122,0,0.009100101,0,0.015166835,0,0.002022245,0.004044489,0,0,0,0,0,0,0,0,0,0.001011122,0,0.01718908,0,0,0,0,0,0,0,0,0,0,0.072800809,0,0,0,0.001011122,0.296258847,0.01718908,0.014155713
M.T3.R1.S3,482.4176734,1.760658,5488.421053,0.104356636,0.030395137,0.014184397,0.01621074,0,0.003039514,0,0,0.002026342,0,0,0,0,0,0,0,0,0,0,0,0.073961499,0,0.001013171,0,0,0.005065856,0,0,0.003039514,0.001013171,0,0,0,0.002026342,0,0,0,0,0,0,0,0.001013171,0,0,0,0,0,0,0,0.013171226,0,0.006079027,0.004052685,0.010131712,0,0,0,0.003039514,0,0.003039514,0.007092199,0,0.003039514,0,0,0,0,0.005065856,0,0.003039514,0,0.001013171,0,0,0,0,0,0,0.023302938,0.006079027,0,0.002026342,0,0,0,0.006079027,0,0,0,0.006079027,0.002026342,0,0.002026342,0,0,0,0,0,0,0.06585613,0.002026342,0.006079027,0,0,0,0.001013171,0,0.001013171,0,0.006079027,0,0.002026342,0.004052685,0,0,0,0,0,0,0,0,0,0,0,0.00810537,0,0,0,0,0.001013171,0,0,0,0,0,0.154002026,0,0,0,0,0.375886525,0.002026342,0.007092199
M.T3.R2.S1,687.5564516,2.017018,6018.947368,0.109756098,0.080284553,0.140243902,0.008130081,0,0,0,0,0.004065041,0,0,0,0,0,0,0,0.00203252,0,0,0,0.00304878,0,0,0,0,0.015243902,0,0,0.00203252,0.00101626,0,0,0,0,0,0,0,0,0,0.011178862,0,0.00101626,0,0,0,0,0,0,0,0.038617886,0,0.005081301,0.00304878,0.008130081,0,0,0,0.009146341,0,0.038617886,0.005081301,0,0,0.00101626,0,0.00101626,0,0.00304878,0.00203252,0.007113821,0,0,0,0,0,0,0,0,0.011178862,0.005081301,0,0.008130081,0,0,0,0.006097561,0,0,0,0.013211382,0,0,0.00101626,0,0,0,0,0.004065041,0,0.045731707,0.00101626,0.006097561,0,0,0,0,0,0.00203252,0.00101626,0.009146341,0,0.00101626,0.010162602,0,0,0,0,0,0,0,0,0,0,0,0.005081301,0,0,0,0,0.00101626,0.00203252,0,0,0,0,0.056910569,0,0,0,0,0.193089431,0.113821138,0.00304878
M.T3.R2.S2,664.0144476,1.814167,5193.684211,0.170731707,0.050813008,0.024390244,0.00203252,0,0,0,0,0.010162602,0,0,0,0,0,0,0,0.00101626,0,0,0,0.005081301,0.00101626,0.00101626,0,0,0.032520325,0,0.00101626,0.005081301,0.00304878,0,0,0,0.00101626,0,0,0,0,0.00101626,0.006097561,0,0.008130081,0,0,0,0.00101626,0,0,0,0.031504065,0,0.00304878,0.004065041,0.004065041,0,0,0,0.004065041,0,0.032520325,0.005081301,0,0,0.00101626,0,0,0,0.004065041,0,0.007113821,0,0,0.005081301,0,0,0,0.00203252,0,0.027439024,0.005081301,0,0.009146341,0,0.00101626,0,0.004065041,0,0,0,0.017276423,0.004065041,0,0.00101626,0,0,0,0,0.00101626,0,0.023373984,0.00101626,0,0,0,0,0.00101626,0,0.010162602,0,0.006097561,0,0,0.008130081,0,0,0,0.00101626,0,0,0,0,0,0,0,0.004065041,0,0,0,0.00101626,0.00101626,0,0,0,0,0,0.06199187,0,0,0,0,0.235772358,0.146341463,0
M.T3.R2.S3,553.0386411,1.872061,3837.894737,0.131578947,0.045546559,0.029352227,0.00708502,0,0,0,0,0.004048583,0,0,0,0,0,0,0,0,0.001012146,0,0,0.002024291,0,0,0,0,0.022267206,0,0,0.004048583,0.001012146,0,0,0,0,0,0,0,0,0,0.002024291,0,0,0,0,0,0,0,0,0,0.043522267,0,0.00708502,0.005060729,0.005060729,0,0,0,0.010121457,0,0.027327935,0.009109312,0.001012146,0,0.003036437,0,0,0,0.00708502,0,0.002024291,0,0,0,0.001012146,0.004048583,0,0.001012146,0,0.023279352,0.022267206,0,0.005060729,0,0,0,0.004048583,0,0,0,0.010121457,0.004048583,0,0.005060729,0,0,0,0.001012146,0.002024291,0,0.041497976,0.003036437,0.010121457,0,0,0,0.001012146,0,0.005060729,0,0.012145749,0,0,0.010121457,0,0,0,0.001012146,0,0,0,0,0,0,0,0.008097166,0,0,0,0,0,0,0,0,0,0,0.076923077,0,0.001012146,0,0.001012146,0.343117409,0.031376518,0.001012146
M.T3.R3.S1,518.5705645,1.304518,2802.105263,0.114052953,0.040733198,0.013238289,0.00610998,0,0,0,0.019348269,0.00305499,0,0,0,0,0,0,0,0.00305499,0,0,0,0.00101833,0.00203666,0.00101833,0,0,0.035641548,0,0,0.015274949,0.00101833,0,0,0,0.00101833,0,0,0,0,0,0.00712831,0,0.00101833,0,0,0,0,0,0,0,0.010183299,0,0.00509165,0.00610998,0.009164969,0,0,0,0.00610998,0,0.030549898,0.022403259,0,0.00305499,0.00305499,0,0,0,0.00407332,0,0.010183299,0,0.00101833,0.00101833,0,0,0.00203666,0,0,0.020366599,0.00814664,0,0.00712831,0,0,0,0.00203666,0,0,0,0.00712831,0.00305499,0,0.00203666,0,0,0.00407332,0,0.00101833,0,0.043788187,0.00305499,0,0,0,0,0,0,0.00610998,0,0.009164969,0,0.00203666,0.00407332,0,0,0,0,0,0,0,0,0,0,0,0.017311609,0,0,0,0,0.00305499,0,0,0,0,0,0.144602851,0,0,0,0.00101833,0.283095723,0.018329939,0.030549898
M.T3.R3.S2,674.1031573,1.422281,6052.631579,0.133130081,0.05995935,0.013211382,0.014227642,0,0,0,0,0.00203252,0,0,0,0,0,0,0,0.00304878,0,0,0,0.00203252,0,0.00101626,0,0,0.049796748,0,0,0.00101626,0.00203252,0,0,0,0.00203252,0,0,0,0,0,0.00304878,0,0.00203252,0,0.00101626,0,0,0,0,0,0.021341463,0,0.00203252,0.007113821,0.007113821,0,0,0,0.006097561,0,0.033536585,0.00203252,0,0.004065041,0.00304878,0,0,0,0.004065041,0,0.005081301,0,0,0,0,0.00101626,0.00203252,0,0,0.024390244,0.006097561,0,0.011178862,0,0,0.008130081,0.009146341,0,0,0,0.027439024,0.00203252,0,0.00203252,0,0,0.00101626,0,0.00304878,0,0.024390244,0.00203252,0.00203252,0,0,0.00101626,0,0,0.00101626,0,0.009146341,0,0.00101626,0.005081301,0,0,0,0,0,0,0,0,0,0,0,0.011178862,0,0,0,0,0,0,0,0,0,0,0.140243902,0,0,0,0,0.275406504,0.043699187,0.00101626
M.T3.R3.S3,721.1871653,1.829956,6326.315789,0.162601626,0.051829268,0.016260163,0.033536585,0,0,0,0,0.005081301,0,0,0,0,0,0,0,0.00203252,0,0,0,0,0,0,0,0,0.024390244,0,0,0.008130081,0.00101626,0,0,0,0.011178862,0,0,0,0,0,0.00304878,0,0.00304878,0,0,0,0,0,0,0,0.023373984,0,0.006097561,0.00304878,0.019308943,0.00101626,0,0,0.012195122,0,0.033536585,0.007113821,0,0.00203252,0.00101626,0,0,0,0.00203252,0,0.021341463,0,0,0.00101626,0,0,0.00101626,0,0,0.023373984,0.005081301,0,0.00203252,0,0.00101626,0,0.00304878,0,0,0,0.00101626,0.005081301,0,0.00101626,0,0,0,0,0.004065041,0.00101626,0.037601626,0.00101626,0.00203252,0,0,0,0,0,0.004065041,0,0.004065041,0,0.021341463,0.004065041,0,0,0,0,0,0,0,0,0,0,0,0.011178862,0,0,0,0,0.00101626,0,0,0,0,0,0.109756098,0,0,0,0,0.241869919,0.041666667,0.017276423
M.T3.R4.S1,764.9015444,1.519211,5867.368421,0.205521472,0.038854806,0.015337423,0.037832311,0,0,0,0,0,0,0,0,0,0,0.001022495,0,0.003067485,0,0,0,0,0,0.001022495,0,0,0.018404908,0,0,0.00204499,0,0,0,0,0.003067485,0,0,0,0,0,0.007157464,0,0.00204499,0,0,0,0,0,0,0,0.018404908,0,0.003067485,0.001022495,0.013292434,0,0.001022495,0.001022495,0.015337423,0,0.014314928,0.00408998,0,0.006134969,0.00204499,0,0,0,0.006134969,0.00204499,0.00204499,0,0.001022495,0,0,0.001022495,0.001022495,0,0,0.010224949,0.005112474,0,0.00204499,0,0,0,0.00204499,0,0,0,0.009202454,0,0,0.001022495,0,0,0.00204499,0,0.001022495,0,0.018404908,0.001022495,0.037832311,0,0,0,0,0,0.00204499,0,0.016359918,0,0.00204499,0.010224949,0,0,0,0,0,0.006134969,0,0,0,0.001022495,0,0.016359918,0,0,0,0,0.00408998,0,0,0,0,0,0.193251534,0,0,0,0,0.123721881,0.082822086,0.023517382
M.T3.R4.S2,638.7926734,1.567895,5261.052632,0.121580547,0.051671733,0.019250253,0.010131712,0,0.007092199,0,0,0,0,0,0,0,0,0.001013171,0,0.001013171,0,0,0,0.009118541,0,0,0,0,0.007092199,0,0,0.002026342,0,0,0,0,0.001013171,0,0,0,0,0,0.011144883,0,0.003039514,0,0,0,0,0,0,0,0.013171226,0,0.00810537,0.004052685,0.012158055,0,0,0,0.006079027,0,0.022289767,0.005065856,0,0.002026342,0,0,0,0,0,0.002026342,0.004052685,0,0,0.001013171,0,0,0,0.001013171,0,0.017223911,0.007092199,0,0.005065856,0,0,0.020263425,0.004052685,0,0,0,0.006079027,0.003039514,0,0.007092199,0,0,0.001013171,0,0.001013171,0.002026342,0.038500507,0.001013171,0.009118541,0,0,0,0,0,0.006079027,0,0.011144883,0,0.001013171,0.004052685,0,0,0,0,0,0,0,0,0,0,0,0.005065856,0,0,0,0.001013171,0.001013171,0,0.002026342,0,0,0,0.136778116,0,0,0,0,0.223910841,0.137791287,0.021276596
M.T3.R4.S3,542.9499315,2.036096,6772.631579,0.137195122,0.056910569,0.027439024,0.005081301,0,0,0,0,0.004065041,0,0.00101626,0,0,0,0,0,0.00203252,0,0,0,0,0,0.004065041,0,0,0.017276423,0,0,0.005081301,0,0,0,0,0.004065041,0,0,0,0,0.00101626,0.00101626,0.00101626,0.00203252,0,0,0,0,0.008130081,0.00101626,0,0.023373984,0,0.00203252,0.00203252,0.00304878,0,0,0,0.00101626,0,0.020325203,0.005081301,0,0.00203252,0.005081301,0,0,0,0.008130081,0.00101626,0.011178862,0,0,0.00203252,0,0.00101626,0.00101626,0.00203252,0.00101626,0.014227642,0.00304878,0.00101626,0.006097561,0,0,0,0.00203252,0,0,0,0.010162602,0,0,0.00203252,0,0,0,0,0.007113821,0.00304878,0.042682927,0.00101626,0.008130081,0,0,0.00101626,0,0,0.00304878,0,0.015243902,0,0,0.008130081,0,0,0,0,0,0,0,0,0,0,0,0.00304878,0,0,0,0,0,0,0,0,0,0,0.088414634,0,0,0,0,0.386178862,0.014227642,0.010162602
M.T4.R1.S1,606.8467742,1.71807,6183.157895,0.195718654,0.054026504,0.019367992,0.044852192,0.004077472,0.002038736,0,0,0.001019368,0,0,0,0,0,0,0,0,0.001019368,0,0,0.074413863,0,0.001019368,0,0,0.076452599,0,0,0.017329256,0,0,0,0,0,0,0,0,0,0,0,0,0,0,0,0,0,0,0,0,0.004077472,0,0.001019368,0.003058104,0.008154944,0.002038736,0,0,0.006116208,0,0.008154944,0.019367992,0,0.001019368,0.001019368,0,0,0,0.001019368,0.001019368,0.002038736,0,0,0,0,0,0,0,0,0.031600408,0.02038736,0.001019368,0,0,0,0.002038736,0,0,0,0,0.001019368,0,0,0.001019368,0,0,0.002038736,0,0.001019368,0.001019368,0.013251784,0,0,0,0,0,0,0,0,0,0.003058104,0,0,0.013251784,0,0,0,0,0,0,0,0,0,0,0,0.021406728,0,0,0,0,0,0,0,0,0,0,0.089704383,0,0,0,0,0.24362895,0.003058104,0.002038736
M.T4.R1.S2,632.0685484,1.707982,5442.105263,0.163599182,0.027607362,0.020449898,0.007157464,0.001022495,0,0,0,0.005112474,0,0,0,0,0,0,0,0,0,0,0,0.042944785,0.001022495,0.003067485,0,0,0.025562372,0,0,0.013292434,0.057259714,0,0,0,0,0,0,0,0,0.001022495,0,0,0,0,0,0,0,0,0,0,0.017382413,0,0.003067485,0.008179959,0.005112474,0,0,0,0.00408998,0,0.003067485,0.010224949,0,0,0.011247444,0,0,0,0.00204499,0,0.003067485,0,0.00204499,0,0,0.001022495,0,0.001022495,0,0.04601227,0.005112474,0,0.001022495,0.001022495,0,0.001022495,0,0,0,0,0.00408998,0.001022495,0,0.009202454,0,0,0.001022495,0,0,0,0.019427403,0.003067485,0.001022495,0,0.001022495,0,0.001022495,0,0,0,0.009202454,0,0.00204499,0.00204499,0,0,0,0,0,0,0,0,0,0,0,0.012269939,0,0,0,0,0,0,0,0,0,0,0.100204499,0,0,0,0,0.326175869,0.009202454,0.003067485
M.T4.R1.S3,684.1918669,2.090877,5105.263158,0.188888889,0.035353535,0.02020202,0.027272727,0.001010101,0.002020202,0,0,0.002020202,0.006060606,0,0,0,0,0.001010101,0,0,0,0,0,0.058585859,0.013131313,0.001010101,0,0.001010101,0.033333333,0,0,0.006060606,0,0,0,0,0,0,0,0,0,0,0,0,0,0,0,0,0,0,0,0,0.024242424,0,0.004040404,0.001010101,0.003030303,0,0,0,0.005050505,0,0,0.006060606,0,0.005050505,0.001010101,0,0,0,0.003030303,0,0.007070707,0,0,0.002020202,0,0,0,0,0,0.027272727,0.002020202,0,0,0,0,0.007070707,0,0,0,0,0.023232323,0.002020202,0,0.004040404,0,0,0.005050505,0,0.001010101,0.002020202,0.029292929,0.002020202,0.002020202,0,0,0,0,0,0.001010101,0,0.006060606,0,0.001010101,0.005050505,0,0,0,0,0,0,0,0,0,0,0.001010101,0.013131313,0,0,0,0,0,0,0,0,0,0,0.08989899,0,0,0,0,0.31010101,0.004040404,0.003030303
M.T4.R2.S1,660.6549073,1.59636,6010.526316,0.204453441,0.044534413,0.006072874,0.044534413,0,0.002024291,0,0,0.009109312,0,0,0,0,0,0,0,0.001012146,0,0,0,0.006072874,0.001012146,0.001012146,0,0,0.025303644,0,0,0.003036437,0.001012146,0,0,0,0,0.001012146,0,0,0,0,0,0,0.006072874,0,0,0,0,0,0,0,0.013157895,0,0.008097166,0.011133603,0.00708502,0,0,0,0.006072874,0,0.048582996,0.019230769,0,0.001012146,0.009109312,0,0,0,0.004048583,0.00708502,0.001012146,0,0,0.004048583,0,0,0,0,0,0.011133603,0.006072874,0,0.003036437,0,0,0,0.003036437,0,0,0,0.017206478,0,0,0.002024291,0,0,0,0,0,0,0.036437247,0.002024291,0.001012146,0,0,0,0,0,0.001012146,0.027327935,0.009109312,0,0.003036437,0.010121457,0,0,0,0,0,0,0,0,0,0.001012146,0,0.018218623,0,0,0,0,0,0,0,0,0,0,0.074898785,0,0.001012146,0,0,0.255060729,0.005060729,0.016194332
M.T4.R2.S2,695.9653911,1.725307,5067.368421,0.177484787,0.043610548,0.034482759,0.02535497,0.001014199,0.003042596,0,0,0,0,0,0,0,0,0,0,0.001014199,0,0,0,0.015212982,0,0,0,0,0.044624746,0,0,0.003042596,0,0,0,0,0.001014199,0,0,0,0,0,0.001014199,0,0,0,0,0,0,0,0,0,0.022312373,0,0.009127789,0.005070994,0.002028398,0,0,0,0.002028398,0,0.014198783,0.009127789,0,0.001014199,0.001014199,0,0,0,0.004056795,0,0.013184584,0,0,0.004056795,0,0.001014199,0,0,0,0.022312373,0.005070994,0,0.001014199,0,0.002028398,0.001014199,0.001014199,0,0,0,0.020283976,0,0,0.013184584,0,0,0.001014199,0,0,0,0.032454361,0,0.002028398,0,0,0,0,0,0.002028398,0,0.005070994,0,0,0.007099391,0,0,0,0,0,0,0,0,0,0.001014199,0,0.001014199,0,0,0,0,0,0,0,0,0,0,0.064908722,0,0,0,0,0.342799189,0.032454361,0.003042596
M.T4.R2.S3,513.5262097,1.933202,4444.210526,0.115267947,0.060667341,0.014155713,0.011122346,0,0.002022245,0,0,0.003033367,0,0,0,0,0,0,0,0,0,0,0,0.003033367,0,0,0,0,0.057633974,0.001011122,0,0.005055612,0,0,0,0,0,0,0,0,0,0,0,0,0.015166835,0,0,0,0,0.001011122,0.001011122,0,0.01314459,0,0.002022245,0.002022245,0.005055612,0,0,0,0.004044489,0,0.037411527,0.014155713,0,0.001011122,0.002022245,0,0,0,0.003033367,0,0.004044489,0,0.001011122,0.001011122,0,0.001011122,0,0,0,0.020222447,0.004044489,0,0.002022245,0,0,0,0,0,0,0,0.014155713,0,0,0.005055612,0,0,0.004044489,0,0,0,0.020222447,0.003033367,0.001011122,0,0,0,0.001011122,0,0.002022245,0,0.01314459,0,0,0.004044489,0,0,0,0,0,0,0,0,0,0.001011122,0,0.011122346,0,0,0,0,0,0,0,0,0,0,0.075834176,0,0,0,0,0.416582406,0.018200202,0.002022245
M.T4.R3.S1,541.2701613,1.801404,5425.263158,0.181909548,0.061306533,0.018090452,0.012060302,0.005025126,0.003015075,0,0,0,0,0,0,0,0,0,0.001005025,0.00201005,0,0,0,0.017085427,0.013065327,0.00201005,0,0,0.035175879,0,0,0.006030151,0,0,0,0,0.00201005,0,0,0,0,0,0.001005025,0,0.001005025,0,0,0,0,0,0,0,0.019095477,0,0.003015075,0.008040201,0.003015075,0,0,0,0.005025126,0,0.031155779,0.016080402,0,0.003015075,0.003015075,0,0,0,0.004020101,0,0.012060302,0,0,0.003015075,0,0,0.001005025,0.001005025,0,0.034170854,0.004020101,0,0.009045226,0,0,0.003015075,0,0,0,0,0.010050251,0,0,0.005025126,0,0,0,0,0.001005025,0,0.012060302,0.001005025,0.00201005,0,0,0,0,0,0,0,0.008040201,0,0.00201005,0,0,0,0,0,0,0,0.001005025,0,0,0,0,0.012060302,0,0,0,0,0,0,0,0,0,0,0.167839196,0,0,0,0,0.232160804,0.012060302,0.009045226
M.T4.R3.S2,595.0782944,1.529693,5437.894737,0.217391304,0.046511628,0.010111223,0.009100101,0.001011122,0.004044489,0,0,0.002022245,0,0,0,0,0,0,0,0.001011122,0,0,0.001011122,0.003033367,0.004044489,0.001011122,0,0,0.011122346,0,0,0.004044489,0,0,0,0,0,0,0,0,0,0,0,0,0.001011122,0,0,0,0,0,0,0,0.014155713,0,0.003033367,0.003033367,0.005055612,0.004044489,0,0,0.002022245,0,0.012133468,0.007077856,0,0,0,0,0,0,0.011122346,0,0.005055612,0,0,0.001011122,0,0.001011122,0,0,0,0.01718908,0.005055612,0,0.007077856,0,0.001011122,0,0,0,0.001011122,0,0.010111223,0,0,0,0,0,0,0,0.001011122,0,0.012133468,0.002022245,0,0,0,0,0,0,0.001011122,0,0.006066734,0,0.001011122,0.001011122,0,0,0,0,0,0,0,0,0,0.003033367,0,0.006066734,0,0,0,0,0,0,0,0,0,0,0.152679474,0,0,0,0,0.366026289,0.005055612,0.016177958
M.T4.R3.S3,529.5016815,1.642851,6103.157895,0.227963526,0.030395137,0.006079027,0.004052685,0,0,0,0,0,0,0,0,0,0,0,0,0,0,0,0,0.007092199,0.001013171,0,0,0,0,0,0,0.005065856,0,0,0,0,0,0,0,0,0,0,0,0,0,0,0,0,0,0,0,0,0.011144883,0,0.002026342,0.006079027,0.004052685,0,0,0,0.012158055,0,0.006079027,0.003039514,0,0,0.003039514,0,0,0,0,0,0,0.005065856,0,0,0,0,0,0,0,0.056737589,0.04154002,0,0.001013171,0,0,0,0,0,0,0,0.013171226,0.001013171,0,0.003039514,0,0,0,0,0.001013171,0,0.002026342,0,0,0,0,0,0,0,0.002026342,0,0,0,0.001013171,0.00810537,0,0,0,0,0,0,0,0,0,0,0,0.020263425,0,0,0,0,0,0,0,0,0,0,0.073961499,0,0,0,0,0.430597771,0.00810537,0.002026342
M.T4.R4.S1,659.8125,1.651184,5631.578947,0.15821501,0.03346856,0.024340771,0.040567951,0.003042596,0.001014199,0,0,0.005070994,0,0,0,0,0,0.001014199,0,0.001014199,0,0,0,0.058823529,0.003042596,0,0,0,0.009127789,0,0,0.002028398,0.001014199,0,0,0.001014199,0.001014199,0,0,0,0,0,0,0,0.001014199,0,0,0,0.001014199,0,0,0,0.020283976,0,0.005070994,0.004056795,0.010141988,0,0,0,0.007099391,0,0.018255578,0.010141988,0,0.004056795,0.004056795,0,0,0,0,0.001014199,0.005070994,0,0,0,0,0.002028398,0,0,0,0.029411765,0.003042596,0,0.005070994,0,0.001014199,0,0.001014199,0,0,0,0.00811359,0.001014199,0,0.002028398,0,0,0.002028398,0,0.002028398,0,0.030425963,0.001014199,0,0,0,0,0,0,0.002028398,0,0.004056795,0,0.001014199,0.006085193,0,0,0,0,0,0,0,0,0,0,0,0.020283976,0,0,0,0,0.001014199,0,0,0,0,0,0.161257606,0,0,0,0,0.244421907,0.011156187,0.02535497
M.T4.R4.S2,394.983871,1.818947,5218.947368,0.125628141,0.116582915,0.021105528,0.063316583,0,0,0,0,0,0,0,0,0,0,0,0,0,0,0,0,0.014070352,0,0.00201005,0,0,0.005025126,0,0,0,0,0,0,0,0.00201005,0,0,0,0,0.015075377,0,0,0,0,0,0,0,0,0,0,0.030150754,0,0,0.001005025,0.006030151,0,0,0,0.00201005,0,0.019095477,0.004020101,0,0.001005025,0.005025126,0,0,0,0.003015075,0.003015075,0.00201005,0,0,0,0,0,0,0,0,0.011055276,0.00201005,0,0.005025126,0,0,0.001005025,0.003015075,0,0.177889447,0,0.011055276,0.003015075,0,0.004020101,0,0,0.021105528,0,0,0,0.018090452,0.001005025,0,0,0,0,0,0,0,0,0.006030151,0,0.001005025,0.005025126,0,0,0.047236181,0,0.003015075,0,0,0,0,0.003015075,0,0.007035176,0,0,0,0,0,0,0,0,0,0,0.048241206,0,0,0,0,0.153768844,0.024120603,0.00201005
M.T4.R4.S3,507.6394476,1.49,5113.684211,0.160443996,0.165489405,0.060544904,0.008072654,0.007063572,0.00605449,0,0,0,0,0,0,0,0,0,0,0.003027245,0,0,0,0.059535822,0,0,0,0,0.015136226,0,0,0,0,0,0,0,0,0,0,0,0,0.055499495,0,0,0,0,0,0,0,0,0,0,0.009081736,0,0.005045409,0.009081736,0.002018163,0,0,0,0.003027245,0,0.003027245,0.004036327,0,0.008072654,0.005045409,0,0,0,0.005045409,0,0,0,0,0.002018163,0,0,0,0,0,0.031281534,0.003027245,0,0.002018163,0,0.001009082,0.002018163,0,0,0,0,0.003027245,0,0,0.005045409,0,0,0,0,0.001009082,0,0.027245207,0,0.004036327,0,0,0,0,0,0,0,0.032290616,0,0.002018163,0.007063572,0,0,0,0,0,0,0,0,0,0,0,0.01715439,0,0,0,0,0,0,0,0,0,0,0.067608476,0,0,0,0,0.181634712,0.015136226,0.001009082
U.T1.R1.S1,679.9899194,1.061392405,7955.789474,0.122222222,0.015151515,0.012121212,0.006060606,0,0,0.001010101,0,0.001010101,0,0,0,0,0,0.001010101,0,0,0,0,0,0.002020202,0.002020202,0.002020202,0,0,0.032323232,0,0,0.005050505,0.013131313,0,0,0,0,0,0,0,0,0,0.004040404,0.007070707,0.014141414,0.002020202,0,0,0.001010101,0,0,0,0.02020202,0,0.004040404,0.003030303,0.083838384,0,0.008080808,0.005050505,0.001010101,0,0.025252525,0.003030303,0,0,0.003030303,0,0,0,0.003030303,0.006060606,0,0,0.001010101,0.002020202,0,0,0,0,0,0.014141414,0.005050505,0,0.003030303,0,0,0,0.001010101,0,0,0,0.005050505,0,0,0.002020202,0.002020202,0,0.006060606,0,0.007070707,0,0.003030303,0.002020202,0,0,0,0,0,0,0.002020202,0,0.013131313,0,0.016161616,0.031313131,0,0,0,0,0,0,0.001010101,0,0,0,0,0.007070707,0,0,0,0,0,0,0,0,0,0,0.118181818,0,0,0,0,0.166666667,0.12020202,0.061616162
U.T1.R1.S2,717.8225806,1.358438819,8781.052632,0.248741188,0.013091641,0.023162135,0.020140987,0,0,0,0,0,0,0,0,0,0.001007049,0.001007049,0,0,0,0,0,0.001007049,0.002014099,0.001007049,0.001007049,0,0.011077543,0,0,0.001007049,0.001007049,0,0,0,0,0,0,0,0,0,0.004028197,0.005035247,0.003021148,0,0,0,0,0,0,0,0.012084592,0.001007049,0.004028197,0,0.01611279,0,0.002014099,0.005035247,0.002014099,0,0.017119839,0.001007049,0,0,0.001007049,0,0,0,0.004028197,0.002014099,0.001007049,0,0.001007049,0.002014099,0,0,0,0,0,0.013091641,0,0,0.006042296,0,0,0,0.001007049,0,0,0,0.012084592,0,0.001007049,0.001007049,0.001007049,0,0.004028197,0,0.007049345,0,0.023162135,0.002014099,0,0,0,0,0,0,0,0.002014099,0.008056395,0,0.008056395,0.013091641,0,0,0,0,0,0,0.005035247,0,0,0,0,0.006042296,0.001007049,0,0,0,0,0,0,0,0,0,0.160120846,0.001007049,0,0,0,0.175226586,0.103726083,0.036253776
U.T1.R1.S3,652.2459677,0.911603376,7063.157895,0.098790323,0.010080645,0.02016129,0.015120968,0,0,0,0,0,0,0,0,0,0,0,0,0,0,0,0.001008065,0.001008065,0.003024194,0,0,0,0.02016129,0,0,0.002016129,0.001008065,0,0,0,0,0,0,0.005040323,0,0,0.010080645,0.003024194,0.008064516,0,0,0,0.001008065,0,0,0,0.010080645,0.002016129,0.003024194,0.004032258,0.063508065,0,0.003024194,0.005040323,0,0,0.041330645,0.004032258,0,0,0.001008065,0,0,0,0.003024194,0.004032258,0,0,0.003024194,0.002016129,0,0,0,0,0,0.017137097,0.001008065,0,0.003024194,0,0,0,0.001008065,0,0,0,0.029233871,0,0,0.001008065,0,0,0.003024194,0,0.001008065,0,0.013104839,0.001008065,0,0.002016129,0,0,0,0,0.002016129,0,0.005040323,0,0.012096774,0.014112903,0,0,0,0,0,0,0,0,0,0,0,0.006048387,0.001008065,0,0,0,0,0,0,0,0,0,0.157258065,0,0,0,0,0.223790323,0.121975806,0.035282258
U.T1.R2.S1,574.0584677,0.921729958,7968.421053,0.139817629,0.023302938,0.026342452,0.021276596,0,0,0.001013171,0,0.001013171,0,0,0,0.001013171,0,0.002026342,0,0,0,0,0,0.001013171,0.001013171,0.001013171,0,0,0.009118541,0,0,0.005065856,0,0,0,0,0,0,0.001013171,0,0,0,0.004052685,0.006079027,0.002026342,0,0,0,0,0,0,0.001013171,0.004052685,0,0.006079027,0.03343465,0.012158055,0,0.005065856,0.004052685,0.009118541,0,0.032421479,0.002026342,0,0,0.014184397,0,0,0,0.001013171,0.009118541,0.001013171,0,0,0,0,0,0,0,0,0.011144883,0.001013171,0,0.004052685,0,0,0,0.004052685,0,0,0,0.003039514,0.005065856,0,0.001013171,0.001013171,0,0.00810537,0,0.001013171,0,0.017223911,0.001013171,0,0.001013171,0,0,0,0,0,0,0.010131712,0,0.007092199,0.013171226,0,0,0,0,0,0,0,0,0,0,0,0.009118541,0,0,0.001013171,0,0.001013171,0,0,0,0,0,0.131712259,0.001013171,0,0,0,0.213779129,0.111448835,0.060790274
U.T1.R2.S2,599.2802419,0.744514768,6633.684211,0.108974359,0.016025641,0.016025641,0.025641026,0.001068376,0,0,0,0.001068376,0,0,0,0,0,0,0,0,0,0,0,0.001068376,0,0,0,0,0.018162393,0,0,0.002136752,0.001068376,0,0,0,0,0,0,0,0,0.001068376,0.003205128,0.002136752,0.001068376,0,0,0,0,0,0,0,0.009615385,0,0.001068376,0.003205128,0.019230769,0,0.006410256,0.008547009,0.003205128,0,0.023504274,0.00534188,0,0,0.001068376,0,0,0,0.001068376,0.00534188,0.001068376,0,0,0.002136752,0,0,0,0,0,0.00534188,0.00534188,0,0,0,0.001068376,0,0,0,0,0,0.003205128,0,0,0,0,0,0.007478632,0,0.002136752,0,0.010683761,0,0,0,0,0,0,0,0,0,0.008547009,0,0.007478632,0.011752137,0,0,0,0,0,0,0,0,0,0,0,0.009615385,0,0.001068376,0,0,0,0,0,0.001068376,0.001068376,0.002136752,0.118589744,0,0,0,0,0.219017094,0.272435897,0.022435897
U.T1.R2.S3,614.4133065,0.692616034,6397.894737,0.124242424,0.019191919,0.012121212,0.019191919,0.001010101,0,0,0,0.001010101,0,0,0,0,0,0,0,0,0,0,0,0,0.001010101,0.001010101,0,0,0.015151515,0,0,0.019191919,0,0,0,0,0,0,0,0,0.001010101,0,0.004040404,0.006060606,0.006060606,0,0.001010101,0,0,0,0,0,0.022222222,0,0.002020202,0.005050505,0.025252525,0,0.007070707,0.006060606,0.004040404,0,0.031313131,0.005050505,0,0,0,0,0,0,0.002020202,0.007070707,0,0,0.003030303,0,0,0,0,0,0,0.012121212,0.002020202,0,0.001010101,0,0,0,0,0,0,0,0.043434343,0.001010101,0,0,0,0,0.01010101,0,0.005050505,0,0.014141414,0,0,0.003030303,0,0,0,0,0,0,0.008080808,0,0.005050505,0.01010101,0,0,0,0,0,0,0,0,0,0,0,0.006060606,0,0,0,0,0,0,0,0,0,0,0.143434343,0,0,0,0,0.146464646,0.148484848,0.088888889
U.T1.R3.S1,674.9455645,0.769409283,4785.263158,0.084762866,0.018163471,0.019172553,0.06962664,0,0,0,0,0,0,0,0.001009082,0.004036327,0,0.003027245,0,0,0,0,0,0,0,0.002018163,0,0,0.016145308,0,0,0.004036327,0,0,0,0,0,0,0,0,0,0,0.011099899,0.002018163,0.002018163,0,0,0,0,0,0,0,0.010090817,0.003027245,0.010090817,0.003027245,0.00605449,0,0.001009082,0,0.007063572,0,0.045408678,0,0,0,0.001009082,0,0,0,0,0.003027245,0,0,0.003027245,0.004036327,0,0,0,0,0,0.02926337,0.012108981,0.001009082,0.00605449,0,0,0,0.002018163,0,0,0,0.016145308,0,0,0.007063572,0,0,0.002018163,0,0.004036327,0,0.019172553,0.004036327,0,0,0,0,0,0,0,0,0.007063572,0.001009082,0.005045409,0.010090817,0.003027245,0,0,0,0,0,0.001009082,0,0,0,0,0.005045409,0,0,0,0,0,0,0,0,0.001009082,0,0.119071645,0,0,0,0,0.346115035,0.026236125,0.038345106
U.T1.R3.S2,606.8467742,0.655485232,6338.947368,0.093561368,0.028169014,0.020120724,0.011066398,0.002012072,0,0,0,0,0,0,0,0,0,0.006036217,0,0,0,0,0,0,0.002012072,0.004024145,0,0,0.021126761,0,0,0.002012072,0.001006036,0,0,0,0,0,0.006036217,0,0.005030181,0,0.005030181,0.002012072,0.001006036,0,0.004024145,0,0.003018109,0,0,0,0.004024145,0,0.014084507,0.005030181,0.00804829,0,0.005030181,0.001006036,0.00804829,0,0.021126761,0,0,0.001006036,0.003018109,0,0,0,0,0.005030181,0,0,0.001006036,0.001006036,0,0,0,0,0,0.026156942,0.006036217,0,0.002012072,0,0,0,0.001006036,0,0,0,0.017102616,0,0,0.001006036,0,0,0.006036217,0.002012072,0.011066398,0,0.026156942,0,0,0.004024145,0,0,0,0,0,0,0.025150905,0,0.010060362,0.012072435,0,0,0,0,0,0,0,0,0,0,0,0.016096579,0,0,0.003018109,0,0,0,0,0.001006036,0.004024145,0,0.212273642,0,0,0,0,0.159959759,0.025150905,0.133802817
U.T1.R3.S3,624.5020161,0.729324895,7934.736842,0.094472362,0.017085427,0.023115578,0.031155779,0,0,0,0,0,0,0,0,0,0.001005025,0.00201005,0,0,0.001005025,0,0,0,0.001005025,0.00201005,0,0,0.025125628,0,0,0.00201005,0,0,0,0,0,0,0,0.001005025,0,0,0.004020101,0.004020101,0.008040201,0,0,0,0.056281407,0,0,0.001005025,0.004020101,0,0.023115578,0.003015075,0.013065327,0,0.00201005,0.003015075,0.005025126,0,0.051256281,0,0,0.001005025,0,0,0,0,0.001005025,0.003015075,0,0,0.023115578,0.003015075,0,0,0,0,0,0.011055276,0.001005025,0,0.005025126,0,0,0,0,0,0,0,0.006030151,0,0,0,0.001005025,0,0.005025126,0,0.00201005,0,0.007035176,0.004020101,0,0.012060302,0,0,0,0,0,0.001005025,0.004020101,0,0.007035176,0.029145729,0,0,0,0,0,0,0,0,0,0,0,0.004020101,0,0,0,0,0,0,0,0,0,0,0.129648241,0,0,0,0,0.182914573,0.081407035,0.096482412
U.T1.R4.S1,677.4677419,0.983333333,6490.526316,0.131048387,0.025201613,0.021169355,0.024193548,0.001008065,0,0,0,0.002016129,0,0,0,0.002016129,0,0.001008065,0,0,0,0,0,0,0.002016129,0,0,0,0.028225806,0,0,0.009072581,0,0,0,0,0,0,0,0,0,0,0.003024194,0.007056452,0.006048387,0,0,0,0,0,0,0,0.013104839,0.001008065,0.004032258,0.005040323,0.035282258,0,0.007056452,0.002016129,0.003024194,0,0.037298387,0.005040323,0,0.001008065,0,0,0,0,0.002016129,0.003024194,0,0,0.005040323,0.006048387,0,0,0,0,0,0.018145161,0.005040323,0,0.002016129,0,0,0,0.001008065,0,0,0,0.005040323,0,0,0.003024194,0,0,0.010080645,0,0.012096774,0,0.015120968,0,0,0.002016129,0,0,0,0,0,0,0.010080645,0,0.01108871,0.014112903,0.001008065,0,0,0,0,0,0,0,0,0,0,0.013104839,0,0,0,0,0.001008065,0,0,0,0,0,0.177419355,0,0,0,0,0.191532258,0.040322581,0.07358871
U.T1.R4.S2,662.3346774,0.890084388,8953.684211,0.126135217,0.031281534,0.014127144,0.028254289,0.001009082,0,0,0,0.001009082,0,0,0,0,0,0.003027245,0,0,0.001009082,0,0,0,0,0.001009082,0.001009082,0,0.019172553,0,0,0.003027245,0,0,0,0,0,0,0.005045409,0.001009082,0.001009082,0,0.004036327,0.002018163,0.00605449,0,0,0,0.001009082,0,0,0,0.01715439,0,0.010090817,0.00605449,0.010090817,0.002018163,0.004036327,0.002018163,0.003027245,0,0.024217962,0.005045409,0,0,0,0,0,0,0.002018163,0.002018163,0.002018163,0,0.002018163,0.003027245,0,0,0,0,0,0.024217962,0.003027245,0,0.005045409,0,0,0,0.002018163,0.001009082,0,0,0.009081736,0,0,0.001009082,0,0,0.008072654,0,0.00605449,0,0.012108981,0.001009082,0,0,0,0,0,0,0.001009082,0,0.003027245,0,0.011099899,0.011099899,0,0,0,0,0,0,0.002018163,0,0,0,0,0.019172553,0,0,0,0,0,0,0,0,0,0,0.210898083,0,0,0,0,0.203834511,0.043390515,0.076690212
U.T1.R4.S3,677.4677419,1.392194093,9016.842105,0.134479272,0.015166835,0.024266936,0.025278059,0,0.002022245,0,0,0.002022245,0,0,0,0,0,0.003033367,0,0,0,0,0,0,0,0,0,0,0.018200202,0,0,0.007077856,0,0,0,0,0,0,0.001011122,0,0.001011122,0,0.001011122,0.002022245,0.011122346,0,0,0,0.002022245,0,0,0,0.060667341,0,0.006066734,0.009100101,0.01718908,0,0.007077856,0.007077856,0.007077856,0,0.027300303,0.004044489,0,0,0,0,0,0,0.002022245,0,0,0,0.006066734,0.005055612,0,0.001011122,0,0,0,0.011122346,0.006066734,0,0.001011122,0,0,0,0,0,0,0,0.040444894,0.001011122,0,0.001011122,0,0,0.008088979,0,0.014155713,0,0.012133468,0.004044489,0,0.002022245,0,0,0,0,0.002022245,0,0.01718908,0,0.007077856,0.018200202,0,0,0,0,0,0,0.001011122,0,0,0.001011122,0,0.008088979,0,0,0,0,0.001011122,0,0,0.002022245,0,0,0.137512639,0,0,0.001011122,0,0.212335693,0.015166835,0.065722952
U.T2.R1.S1,778.3548387,0.787466667,6541.052632,0.083838384,0.132323232,0.015151515,0.009090909,0,0,0,0,0,0,0,0,0,0,0,0,0,0,0,0,0.001010101,0.003030303,0,0,0,0.012121212,0,0,0.003030303,0,0,0,0,0,0,0,0,0,0,0.012121212,0.002020202,0.002020202,0,0,0,0,0,0,0,0.026262626,0.003030303,0.007070707,0.004040404,0.02020202,0,0.001010101,0.003030303,0.002020202,0,0.033333333,0.006060606,0,0,0,0,0,0,0.003030303,0.002020202,0,0,0.005050505,0.001010101,0,0,0,0,0,0.015151515,0.006060606,0,0.011111111,0,0,0,0,0,0,0,0.02020202,0,0,0.001010101,0.001010101,0,0.006060606,0,0.007070707,0,0.007070707,0,0,0.006060606,0,0.008080808,0,0,0,0,0.017171717,0,0.012121212,0.012121212,0,0,0,0,0,0,0,0,0,0,0,0.011111111,0,0,0,0,0,0,0,0,0,0,0.154545455,0,0,0,0,0.180808081,0.055555556,0.074747475
U.T2.R1.S2,869.1532258,0.6888,7277.894737,0.106167846,0.012133468,0.018200202,0.022244692,0.005055612,0.002022245,0,0,0,0,0,0,0,0,0.001011122,0,0,0,0,0,0.001011122,0.002022245,0.001011122,0,0,0.022244692,0,0,0.004044489,0,0,0,0,0,0,0,0,0,0,0.01718908,0.002022245,0.005055612,0,0,0,0,0,0,0,0.027300303,0.002022245,0.004044489,0.010111223,0.014155713,0,0.007077856,0.001011122,0.003033367,0,0.035389282,0.006066734,0,0,0,0,0,0.002022245,0.001011122,0.010111223,0.001011122,0,0,0,0,0.002022245,0,0,0,0.021233569,0.005055612,0,0.003033367,0,0,0,0,0,0,0,0.008088979,0,0,0.011122346,0,0,0.012133468,0,0.01314459,0,0.022244692,0.001011122,0,0,0,0,0,0,0.002022245,0.001011122,0.012133468,0.001011122,0.016177958,0.008088979,0,0,0,0,0,0,0,0,0,0,0,0.010111223,0,0,0,0,0,0,0,0,0.001011122,0,0.141557128,0,0,0,0,0.1809909,0.092012133,0.088978766
U.T2.R1.S3,894.375,0.8648,4414.736842,0.090071648,0.015353122,0.012282497,0.037871034,0.002047083,0,0,0,0,0,0,0,0,0,0.002047083,0,0,0.001023541,0,0,0,0.002047083,0.001023541,0,0,0.028659161,0,0,0.002047083,0,0,0,0,0,0,0.001023541,0,0,0.015353122,0.004094166,0.002047083,0.008188332,0,0,0,0.001023541,0,0,0,0.015353122,0.002047083,0.011258956,0.005117707,0.010235415,0,0.002047083,0.004094166,0.002047083,0,0.033776868,0.00716479,0,0.001023541,0,0.001023541,0,0,0,0.008188332,0,0,0,0.003070624,0,0,0,0,0,0.015353122,0.002047083,0,0.008188332,0,0,0,0,0,0,0,0.015353122,0,0,0.002047083,0,0,0.006141249,0,0.010235415,0,0.009211873,0.001023541,0,0.001023541,0,0,0,0,0,0,0.011258956,0,0.013306039,0.008188332,0,0,0,0,0,0,0.001023541,0,0,0,0,0.003070624,0,0,0,0,0,0,0,0,0,0,0.107471853,0,0,0,0,0.349027636,0.039918117,0.06345957
U.T2.R2.S1,639.6350806,0.608577778,4924.210526,0.135764944,0.029381966,0.014184397,0.009118541,0.002026342,0,0,0,0,0,0,0,0,0,0,0,0,0.001013171,0,0,0.002026342,0.002026342,0,0.004052685,0,0.025329281,0,0,0.003039514,0,0.002026342,0,0,0.001013171,0.001013171,0.001013171,0,0,0,0.00810537,0.003039514,0,0,0,0,0,0,0,0,0.022289767,0,0.004052685,0.019250253,0.010131712,0,0.002026342,0.005065856,0.010131712,0,0.035460993,0.004052685,0.001013171,0,0.004052685,0,0,0,0.001013171,0.014184397,0,0,0.001013171,0.001013171,0,0,0,0,0,0.011144883,0.002026342,0,0.003039514,0,0,0,0.003039514,0.001013171,0,0,0.011144883,0.001013171,0,0,0,0,0.010131712,0,0.007092199,0,0.013171226,0,0,0.001013171,0,0,0,0,0,0,0.010131712,0,0.040526849,0.007092199,0,0,0,0,0,0,0,0,0,0,0,0.019250253,0,0,0,0,0,0,0,0,0,0,0.149949341,0,0,0,0,0.19047619,0.113475177,0.026342452
U.T2.R2.S2,859.0645161,0.664577778,4317.894737,0.195542047,0.026342452,0.027355623,0.030395137,0.002026342,0,0,0,0,0,0,0,0,0,0.001013171,0,0,0.001013171,0,0,0.002026342,0,0.001013171,0.001013171,0,0.024316109,0,0,0.003039514,0,0,0,0,0,0,0.001013171,0,0,0,0.002026342,0.001013171,0.001013171,0,0,0,0,0,0,0,0.025329281,0,0.006079027,0.010131712,0.021276596,0,0.001013171,0.003039514,0.007092199,0,0.029381966,0.004052685,0.001013171,0.002026342,0,0,0,0,0.004052685,0.006079027,0.001013171,0,0.003039514,0.001013171,0,0,0,0,0,0.014184397,0.001013171,0,0.001013171,0,0,0,0.001013171,0,0,0,0.009118541,0,0,0.003039514,0,0,0.01621074,0,0.012158055,0,0.021276596,0.001013171,0.001013171,0,0,0,0,0,0.002026342,0,0.012158055,0,0.011144883,0.002026342,0,0,0.010131712,0,0,0,0,0,0,0,0,0.009118541,0,0,0,0,0,0,0,0,0,0,0.170212766,0.001013171,0,0,0,0.19047619,0.036474164,0.028368794
U.T2.R2.S3,738,0.863022222,5576.842105,0.130171544,0.012108981,0.030272452,0.022199798,0,0,0,0,0,0,0,0,0,0.001009082,0.002018163,0,0,0,0,0,0,0.002018163,0.002018163,0,0,0.018163471,0,0,0.001009082,0,0,0,0,0,0,0,0,0,0,0.024217962,0.003027245,0.004036327,0,0,0,0,0,0,0,0.018163471,0,0.011099899,0,0.014127144,0,0,0.004036327,0.010090817,0,0.033299697,0.007063572,0,0,0.001009082,0,0,0,0.001009082,0,0,0.001009082,0.001009082,0.002018163,0,0,0,0,0,0.014127144,0.001009082,0,0.001009082,0,0,0,0.005045409,0,0,0,0.018163471,0,0,0.002018163,0.002018163,0,0.00605449,0,0.016145308,0,0.031281534,0,0,0.001009082,0,0,0,0.001009082,0.002018163,0,0.012108981,0,0.016145308,0.01715439,0,0,0,0,0,0,0,0,0,0,0,0.00605449,0,0,0,0,0,0,0,0,0,0,0.166498486,0,0,0,0,0.178607467,0.109989909,0.036326942
U.T2.R3.S1,876.7197581,1.027466667,5341.052632,0.094949495,0.02020202,0.016161616,0.02020202,0.005050505,0,0,0,0,0,0,0,0,0,0,0,0,0,0,0,0,0.002020202,0,0,0,0.028282828,0,0.001010101,0.004040404,0,0,0,0,0,0,0.001010101,0,0,0,0.008080808,0.003030303,0.006060606,0,0,0,0.001010101,0,0,0,0.044444444,0,0.006060606,0.007070707,0.022222222,0,0.002020202,0.001010101,0.004040404,0,0.049494949,0.006060606,0,0,0.001010101,0,0,0,0.002020202,0,0,0,0.001010101,0.001010101,0,0,0,0,0,0.024242424,0.002020202,0,0.001010101,0,0.001010101,0,0.003030303,0,0,0,0.001010101,0,0,0,0,0,0.003030303,0,0.026262626,0,0.018181818,0.001010101,0.001010101,0,0,0,0,0,0.002020202,0,0.018181818,0,0.009090909,0.005050505,0.001010101,0,0,0,0,0,0,0,0.002020202,0,0,0.017171717,0,0,0,0,0.001010101,0,0,0,0,0,0.224242424,0.001010101,0,0,0,0.184848485,0.031313131,0.062626263
U.T2.R3.S2,846.453629,0.964355556,2477.894737,0.123481781,0.016194332,0.026315789,0.027327935,0.001012146,0,0,0,0,0,0,0,0,0,0,0,0,0,0,0,0,0,0.002024291,0,0,0.025303644,0,0,0.005060729,0,0,0,0,0,0,0,0,0,0,0.016194332,0.004048583,0.004048583,0,0,0,0,0,0,0.001012146,0.034412955,0,0.00708502,0.00708502,0.017206478,0,0.001012146,0.001012146,0.001012146,0,0.038461538,0.004048583,0,0.001012146,0,0,0,0,0.001012146,0.003036437,0,0,0,0,0,0.001012146,0,0,0,0.025303644,0.010121457,0,0.006072874,0,0,0,0,0,0,0,0.009109312,0.001012146,0,0,0,0,0.004048583,0,0.028340081,0,0.00708502,0.002024291,0,0,0,0,0,0,0,0,0.012145749,0,0.008097166,0.010121457,0,0,0,0,0,0,0.001012146,0,0,0,0.002024291,0.011133603,0,0,0,0,0,0,0,0,0,0,0.173076923,0,0,0,0,0.196356275,0.066801619,0.056680162
U.T2.R3.S3,611.891129,1.125022222,7189.473684,0.124242424,0.011111111,0.007070707,0.056565657,0,0,0,0,0,0,0,0,0,0,0.003030303,0,0,0,0,0,0,0.001010101,0.001010101,0,0,0.012121212,0,0,0.001010101,0,0,0,0,0.001010101,0,0,0,0,0,0.007070707,0.004040404,0,0,0,0,0,0,0,0,0.037373737,0,0.006060606,0.004040404,0.005050505,0,0.002020202,0.001010101,0.002020202,0,0.011111111,0.014141414,0,0.001010101,0,0,0,0,0.002020202,0,0.001010101,0,0,0,0,0,0,0.001010101,0,0.011111111,0.003030303,0.001010101,0.007070707,0,0,0.002020202,0,0,0,0,0.019191919,0.006060606,0,0.002020202,0,0,0.009090909,0,0.005050505,0,0.007070707,0,0,0.001010101,0,0,0,0,0,0,0.019191919,0,0.005050505,0.005050505,0,0,0,0,0,0,0,0,0,0,0,0.003030303,0,0,0,0.001010101,0,0,0,0,0,0,0.096969697,0,0,0,0,0.408080808,0.009090909,0.061616162
U.T2.R4.S1,859.0645161,1.206577778,7206.315789,0.12815338,0.02320888,0.011099899,0.051463169,0,0,0,0,0,0,0,0.001009082,0,0,0,0,0,0,0,0,0,0.002018163,0.001009082,0,0,0.01715439,0,0,0.007063572,0,0,0,0,0,0,0,0,0,0,0.003027245,0.001009082,0.001009082,0,0,0,0,0,0,0,0.025227043,0,0.001009082,0.004036327,0.012108981,0,0,0,0.008072654,0,0.021190716,0.014127144,0,0,0.002018163,0,0,0,0.001009082,0.004036327,0,0,0.00605449,0,0,0,0,0,0,0.019172553,0.005045409,0,0.005045409,0,0,0,0.001009082,0,0,0,0.008072654,0,0,0.003027245,0,0,0.007063572,0.001009082,0.010090817,0.010090817,0.011099899,0,0,0,0,0,0,0,0.001009082,0,0.008072654,0.001009082,0.003027245,0.003027245,0,0,0,0,0,0,0.001009082,0,0.001009082,0,0,0.005045409,0,0,0,0,0.001009082,0,0.002018163,0,0,0,0.12815338,0,0,0,0,0.171543895,0.180625631,0.066599395
U.T2.R4.S2,637.1129032,1.159244444,6187.368421,0.126646403,0.025329281,0.01621074,0.010131712,0,0,0,0,0,0,0,0,0,0,0,0,0,0.002026342,0,0,0,0.001013171,0.002026342,0,0,0.021276596,0,0,0.003039514,0,0,0,0,0,0,0,0,0,0,0.007092199,0.001013171,0.002026342,0,0,0,0,0,0,0,0.038500507,0,0.004052685,0.010131712,0.015197568,0,0.001013171,0,0.020263425,0,0.048632219,0.009118541,0,0.001013171,0.001013171,0,0,0,0.001013171,0.003039514,0.009118541,0,0.004052685,0,0,0,0,0,0,0.020263425,0.001013171,0,0.012158055,0,0,0,0,0,0,0,0.043566363,0,0,0.001013171,0,0,0.002026342,0,0.003039514,0,0.027355623,0,0.002026342,0,0,0,0,0,0,0,0.006079027,0,0.002026342,0.005065856,0,0,0,0,0,0,0,0,0,0,0,0.004052685,0,0,0,0,0.006079027,0,0,0,0,0,0.220871327,0.001013171,0,0,0,0.143870314,0.05775076,0.056737589
U.T2.R4.S3,711.2649194,1.012133333,6073.684211,0.167170191,0.01510574,0.020140987,0.051359517,0.002014099,0,0,0,0.003021148,0,0,0.002014099,0,0,0.019133938,0,0,0,0,0,0,0.001007049,0,0,0,0.018126888,0,0,0.005035247,0,0,0,0,0,0,0,0,0,0,0.004028197,0.003021148,0.004028197,0,0,0,0,0,0,0,0.019133938,0,0.003021148,0.001007049,0.01510574,0,0.003021148,0,0.003021148,0,0.048338369,0.007049345,0,0.005035247,0.001007049,0,0,0,0.001007049,0.005035247,0.001007049,0,0.009063444,0.001007049,0,0,0,0,0,0.017119839,0,0,0.003021148,0,0.001007049,0,0.001007049,0,0,0,0.009063444,0,0,0.005035247,0,0,0.003021148,0,0.010070493,0,0.014098691,0.001007049,0,0,0,0,0,0,0,0,0.010070493,0,0.001007049,0.007049345,0,0,0,0,0,0,0.002014099,0,0,0,0,0.005035247,0,0,0,0,0,0,0,0,0,0,0.193353474,0,0,0,0,0.164149043,0.041289023,0.073514602
U.T3.R1.S1,504.2799073,0.913416,7088.421053,0.188259109,0.08097166,0.017206478,0.006072874,0,0,0,0,0,0,0,0.002024291,0,0.001012146,0,0,0.002024291,0,0,0,0.003036437,0.005060729,0.001012146,0,0,0.015182186,0,0,0.001012146,0.001012146,0,0,0,0,0,0.001012146,0,0,0.002024291,0.002024291,0.001012146,0.00708502,0,0,0,0,0,0,0,0.027327935,0,0.004048583,0.004048583,0.008097166,0.002024291,0.004048583,0,0.012145749,0,0.010121457,0.001012146,0,0,0,0,0,0,0.002024291,0,0,0,0.006072874,0,0,0.001012146,0,0,0,0.018218623,0.002024291,0,0.001012146,0,0,0,0.004048583,0,0,0,0.020242915,0.003036437,0,0.004048583,0,0,0,0,0.024291498,0,0.023279352,0,0.004048583,0,0,0.002024291,0,0,0,0,0.004048583,0,0.005060729,0.00708502,0,0,0,0,0,0,0,0,0,0,0,0.001012146,0,0,0,0.004048583,0.001012146,0,0,0,0,0,0.117408907,0,0,0,0,0.16194332,0.092105263,0.08097166
U.T3.R1.S2,407.5947581,0.76856,5972.631579,0.144869215,0.02917505,0.017102616,0.002012072,0,0,0,0,0,0,0,0,0,0,0,0,0,0,0,0,0,0.001006036,0.002012072,0,0,0.00804829,0,0,0.003018109,0,0,0,0,0,0,0,0,0,0,0.005030181,0.005030181,0.002012072,0,0,0,0.001006036,0,0,0,0.031187123,0.002012072,0.004024145,0.002012072,0.017102616,0,0.002012072,0,0.002012072,0,0.020120724,0.001006036,0,0.003018109,0,0,0,0.001006036,0,0.004024145,0.001006036,0,0.001006036,0.001006036,0,0,0,0,0,0.018108652,0.00804829,0.001006036,0.003018109,0,0,0,0.001006036,0,0,0,0.012072435,0.001006036,0,0.002012072,0,0,0.002012072,0,0.02917505,0,0.022132797,0,0,0,0,0,0,0,0,0.001006036,0.010060362,0,0.012072435,0.011066398,0,0,0.006036217,0,0,0,0,0,0,0,0,0.007042254,0,0,0,0,0,0,0,0,0,0,0.089537223,0,0.001006036,0.001006036,0,0.245472837,0.157947686,0.04527163
U.T3.R1.S3,273.9193548,0.711564,1021.052632,0.134207871,0.016145308,0.031281534,0.007063572,0,0,0,0,0,0,0,0,0,0,0,0.001009082,0.001009082,0,0,0,0,0,0.002018163,0,0,0.021190716,0,0,0.004036327,0,0,0.002018163,0,0,0.001009082,0,0,0,0,0.003027245,0.002018163,0.004036327,0,0,0,0,0,0,0,0.037336024,0,0.007063572,0.002018163,0.033299697,0,0.007063572,0.001009082,0.001009082,0,0.028254289,0.004036327,0,0,0,0,0,0.001009082,0,0.005045409,0,0,0.003027245,0,0,0,0,0,0,0.030272452,0.00605449,0,0.015136226,0,0,0,0.001009082,0,0,0,0.018163471,0,0,0.001009082,0.002018163,0,0.003027245,0,0.005045409,0,0.013118063,0.003027245,0,0,0.001009082,0,0,0,0,0,0.005045409,0,0.019172553,0.00605449,0,0.002018163,0,0,0,0,0,0,0,0,0,0.007063572,0,0,0,0.001009082,0,0,0,0,0,0,0.166498486,0,0,0,0,0.171543895,0.105953582,0.056508577
U.T3.R2.S1,571.5362903,0.775967,6309.473684,0.118181818,0.017171717,0.017171717,0.019191919,0,0,0,0,0.002020202,0,0,0,0,0.001010101,0.001010101,0,0,0,0,0,0.001010101,0.003030303,0.002020202,0,0,0.009090909,0,0,0.001010101,0,0,0,0,0,0.001010101,0,0,0,0,0.006060606,0.002020202,0.008080808,0,0.001010101,0,0.001010101,0,0,0,0.063636364,0.001010101,0.006060606,0.007070707,0.013131313,0.001010101,0.006060606,0.003030303,0.001010101,0,0.023232323,0.004040404,0,0,0,0,0,0,0.001010101,0.003030303,0.001010101,0,0.001010101,0.001010101,0,0.001010101,0,0,0,0.022222222,0.001010101,0,0.003030303,0,0,0,0.001010101,0,0,0,0.016161616,0.002020202,0,0,0,0,0.002020202,0,0.011111111,0,0.031313131,0,0,0,0,0,0,0,0.001010101,0,0.011111111,0,0.029292929,0.013131313,0,0.001010101,0,0,0,0,0.001010101,0,0,0,0,0.009090909,0,0,0,0,0,0,0,0,0,0,0.17979798,0,0,0,0,0.21010101,0.051515152,0.054545455
U.T3.R2.S2,551.358871,0.78214,6545.263158,0.171339564,0.048805815,0.014537902,0.010384216,0,0,0,0,0.001038422,0,0,0.002076843,0,0,0,0,0,0,0,0,0.001038422,0.001038422,0,0,0,0.021806854,0,0,0,0.001038422,0,0,0,0,0,0,0,0,0,0.001038422,0.001038422,0.003115265,0,0,0,0.001038422,0,0,0,0.067497404,0.001038422,0.002076843,0.00623053,0.022845275,0,0.00623053,0,0,0,0.021806854,0.001038422,0,0.002076843,0,0,0,0.001038422,0,0.001038422,0,0,0.001038422,0,0.001038422,0,0,0,0,0.023883697,0.010384216,0,0.002076843,0,0.001038422,0,0.001038422,0,0,0,0.073727934,0,0,0,0,0,0.008307373,0,0.00623053,0.001038422,0.016614746,0,0,0,0,0.002076843,0,0,0,0,0.011422638,0,0.028037383,0.004153686,0,0.001038422,0,0,0,0,0.001038422,0,0,0,0,0.004153686,0,0,0,0,0.007268951,0,0,0,0,0,0.115264798,0,0,0,0,0.186915888,0.037383178,0.042575286
U.T3.R2.S3,588.349125,1.009712,4848.421053,0.131313131,0.025252525,0.012121212,0.006060606,0.001010101,0,0,0,0.001010101,0,0,0,0,0,0,0,0,0,0,0,0.001010101,0.006060606,0.004040404,0,0,0.02020202,0,0,0,0,0,0,0,0,0,0,0,0,0,0.003030303,0.003030303,0.004040404,0,0,0,0,0,0,0,0.044444444,0.002020202,0.004040404,0.003030303,0.01010101,0,0,0.001010101,0.002020202,0,0.026262626,0.005050505,0,0,0.002020202,0,0,0,0.001010101,0.002020202,0.002020202,0,0.002020202,0.001010101,0,0.001010101,0,0,0,0.016161616,0.005050505,0,0.006060606,0,0,0,0,0,0,0,0.009090909,0,0,0.002020202,0.001010101,0,0,0,0.012121212,0,0.011111111,0,0,0,0,0,0,0.001010101,0,0.001010101,0.008080808,0,0.065656566,0.007070707,0,0,0,0,0,0,0,0,0,0,0,0.011111111,0,0,0,0,0,0,0,0,0,0,0.150505051,0.001010101,0,0,0,0.226262626,0.062626263,0.075757576
U.T3.R3.S1,377.328629,1.012181,3004.210526,0.125252525,0.028282828,0.014141414,0.035353535,0,0,0,0,0,0,0,0,0,0,0.001010101,0,0,0.001010101,0,0,0,0.001010101,0.004040404,0,0,0.014141414,0,0,0.002020202,0,0,0,0,0.003030303,0.001010101,0,0.001010101,0,0,0.005050505,0.001010101,0.003030303,0,0.002020202,0,0.001010101,0,0,0,0.016161616,0,0.003030303,0.004040404,0.007070707,0.001010101,0.01010101,0.001010101,0.001010101,0,0.012121212,0.007070707,0,0.001010101,0,0,0,0.001010101,0.001010101,0.002020202,0.001010101,0,0.003030303,0,0,0,0,0,0,0.032323232,0.006060606,0,0.006060606,0,0,0,0.001010101,0,0,0,0.005050505,0.005050505,0,0.001010101,0,0,0.006060606,0,0.013131313,0,0.024242424,0,0.002020202,0.002020202,0,0,0,0.001010101,0.005050505,0,0.017171717,0,0.012121212,0.018181818,0,0,0,0,0,0,0,0,0,0,0,0.004040404,0,0,0,0.001010101,0,0,0,0,0,0,0.132323232,0,0,0,0.001010101,0.173737374,0.095959596,0.119191919
U.T3.R3.S2,289.0524194,0.706214,4524.210526,0.137614679,0.022426096,0.012232416,0.014271152,0,0,0,0,0,0,0,0,0.002038736,0,0.00509684,0,0,0,0,0,0.001019368,0.002038736,0.003058104,0,0,0.012232416,0,0,0.003058104,0,0,0,0,0,0,0,0,0,0,0.00509684,0.002038736,0.003058104,0,0,0,0.004077472,0,0,0,0.01019368,0,0.002038736,0.001019368,0.017329256,0,0.003058104,0,0.003058104,0,0.024464832,0.006116208,0,0.001019368,0,0,0,0.002038736,0,0.002038736,0,0,0.001019368,0,0,0.001019368,0,0,0,0.017329256,0.008154944,0,0.002038736,0,0,0,0.001019368,0,0,0,0.006116208,0.004077472,0,0.001019368,0,0,0.009174312,0,0.03058104,0,0.018348624,0.003058104,0,0.00509684,0,0,0,0,0.003058104,0.002038736,0.008154944,0,0.012232416,0.01019368,0,0,0,0,0,0,0.008154944,0,0,0,0,0.007135576,0,0,0,0.004077472,0,0,0,0,0,0,0.152905199,0,0,0,0,0.143730887,0.129459735,0.109072375
U.T3.R3.S3,707.733871,1.22144,5383.157895,0.116349047,0.100300903,0.016048144,0.003009027,0,0.004012036,0,0,0,0,0,0.002006018,0,0,0,0,0,0,0,0,0,0.001003009,0.003009027,0,0,0.015045135,0,0,0.002006018,0.001003009,0,0,0,0,0,0,0,0,0,0,0.001003009,0,0.001003009,0,0,0,0,0,0,0.017051153,0,0.001003009,0.002006018,0.008024072,0,0,0,0.001003009,0,0.019057172,0.005015045,0,0,0.001003009,0,0,0,0.002006018,0.003009027,0,0,0.001003009,0,0,0,0,0,0,0.014042126,0.005015045,0.005015045,0.005015045,0,0,0,0,0,0,0,0.017051153,0.002006018,0,0.008024072,0,0,0.003009027,0,0.020060181,0,0.014042126,0.001003009,0.001003009,0,0,0,0,0.001003009,0.005015045,0.001003009,0.006018054,0,0.01003009,0.005015045,0,0,0,0,0,0,0.004012036,0,0,0,0,0.002006018,0,0,0,0,0,0,0,0,0,0,0.068204614,0,0,0,0,0.283851555,0.15446339,0.038114343
U.T3.R4.S1,392.4616935,1.080494,6212.631579,0.144153226,0.023185484,0.016129032,0.033266129,0,0,0,0,0.001008065,0,0,0.002016129,0,0,0,0,0,0,0,0,0,0.001008065,0,0,0,0.034274194,0,0,0.001008065,0,0,0,0,0,0,0,0,0,0,0.002016129,0.002016129,0.003024194,0,0,0,0,0,0,0,0.060483871,0,0.004032258,0.004032258,0.050403226,0,0.003024194,0,0.004032258,0,0.018145161,0.005040323,0,0.002016129,0.001008065,0,0,0.001008065,0.001008065,0.014112903,0.004032258,0,0,0.002016129,0,0,0,0.001008065,0,0.023185484,0.009072581,0,0.007056452,0,0,0,0,0,0,0,0.005040323,0,0,0.001008065,0,0,0.004032258,0,0.006048387,0.001008065,0.01108871,0,0,0,0,0,0,0.002016129,0.004032258,0,0.006048387,0,0.01108871,0.008064516,0,0,0,0,0,0,0,0,0,0,0,0.010080645,0,0,0,0,0,0,0,0.001008065,0,0,0.186491935,0,0,0,0,0.173387097,0.032258065,0.059475806
U.T3.R4.S2,536.2258065,0.689547,5774.736842,0.088442211,0.015075377,0.019095477,0.026130653,0.001005025,0,0,0,0,0,0,0,0,0,0,0,0,0.001005025,0,0,0.001005025,0.003015075,0.001005025,0,0,0.028140704,0,0,0.00201005,0,0,0,0,0,0,0,0.003015075,0,0,0.005025126,0,0.004020101,0,0,0,0,0,0,0,0.048241206,0,0.004020101,0.003015075,0.013065327,0,0.004020101,0,0.001005025,0,0.024120603,0.012060302,0,0.001005025,0.001005025,0,0,0.001005025,0.00201005,0.00201005,0,0,0,0.001005025,0,0,0,0,0,0.015075377,0.008040201,0,0.003015075,0,0.001005025,0,0.00201005,0,0,0,0.00201005,0,0.001005025,0,0,0,0.003015075,0,0.003015075,0,0.028140704,0,0.001005025,0,0,0,0,0,0.011055276,0,0.003015075,0,0.010050251,0.014070352,0,0,0,0,0,0,0,0,0.001005025,0,0,0.010050251,0,0,0,0,0.001005025,0,0,0,0,0,0.15879397,0,0.001005025,0,0,0.305527638,0.036180905,0.065326633
U.T3.R4.S3,677.4677419,0.74572,8317.894737,0.132323232,0.028282828,0.012121212,0.006060606,0.002020202,0,0,0,0.001010101,0,0,0.001010101,0,0,0,0,0,0,0,0,0,0.003030303,0.001010101,0,0,0.038383838,0,0,0.001010101,0.001010101,0,0,0,0,0,0,0.003030303,0,0,0.002020202,0.001010101,0.005050505,0,0.001010101,0,0,0,0,0.001010101,0.049494949,0,0.007070707,0.003030303,0.014141414,0.001010101,0.007070707,0,0.002020202,0,0.027272727,0.008080808,0,0.003030303,0,0,0,0,0.002020202,0.002020202,0.001010101,0,0.001010101,0.001010101,0,0,0,0,0,0.03030303,0.008080808,0,0.002020202,0,0,0,0.002020202,0,0,0,0.012121212,0.001010101,0,0.001010101,0.001010101,0,0.004040404,0,0.009090909,0,0.03030303,0.001010101,0,0,0,0,0,0.002020202,0.004040404,0,0.005050505,0,0.012121212,0.022222222,0,0,0,0,0,0,0,0,0,0,0,0.008080808,0,0,0,0,0,0,0,0.001010101,0,0,0.165656566,0,0,0,0.001010101,0.167676768,0.070707071,0.068686869
U.T4.R1.S1,584.9895847,1.221857,6915.789474,0.16380182,0.028311426,0.020222447,0.052578362,0.001011122,0.001011122,0,0,0.002022245,0,0,0,0,0,0,0,0,0,0,0,0,0.005055612,0.005055612,0,0,0.01718908,0,0,0.003033367,0.001011122,0,0,0,0,0,0,0.002022245,0,0.001011122,0.002022245,0,0.004044489,0,0,0,0,0,0,0,0.03033367,0.001011122,0.004044489,0,0.011122346,0.001011122,0,0.001011122,0.001011122,0.001011122,0.025278059,0.01718908,0,0,0.002022245,0,0,0,0,0.002022245,0.001011122,0,0.002022245,0,0,0,0,0,0,0.03437816,0.005055612,0,0.001011122,0,0,0.006066734,0.001011122,0.001011122,0,0,0.020222447,0,0,0.001011122,0.002022245,0,0,0,0.014155713,0,0.027300303,0.002022245,0,0.005055612,0,0,0,0,0,0.001011122,0.008088979,0,0.009100101,0.010111223,0,0,0,0,0,0,0,0,0,0,0,0.012133468,0,0,0,0,0,0,0,0,0,0,0.156723964,0,0,0,0,0.190091001,0.033367037,0.049544995
U.T4.R1.S2,554.7234556,1.273333,5589.473684,0.160481444,0.025075226,0.018054162,0.013039117,0.003009027,0.002006018,0,0,0.001003009,0,0,0,0,0,0.004012036,0,0,0.001003009,0,0,0.003009027,0.002006018,0.011033099,0,0,0.026078235,0,0,0.007021063,0.002006018,0,0,0,0,0.001003009,0,0.001003009,0,0,0.003009027,0,0.009027081,0,0,0,0,0,0,0,0.035105316,0,0.003009027,0.008024072,0.009027081,0,0.001003009,0,0.001003009,0,0.030090271,0.016048144,0,0.002006018,0.003009027,0,0,0.001003009,0.004012036,0.01003009,0.001003009,0,0.001003009,0,0,0,0,0,0,0.022066199,0.008024072,0,0.002006018,0,0,0,0.003009027,0,0,0,0.034102307,0,0,0.002006018,0.001003009,0,0.009027081,0,0.018054162,0,0.027081244,0,0.001003009,0,0,0,0,0,0,0,0.005015045,0,0.012036108,0.006018054,0,0,0,0,0,0,0,0,0,0,0,0.011033099,0,0,0,0,0,0,0,0,0,0,0.225677031,0,0,0,0.001003009,0.140421264,0.018054162,0.035105316
U.T4.R1.S3,894.375,1.044008,5972.631579,0.173387097,0.015120968,0.014112903,0.014112903,0.001008065,0.004032258,0,0,0,0,0,0.003024194,0,0,0,0,0,0.001008065,0,0,0.008064516,0.003024194,0.004032258,0,0,0.069556452,0,0,0.004032258,0.002016129,0,0,0,0,0,0,0,0,0,0,0,0.003024194,0,0.001008065,0,0,0,0,0,0.054435484,0,0.004032258,0.004032258,0.015120968,0,0.006048387,0,0.001008065,0,0.055443548,0.01108871,0,0,0,0,0,0.001008065,0.001008065,0.002016129,0,0,0,0.002016129,0,0,0,0,0,0.018145161,0.007056452,0,0.001008065,0,0,0,0.003024194,0,0,0,0.018145161,0.004032258,0,0,0,0,0.007056452,0,0.007056452,0,0.03125,0,0,0,0,0,0,0.001008065,0,0,0.007056452,0,0.012096774,0.003024194,0,0,0,0,0,0,0,0,0,0,0,0.013104839,0,0,0,0,0,0,0,0,0,0,0.165322581,0.001008065,0,0,0,0.165322581,0.02016129,0.037298387
U.T4.R2.S1,692.6008065,1.522911,6747.368421,0.154314721,0.022335025,0.01319797,0.016243655,0.001015228,0,0,0,0,0,0,0.016243655,0,0,0,0,0,0,0,0,0.002030457,0.008121827,0.005076142,0.001015228,0,0.015228426,0,0,0.002030457,0,0,0,0,0,0,0,0,0,0,0.002030457,0,0.003045685,0,0,0.004060914,0.015228426,0,0,0,0.054822335,0,0.002030457,0.006091371,0.005076142,0,0.002030457,0,0.001015228,0,0.014213198,0.010152284,0,0,0,0,0,0,0.002030457,0,0,0,0.001015228,0,0,0,0,0,0,0.01928934,0.003045685,0.001015228,0,0,0,0.001015228,0.001015228,0,0,0,0.01928934,0.002030457,0,0.002030457,0,0,0.001015228,0,0.009137056,0.063959391,0.015228426,0.001015228,0,0,0,0,0,0,0.002030457,0,0.005076142,0,0.006091371,0.008121827,0,0,0,0,0,0,0,0,0,0,0,0.010152284,0,0,0,0,0,0,0,0,0,0,0.225380711,0,0,0,0,0.144162437,0.028426396,0.05177665
U.T4.R2.S2,751.4532944,1.278608,6448.421053,0.164801628,0.01525941,0.009155646,0.031536114,0.001017294,0,0,0,0.001017294,0,0,0.001017294,0,0,0.003051882,0,0,0,0,0,0.002034588,0.001017294,0.003051882,0.001017294,0,0.080366226,0,0,0.008138352,0.001017294,0,0,0,0,0,0,0.001017294,0,0,0.002034588,0,0.001017294,0,0,0,0,0,0,0,0.048830112,0.001017294,0.001017294,0.007121058,0.03051882,0.001017294,0.004069176,0,0.002034588,0,0.017293998,0.029501526,0,0,0.002034588,0,0,0.008138352,0.012207528,0.003051882,0.001017294,0,0,0,0,0.001017294,0,0,0,0.016276704,0.007121058,0,0.001017294,0,0,0,0.001017294,0,0,0,0.011190234,0.001017294,0,0.003051882,0.001017294,0,0.001017294,0,0.014242116,0,0.016276704,0,0,0,0,0,0,0,0,0,0.006103764,0,0.019328586,0.007121058,0,0,0,0,0,0,0,0,0,0,0,0.01017294,0,0,0,0,0,0,0,0.002034588,0,0,0.154628688,0,0,0,0,0.171922686,0.011190234,0.046795524
U.T4.R2.S3,568.1717056,1.424599,5075.789474,0.159229209,0.02535497,0.013184584,0.005070994,0.001014199,0.002028398,0,0,0,0,0,0.007099391,0,0,0,0,0,0,0,0,0.001014199,0.032454361,0.014198783,0,0,0.02535497,0,0,0.009127789,0,0,0,0,0,0,0,0,0,0,0.001014199,0.001014199,0.001014199,0,0,0.002028398,0,0,0,0,0.037525355,0,0.005070994,0.003042596,0.019269777,0,0,0,0.002028398,0,0.020283976,0.028397566,0,0.002028398,0.001014199,0,0,0.011156187,0.002028398,0,0.003042596,0,0,0,0,0,0,0,0,0.026369168,0.003042596,0,0.001014199,0,0,0,0,0,0,0,0.009127789,0,0,0.019269777,0,0,0.004056795,0,0.009127789,0.003042596,0.017241379,0,0,0,0,0,0,0,0.001014199,0,0.003042596,0,0.015212982,0.005070994,0,0,0,0,0,0,0,0,0,0,0,0.00811359,0,0,0,0,0,0,0,0,0,0,0.146044625,0,0,0,0,0.18356998,0.023326572,0.087221095
U.T4.R3.S1,473.171371,1.014684,3416.842105,0.154002026,0.028368794,0.020263425,0.064842958,0.002026342,0,0,0,0,0,0,0.002026342,0,0,0,0,0,0.001013171,0,0,0,0.005065856,0,0,0,0.019250253,0,0,0.005065856,0,0,0,0,0,0,0,0,0,0,0,0.002026342,0.012158055,0.001013171,0,0,0,0,0,0,0.055724417,0.002026342,0.005065856,0.001013171,0.024316109,0,0.004052685,0,0.004052685,0,0.021276596,0.013171226,0,0.005065856,0.001013171,0,0,0,0.001013171,0.001013171,0,0,0.001013171,0.001013171,0,0,0,0,0,0.040526849,0.004052685,0,0.004052685,0,0,0,0,0,0,0.001013171,0.013171226,0.001013171,0,0,0,0,0.001013171,0,0.006079027,0,0.022289767,0.002026342,0,0,0,0,0,0,0.003039514,0,0.006079027,0,0.010131712,0.007092199,0,0,0,0,0,0,0,0,0,0,0,0.00810537,0,0,0,0,0,0,0,0,0,0,0.181357649,0,0,0,0,0.159067882,0.012158055,0.059777102
U.T4.R3.S2,210.8649194,0.987679,5480,0.124368049,0.015166835,0.015166835,0.008088979,0.001011122,0,0,0,0,0,0,0.005055612,0,0,0,0.001011122,0,0.004044489,0,0,0.002022245,0.004044489,0.007077856,0,0,0.033367037,0,0.001011122,0.003033367,0,0,0,0,0,0,0,0,0,0,0.001011122,0.001011122,0.008088979,0,0.003033367,0,0,0,0,0,0.055611729,0,0.005055612,0.005055612,0.041456016,0,0.006066734,0,0.002022245,0,0.024266936,0.024266936,0,0,0.007077856,0,0,0,0.004044489,0.005055612,0.001011122,0.001011122,0.029322548,0.002022245,0,0,0,0,0,0.021233569,0.003033367,0,0.002022245,0,0,0,0.002022245,0,0,0,0.006066734,0,0,0.005055612,0,0,0.005055612,0,0.005055612,0,0.01718908,0,0.001011122,0,0,0,0,0,0.001011122,0,0.002022245,0,0.022244692,0.005055612,0,0,0,0,0,0,0,0,0,0,0,0.014155713,0,0,0,0,0.001011122,0,0,0,0,0,0.148634985,0,0,0,0,0.197168857,0.019211325,0.070778564
U.T4.R3.S3,321.8407258,1.087046,5922.105263,0.07979798,0.012121212,0.01010101,0.006060606,0.001010101,0,0,0,0,0,0,0,0,0,0,0,0,0,0.001010101,0,0,0.001010101,0.019191919,0,0,0.034343434,0,0,0.001010101,0,0,0,0,0,0,0,0.001010101,0,0,0.003030303,0.002020202,0.001010101,0,0,0,0,0,0,0,0.038383838,0,0.001010101,0.006060606,0.018181818,0,0.001010101,0,0.002020202,0,0.023232323,0.011111111,0,0.002020202,0.002020202,0,0,0,0.002020202,0.005050505,0,0,0,0,0,0,0.001010101,0,0,0.022222222,0.005050505,0,0.002020202,0,0,0,0,0,0,0,0.005050505,0.001010101,0,0.002020202,0.003030303,0,0.002020202,0,0.009090909,0.008080808,0.012121212,0,0,0,0,0,0,0,0,0.001010101,0,0,0.016161616,0.006060606,0,0,0,0,0,0,0.002020202,0,0,0,0,0.014141414,0,0,0,0,0.001010101,0,0,0,0,0,0.185858586,0,0,0,0,0.338383838,0.007070707,0.070707071
U.T4.R4.S1,632.0685484,1.103924,2587.368421,0.134343434,0.024242424,0.018181818,0.053535354,0.001010101,0,0,0,0,0,0,0,0,0,0,0,0,0.002020202,0,0,0.003030303,0.001010101,0,0,0,0.018181818,0,0,0.001010101,0,0,0,0,0,0,0,0.002020202,0,0.002020202,0.005050505,0.001010101,0.004040404,0,0,0,0,0,0,0,0.021212121,0,0.002020202,0.007070707,0.01010101,0,0.002020202,0,0,0,0.023232323,0.013131313,0,0.002020202,0,0,0,0,0.002020202,0.004040404,0.002020202,0,0.001010101,0,0,0,0,0,0,0.027272727,0.007070707,0,0.006060606,0,0,0.002020202,0,0,0,0,0.018181818,0.003030303,0,0.004040404,0,0,0.001010101,0,0.016161616,0.001010101,0.023232323,0,0,0.001010101,0,0,0,0,0.002020202,0,0.01010101,0,0.005050505,0.006060606,0,0,0,0,0,0,0,0,0,0,0,0.002020202,0,0,0,0,0,0,0,0,0,0,0.149494949,0,0,0,0,0.2,0.105050505,0.049494949
U.T4.R4.S2,674.1031573,1.198439,5383.157895,0.130653266,0.021105528,0.007035176,0.033165829,0.001005025,0,0,0,0.001005025,0,0,0.001005025,0,0,0,0,0,0,0,0,0.001005025,0,0.006030151,0,0,0.019095477,0,0,0.007035176,0.001005025,0,0,0,0.001005025,0,0,0.003015075,0,0,0.013065327,0.00201005,0.023115578,0,0,0,0,0,0,0,0.04321608,0,0.004020101,0.003015075,0.018090452,0,0.004020101,0,0.001005025,0,0.073366834,0.014070352,0,0.001005025,0.003015075,0,0,0,0.001005025,0.00201005,0.001005025,0,0,0,0,0,0,0,0,0.022110553,0.004020101,0,0.003015075,0,0,0,0,0,0,0,0.007035176,0.003015075,0,0.001005025,0,0,0.005025126,0,0.010050251,0,0.016080402,0,0,0,0,0,0,0,0.017085427,0,0.008040201,0,0.014070352,0.008040201,0,0,0,0,0,0,0,0,0,0,0,0.009045226,0,0,0,0,0,0,0,0,0,0,0.222110553,0,0,0,0,0.154773869,0.020100503,0.035175879
U.T4.R4.S3,381.5305766,1.092321,7816.842105,0.126518219,0.024291498,0.010121457,0.00708502,0.001012146,0,0,0,0.008097166,0,0,0,0,0,0,0,0,0,0,0,0,0.001012146,0,0,0,0.028340081,0,0.001012146,0.002024291,0,0,0,0,0,0,0,0.00708502,0,0,0.001012146,0,0.003036437,0,0,0,0,0,0,0,0.035425101,0,0.003036437,0.005060729,0.011133603,0,0.004048583,0,0.003036437,0,0.022267206,0.022267206,0,0.001012146,0.00708502,0,0,0,0.002024291,0.001012146,0,0,0.001012146,0,0,0,0,0,0,0.028340081,0.00708502,0,0.004048583,0,0,0,0,0,0,0,0.017206478,0.008097166,0,0.002024291,0.001012146,0,0.005060729,0,0.001012146,0.008097166,0.01417004,0.002024291,0.001012146,0,0,0,0,0,0.004048583,0.001012146,0.005060729,0,0.012145749,0.006072874,0,0,0,0,0,0,0,0,0,0,0,0.003036437,0.001012146,0,0,0,0,0,0,0,0,0,0.17611336,0,0,0,0,0.237854251,0.069838057,0.045546559
