Prokopenko_Chromosome,Prokopenko_Position,Prokopenko_rsid,Prokopenko_Nearest_protein_coding gene,Prokopenko_DISC_P_value,Prokopenko_REP_P_value,Prokopenko_Effect_direction,Prokopenko_META_P_value,Prokopenko_Overlapping_GREAT_associated_genes,
2,7933102,rs147918541,ID2,0.047757,0.000349046,--,0.0002441,LINC00298,
15,36630692,rs147002962,C15orf41,0.040597,0.000486396,++,0.0003025,C15orf41,
15,36651652,rs141228575,C15orf41,0.040597,0.000486396,++,0.0003025,C15orf41,
2,19666030,rs192813691,TTC32,0.021309,0.000830485,++,0.0005585,TTC32,
8,19144162,rs191298666,PSD3,0.001498,0.00181108,--,0.0009056,PSD3,
3,80502494,rs147693708,ROBO1,0.004993,0.001659,++,0.0009404,ROBO1,
8,96051957,rs190203293,GDF6,0.049535,0.0012004,--,0.0009505,GDF6,
1,63039906,rs574465774,ATG4C,0.04233,0.00122345,--,0.0009611,ATG4C,
15,36656917,rs139968048,C15orf41,0.040597,0.00171794,++,0.001111,C15orf41,
7,62591035,rs183006822,AC115220.1,0.017501,0.00171406,--,0.001161,.,
5,57643311,rs187971748,ACTBL2,0.029347,0.00209728,--,0.00137,ACTBL2,
5,23249646,rs188756615,PRDM9,0.039655,0.00246239,--,0.001563,PRDM9,
7,127543935,rs117067027,GCC1,0.038244,0.00233856,--,0.001567,GCC1,
7,127605223,rs74599073,FSCN3,0.038244,0.00233856,--,0.001567,PAX4,
3,186645326,rs186952043,FETUB,0.012254,0.00287279,--,0.001709,FETUB,
7,128041888,rs76593352,SND1,0.038244,0.00257369,--,0.001729,SND1,
12,128149648,rs118061557,TMEM132C,0.025463,0.00305301,--,0.001932,TMEM132C,
3,81306068,rs138906880,GBE1,0.016635,0.00337989,++,0.002232,GBE1,
5,162264398,rs79625546,GABRG2,0.032544,0.00360035,--,0.002274,GABRG2,
20,14100543,rs186779483,MACROD2,0.038937,0.00358227,--,0.0023,MACROD2,
1,242581104,rs74875574,PLD5,0.041392,0.00406435,--,0.002356,PLD5,
7,127648841,rs183954628,SND1,0.021542,0.00375298,--,0.00236,SND1,
1,29395064,rs149647170,PTPRU,0.021798,0.00382569,--,0.002406,PTPRU,
4,13714259,rs73233257,BOD1L1,0.047005,0.00363264,++,0.00244,LINC01182,
6,68508136,rs117177940,ADGRB3,0.028983,0.00331226,++,0.002469,ADGRB3,
14,96916277,rs150817323,VRK1,0.008096,0.0045026,++,0.002471,VRK1,
4,135097618,rs184193743,PABPC4L,0.016351,0.00370286,--,0.002558,PABPC4L,
7,127847414,rs77503550,SND1,0.038244,0.00379784,--,0.002584,SND1,
1,37940273,rs28718357,INPP5B,0.034165,0.00405943,--,0.002661,INPP5B,
7,108460970,rs541442548,NRCAM,0.002521,0.00424344,--,0.002667,NRCAM,
7,108484830,rs77894736,PNPLA8,0.002521,0.00424344,--,0.002667,PNPLA8,
7,108529199,rs190152714,PNPLA8,0.002521,0.00424344,--,0.002667,PNPLA8,
8,117577180,rs546085561,MED30,0.049867,0.00370318,++,0.002746,MED30,
4,180467441,rs192125218,TENM3,0.0455,0.00355599,--,0.002859,.,
5,180730861,rs150618250,OR2Y1,0.011044,0.00555295,--,0.002903,OR2Y1,
2,219368792,rs150209471,DNPEP,0.010606,0.00484124,++,0.002914,DNPEP,
7,23924931,rs118079694,STK31,0.001778,0.00521425,--,0.002924,STK31,
20,14089467,rs147562813,MACROD2,0.038937,0.00456146,--,0.002956,MACROD2,
18,8151834,rs563455797,PTPRM,0.032499,0.00428786,++,0.002989,PTPRM,
8,117584552,rs181242842,MED30,0.026401,0.00447747,--,0.003081,MED30,
12,61527160,rs139927220,TAFA2,0.033714,0.00454088,--,0.003181,FAM19A2,
6,62050149,rs191201858,KHDRBS2,0.038159,0.0052266,++,0.003313,KHDRBS2,
11,93859726,rs78992770,VSTM5,0.026883,0.00423144,--,0.003333,VSTM5,
9,84137322,rs182080972,RMI1,0.019734,0.00493985,--,0.003345,RMI1,
6,62066677,rs144813406,KHDRBS2,0.038159,0.00527962,++,0.003348,KHDRBS2,
1,242581875,rs76660615,PLD5,0.041392,0.00584787,--,0.003446,PLD5,
12,94073527,rs116916696,PLXNC1,0.029402,0.0051444,--,0.003464,PLXNC1,
8,104607400,rs117186343,LRP12,0.044396,0.00513146,++,0.003469,ZFPM2,
7,18555328,rs193045958,HDAC9,0.027807,0.00465471,--,0.003492,HDAC9,
14,69811457,rs73285258,SLC10A1,0.010417,0.00558818,++,0.003507,SLC10A1,
4,141968065,rs144768306,INPP4B,0.006143,0.00643939,++,0.003524,IL15,
4,141982173,rs141749157,INPP4B,0.006143,0.00643939,++,0.003524,IL15,
7,23897011,rs145112866,STK31,0.00068,0.00686296,--,0.00353,STK31,
7,23910087,rs112910644,STK31,0.000538,0.00696148,--,0.003537,STK31,
7,23914457,rs111839960,STK31,0.000538,0.00696148,--,0.003537,STK31,
7,23919882,rs113210961,STK31,0.000538,0.00696148,--,0.003537,STK31,
7,23906719,rs112941445,STK31,0.000538,0.00697166,--,0.003542,STK31,
7,23896868,rs184978723,STK31,0.00068,0.00688693,--,0.003543,STK31,
8,107032840,rs148405868,ANGPT1,0.045039,0.00539596,++,0.003566,ABRA,
14,69812779,rs58712157,SLC10A1,0.040168,0.00536734,++,0.003604,SLC10A1,
14,69813550,rs113550927,SLC10A1,0.040168,0.00536734,++,0.003604,SLC10A1,
2,146567988,rs114555574,ACVR2A,0.022506,0.00535509,--,0.003668,.,
11,94062562,rs192269923,HEPHL1,0.026883,0.0046642,--,0.003682,HEPHL1,
3,80341333,rs569295086,ROBO1,0.008351,0.00572418,++,0.003694,ROBO1,
18,10847611,rs117051688,PIEZO2,0.009932,0.00582102,--,0.003798,PIEZO2,
7,23902434,rs138610713,STK31,0.001778,0.00686193,--,0.0039,STK31,
14,69819320,rs73285287,SLC10A1,0.019397,0.00631526,++,0.003903,SLC10A1,
6,77078826,rs111746845,HTR1B,0.017726,0.00580831,--,0.003928,HTR1B,
14,96989079,rs148822680,VRK1,0.007246,0.00728427,++,0.003942,VRK1,
7,23901045,rs151035773,STK31,0.001778,0.00696148,--,0.003966,STK31,
7,23912295,rs117578568,STK31,0.001778,0.00696148,--,0.003966,STK31,
7,23913302,rs118134845,STK31,0.001778,0.00696148,--,0.003966,STK31,
3,179850376,rs572030008,PEX5L,0.033005,0.00566843,--,0.00414,PEX5L,
14,96878190,rs184084237,VRK1,0.008096,0.00748923,++,0.004223,VRK1,
5,24333865,rs191877245,CDH10,0.027807,0.00566807,--,0.004275,CDH10,
18,8171309,rs141874846,PTPRM,0.032499,0.00630956,++,0.004455,PTPRM,
14,76688113,rs143170034,VASH1,0.025347,0.00527385,--,0.004459,VASH1,
16,84831155,rs143695836,CRISPLD2,0.030639,0.00726336,--,0.004464,CRISPLD2,
3,3639861,rs142920839,SUMF1,0.012676,0.0076995,++,0.004506,LRRN1,
3,16367820,rs796412442,RFTN1,0.013906,0.0157058,--,0.004527,RFTN1,
2,163452934,rs147929553,FIGN,0.035131,0.00618861,++,0.004549,FIGN,
2,136380948,rs546745429,CXCR4,0.042704,0.00651588,--,0.004553,CXCR4,
16,84830220,rs147838680,CRISPLD2,0.030639,0.00742038,--,0.004565,CRISPLD2,
14,98297080,rs140098222,C14orf177,0.030218,0.0074417,--,0.004572,BCL11B,
14,73863188,rs141038477,PTGR2,0.014019,0.0065782,--,0.004592,PTGR2,
14,73895821,rs182935886,AC005520.1,0.014019,0.0065782,--,0.004592,ZNF410,
15,98194160,rs192516019,ARRDC4,0.034808,0.00604794,++,0.004624,ARRDC4,
6,66607314,rs193160810,EYS,0.026136,0.00670286,--,0.004673,EYS,
2,40892790,rs180751195,SLC8A1,0.024589,0.00654374,++,0.004715,SLC8A1,
18,73765717,rs79109483,FBXO15,0.002316,0.0108763,++,0.00476,FBXO15,
19,10352903,rs12720360,TYK2,0.027932,0.00863236,--,0.004772,TYK2,
7,55197798,rs192434534,EGFR,0.011707,0.00782886,++,0.004852,EGFR,
3,81289111,rs190513083,GBE1,0.016635,0.0071999,++,0.004888,GBE1,
3,81323993,rs150091813,GBE1,0.016635,0.00727505,++,0.004941,GBE1,
3,194994255,rs139846769,XXYLT1,0.012839,0.00725743,--,0.005059,XXYLT1,
11,44520270,rs79179407,CD82,0.02655,0.0082989,--,0.00506,CD82,
4,180444919,rs190775891,TENM3,0.0455,0.00627484,--,0.0051,.,
8,103178921,rs550020579,BAALC,0.027807,0.00700396,--,0.005312,BAALC;BAALC-AS1,
7,69710948,rs148649074,AUTS2,0.009252,0.00841899,--,0.005338,AUTS2,
7,133210822,rs4523194,EXOC4,0.00371,0.0129314,++,0.005444,EXOC4,
7,133216833,rs75875194,EXOC4,0.00371,0.0129314,++,0.005444,EXOC4,
19,53612689,rs183931333,DPRX,0.045005,0.00702713,--,0.005469,DPRX,
8,107019350,rs79909255,ANGPT1,0.045039,0.00822254,++,0.005522,ABRA,
5,158419599,rs140912574,EBF1,0.018971,0.00860322,--,0.005545,CLINT1,
8,75571555,rs150359629,HNF4G,0.01486,0.0105415,--,0.005622,HNF4G,
7,25749966,rs78384814,NFE2L3,0.029508,0.00706297,++,0.005648,NFE2L3,
22,48959506,rs6009743,TAFA5,0.03079,0.0100193,--,0.005649,FAM19A5,
14,96866142,rs116940578,VRK1,0.049408,0.00749358,--,0.005658,VRK1,
3,81209360,rs182332154,GBE1,0.009619,0.00889264,++,0.005667,GBE1,
5,103692410,rs143030988,NUDT12,0.030203,0.00826775,++,0.005676,NUDT12,
11,40317407,rs181035964,LRRC4C,0.015033,0.00806552,--,0.005692,LRRC4C,
12,60594700,rs564551103,SLC16A7,0.043225,0.00766937,--,0.005746,SLC16A7,
4,41010247,rs145602568,APBB2,0.015304,0.00814123,--,0.005752,APBB2,
14,46576424,rs117291088,RPL10L,0.039824,0.00903636,++,0.005753,RPL10L,
14,46620827,rs117105865,RPL10L,0.039824,0.00903636,++,0.005753,RPL10L,
8,104586797,rs144122720,LRP12,0.044396,0.00840931,++,0.005787,LRP12,
6,62121754,rs149661265,KHDRBS2,0.038159,0.00893882,++,0.005794,KHDRBS2,
14,46586670,rs143123422,RPL10L,0.039824,0.00918287,++,0.00585,RPL10L,
22,48958206,rs12159871,TAFA5,0.022018,0.0100193,--,0.005923,FAM19A5,
12,132828942,rs118127055,GOLGA3,0.024897,0.00902797,++,0.005951,CHFR;GOLGA3,
4,153729106,rs138830440,RNF175,0.036316,0.00772204,--,0.005955,RNF175,
12,116134136,rs75914421,MED13L,0.015314,0.00766817,++,0.005984,MED13L,
3,80332461,rs142646133,ROBO1,0.008351,0.00910859,++,0.005992,ROBO1,
20,14064078,rs146988249,MACROD2,0.038937,0.00902152,--,0.006003,MACROD2,
17,76351986,rs188776976,PRPSAP1,0.004887,0.0102199,--,0.006055,PRPSAP1,
10,20507938,rs143082778,PLXDC2,0.048271,0.00806775,++,0.006095,NEBL,
12,9681377,rs151293304,CLEC2D,0.006445,0.00941491,++,0.006114,CLEC2D,
14,82232875,rs116880240,SEL1L,0.033864,0.00884098,++,0.006136,SEL1L,
3,69737121,rs181456408,MITF,0.040945,0.00901617,++,0.00618,MITF,
13,107735329,rs77265544,FAM155A,0.0455,0.00783135,++,0.006394,FAM155A,
13,40950349,rs182328834,ELF1,0.000608,0.0120848,--,0.006412,ELF1,
11,58954129,rs117904228,GLYATL1,0.012439,0.00991436,++,0.006454,GLYATL1,
6,151534573,rs9478212,CCDC170,0.045135,0.0106641,--,0.006533,CCDC170,
14,69822447,rs10151946,SLC10A1,0.044913,0.00920466,++,0.006534,SLC10A1,
14,69832753,rs76006956,SLC10A1,0.044913,0.00920466,++,0.006534,SLC10A1,
14,69837922,rs17107328,SLC10A1,0.044913,0.00920466,++,0.006534,SLC10A1,
17,15367678,rs188529484,TEKT3,0.019059,0.0098364,--,0.006583,TEKT3,
5,6274514,rs554368583,MED10,0.012802,0.00974135,--,0.006587,MED10,
3,3638210,rs141730571,SUMF1,0.012676,0.0110476,++,0.006589,LRRN1,
6,73211871,rs116904441,AL365232.1,0.000932,0.01053,--,0.006592,KHDC1,
1,245794011,rs563700226,SMYD3,0.008079,0.00959947,++,0.006601,SMYD3,
6,73204694,rs75708027,AL365232.1,0.000932,0.0105838,--,0.006629,KHDC1,
12,12308301,rs188835618,MANSC1,0.035613,0.00999748,++,0.00663,LRP6,
3,159053209,rs182869721,IQCJ-SCHIP1,0.03983,0.00968756,++,0.006643,IQCJ;IQCJ-SCHIP1,
13,50715957,rs535825412,DLEU7,0.040186,0.009743,--,0.006687,DLEU7;DLEU1,
13,92984509,rs137904111,GPC5,0.048959,0.0091393,--,0.006718,GPC6,
11,40231066,rs188720493,LRRC4C,0.035439,0.00870439,--,0.006724,LRRC4C,
6,73233467,rs189951130,AL365232.1,0.000932,0.0107467,--,0.006735,KHDC1,
12,8123242,rs191405279,CLEC4A,0.006664,0.0107849,--,0.006781,CLEC4A,
7,18507008,rs183226067,HDAC9,0.027807,0.00895048,--,0.006835,HDAC9,
3,79578946,rs140349308,ROBO1,0.014769,0.00963864,++,0.006838,ROBO1,
14,94140460,rs147858727,IFI27L2,0.001416,0.0153875,++,0.006849,IFI27L2,
7,18541970,rs181752483,HDAC9,0.027807,0.00903112,--,0.006898,HDAC9,
4,136943312,rs565921682,PCDH18,0.03168,0.0105202,--,0.00692,LINC02511,
5,162263744,rs148891717,GABRG2,0.032544,0.0105553,--,0.006963,GABRG2,
4,28609840,rs78525004,STIM2,0.014312,0.0129552,++,0.006974,.,
5,13578713,rs559548821,DNAH5,0.035378,0.00937413,--,0.006977,DNAH5,
22,44423549,rs184102515,RTL6,0.029212,0.00871806,--,0.007001,KIAA1644,
4,28622168,rs76732097,STIM2,0.014312,0.0130696,++,0.007041,.,
4,28633381,rs77451579,STIM2,0.014312,0.0130696,++,0.007041,.,
4,28636369,rs58901336,STIM2,0.014312,0.0130696,++,0.007041,.,
1,226370617,rs116578167,PARP1,0.006329,0.0108888,--,0.00711,PARP1,
5,151082793,rs147742668,TNIP1,0.023868,0.00983354,--,0.007166,TNIP1,
8,109514899,rs147311827,PKHD1L1,0.01729,0.0100268,--,0.007183,PKHD1L1,
5,171960094,rs150590166,FBXW11,0.026883,0.00898392,--,0.007195,FBXW11,
20,44599770,rs190535907,PKIG,0.044482,0.00958339,++,0.007238,PKIG,
6,32848589,rs56056727,TAP1,0.036256,0.0093462,--,0.007242,PSMB9;TAP1,
5,151082227,rs139359594,TNIP1,0.023868,0.00997313,--,0.007269,TNIP1,
2,26313593,rs188414540,ADGRF3,0.034606,0.0097723,--,0.007275,ADGRF3;SELENOI,
4,79112702,rs145030947,NAA11,0.049535,0.00890433,--,0.007316,LINC01088,
16,75032217,rs118163469,ZNRF1,0.003787,0.0133138,--,0.007348,ZNRF1,
8,50084149,rs182433156,SNTG1,0.014707,0.0107396,++,0.007349,SNTG1,
16,5438725,rs142724702,RBFOX1,0.049756,0.0100159,--,0.007392,RBFOX1,
3,70077291,rs148142197,MITF,0.045552,0.0104745,++,0.007476,SAMMSON,
2,105408934,rs150103320,FHL2,0.044761,0.009578,--,0.007509,FHL2,
12,60832605,rs117325778,TAFA2,0.043225,0.0100387,--,0.007578,.,
12,60694145,rs536892489,SLC16A7,0.043225,0.0100501,--,0.007588,.,
12,60826263,rs562648563,TAFA2,0.043225,0.0100501,--,0.007588,.,
1,237229794,rs10495391,RYR2,0.025833,0.014211,++,0.007737,RYR2,
12,14298741,rs148569300,ATF7IP,0.036159,0.0100617,++,0.007811,ATF7IP,
1,6512779,rs184973837,PLEKHG5,0.017758,0.0108746,--,0.007814,PLEKHG5,
14,46641059,rs76111696,RPL10L,0.017639,0.0133185,++,0.007836,RPL10L,
4,78335716,rs367885,FRAS1,0.016761,0.0146492,--,0.007911,FRAS1,
10,131610269,rs112591319,PPP2R2D,0.006765,0.0115293,--,0.007915,PPP2R2D,
4,78335027,rs34193629,FRAS1,0.016761,0.014751,--,0.007968,FRAS1,
4,78335057,rs445963,FRAS1,0.016761,0.0147801,--,0.007986,FRAS1,
4,78335043,rs445869,FRAS1,0.016761,0.0147827,--,0.007989,FRAS1,
4,78335631,rs388825,FRAS1,0.016761,0.0147827,--,0.007989,FRAS1,
4,78335786,rs444500,FRAS1,0.016761,0.0147827,--,0.007989,FRAS1,
4,78336652,rs406489,FRAS1,0.016761,0.0147827,--,0.007989,FRAS1,
7,74479420,rs553749999,GTF2IRD1,0.035568,0.0110408,++,0.00799,GTF2IRD1,
4,78334942,rs452319,FRAS1,0.016761,0.0148484,--,0.008026,FRAS1,
2,137732289,rs115484168,THSD7B,0.032166,0.0116229,--,0.00807,HNMT,
2,166402802,rs139098738,SCN9A,0.036159,0.0104087,--,0.008087,SCN9A,
2,166425517,rs143370486,SCN9A,0.036159,0.0104087,--,0.008087,SCN7A,
2,166432502,rs148715564,SCN7A,0.036159,0.0104087,--,0.008087,SCN7A,
2,166486773,rs146506523,SCN7A,0.036159,0.0104087,--,0.008087,SCN7A,
2,166488043,rs148300436,SCN7A,0.036159,0.0104087,--,0.008087,SCN7A,
2,137743559,rs12466750,THSD7B,0.032166,0.0116831,--,0.008162,HNMT,
12,94717291,rs76238288,TMCC3,0.003052,0.0144412,++,0.008171,TMCC3,
2,137705807,rs1374152,THSD7B,0.032166,0.0117143,--,0.008185,HNMT,
2,137738015,rs113609361,THSD7B,0.032166,0.0117143,--,0.008185,HNMT,
2,137740169,rs79913431,THSD7B,0.032166,0.0117143,--,0.008185,HNMT,
2,137755505,rs116730891,THSD7B,0.032166,0.0117143,--,0.008185,HNMT,
7,23886131,rs73072452,STK31,0.02172,0.0140216,--,0.008245,STK31,
7,49555639,rs138250087,VWC2,0.005439,0.0149721,--,0.008281,VWC2,
20,38113715,rs117287818,RPRD1B,0.024753,0.010894,--,0.008318,RPRD1B,
7,78149269,rs147784213,MAGI2,0.019284,0.0104896,--,0.008322,MAGI2,
7,23880932,rs73072447,STK31,0.029308,0.013289,--,0.008371,STK31,
5,108506656,rs149789513,FBXL17,0.021701,0.014293,++,0.008414,FER,
6,9033050,rs192414725,SLC35B3,0.025102,0.0114701,--,0.008423,HULC,
14,71777391,rs138849077,RGS6,0.0455,0.00971405,++,0.008438,RGS6,
6,44525949,rs558835023,CDC5L,0.047687,0.0110836,--,0.008441,CDC5L,
17,68748112,rs183792847,ABCA8,0.04986,0.0107489,++,0.0085,LINC01482,
1,204950960,rs536125866,NFASC,0.049354,0.0111415,--,0.008506,NFASC,
6,132782884,rs180969846,SLC18B1,0.003406,0.0144127,++,0.008513,SLC18B1,
14,69741345,rs57714406,SRSF5,0.039886,0.0131539,++,0.008518,SRSF5,
1,236577220,rs146269365,HEATR1,0.044767,0.0112695,++,0.008555,HEATR1,
7,127320634,rs17864969,ZNF800,0.026883,0.0106501,++,0.008563,GRM8,
1,178305549,rs192014437,RASAL2,0.008695,0.0117426,--,0.008572,RASAL2,
10,104514127,rs12248986,CFAP58,0.008781,0.0141659,--,0.008585,SORCS3,
3,177726919,rs150874173,TBL1XR1,0.015829,0.0150157,--,0.00861,LINC00578,
12,14411097,rs144414212,ATF7IP,0.036159,0.0111294,++,0.008663,ATF7IP,
8,39364309,rs145258919,ADAM18,0.007849,0.0148638,++,0.008695,ADAM5,
21,13553857,rs186330407,POTED,0.003443,0.017106,++,0.008713,LINC01674,
16,20395302,rs138080957,PDILT,0.023664,0.0123126,++,0.008717,PDILT,
22,43016688,rs7290479,PACSIN2,0.012393,0.0170277,--,0.00883,PACSIN2,
20,45936858,rs149765203,PCIF1,0.041087,0.0120948,--,0.008864,PCIF1,
14,69840260,rs73286913,SMOC1,0.046337,0.0130003,++,0.008911,SMOC1,
2,101367843,rs185345441,CREG2,0.026883,0.0111038,--,0.008936,CREG2,
14,100282342,rs200760700,YY1,0.023635,0.0122095,++,0.008956,YY1,
4,148890142,rs560690886,NR3C2,0.025347,0.0111624,--,0.008964,NR3C2,
13,92400123,rs181537322,GPC5,0.018576,0.0123788,--,0.008967,GPC5,
9,81440202,rs189997323,TLE1,0.029954,0.0129021,--,0.009004,TLE1,
5,76378789,rs151143540,IQGAP2,0.036316,0.011561,--,0.00901,IQGAP2,
5,180746198,rs144084633,OR2Y1,0.01339,0.013618,--,0.009032,OR2Y1,
2,224825708,rs186890754,DOCK10,0.001078,0.0174563,--,0.009054,DOCK10,
2,224886836,rs575574472,DOCK10,0.001078,0.0174563,--,0.009054,DOCK10,
7,22028771,rs111305137,CDCA7L,0.002519,0.0150102,--,0.009088,CDCA7L,
13,40949326,rs73176908,ELF1,0.027175,0.0154269,--,0.009131,ELF1,
7,22025106,rs114340718,CDCA7L,0.002519,0.0150825,--,0.009138,CDCA7L,
7,22029790,rs116574487,CDCA7L,0.002519,0.0150825,--,0.009138,CDCA7L,
7,22032504,rs57488847,RAPGEF5,0.002519,0.0150825,--,0.009138,CDCA7L,
7,70030506,rs147896909,AUTS2,0.009252,0.0140901,--,0.009152,AUTS2,
7,70124497,rs144589932,AUTS2,0.009252,0.0140901,--,0.009152,AUTS2,
9,20761178,rs187808028,FOCAD,0.018136,0.013982,--,0.00918,FOCAD,
9,20764171,rs180773432,FOCAD,0.018136,0.013982,--,0.00918,FOCAD,
9,20793220,rs184739601,FOCAD,0.018136,0.013982,--,0.00918,FOCAD,
7,22032675,rs61700548,RAPGEF5,0.002519,0.0151644,--,0.009186,CDCA7L,
11,134746842,rs58049546,B3GAT1,0.014287,0.0161383,--,0.00921,LINC02714,
11,134748558,rs56749421,B3GAT1,0.014287,0.0161383,--,0.00921,LINC02714,
1,9024438,rs182458810,SLC2A7,0.018287,0.0122138,--,0.009225,SLC2A7,
2,136376024,rs187108142,CXCR4,0.032535,0.0135133,--,0.009243,CXCR4,
1,178751935,rs112350366,RALGPS2,0.034867,0.0119031,--,0.009265,RALGPS2,
1,65018782,rs496161,JAK1,0.040149,0.0147992,--,0.00927,JAK1,
2,163653823,rs188930857,FIGN,0.021852,0.0127457,--,0.009324,FIGN,
10,104514291,rs78509927,CFAP58,0.019004,0.0141659,--,0.009337,SORCS3,
1,105805945,rs139071082,PRMT6,0.028972,0.0144585,++,0.009349,.,
1,105810144,rs184298814,PRMT6,0.028972,0.0144585,++,0.009349,.,
2,233766771,rs71528513,UGT1A8,0.018576,0.0138231,++,0.009369,UGT1A1;UGT1A3;UGT1A4;UGT1A5;UGT1A10;UGT1A6;UGT1A7;UGT1A8;UGT1A9,
5,108576417,rs115270242,FER,0.047533,0.014293,++,0.009447,FER,
16,20988117,rs76361354,DNAH3,0.047306,0.0142993,++,0.009447,DNAH3,
21,39007326,rs182574843,PSMG1,0.00782,0.0137012,++,0.009539,PSMG1,
12,61227552,rs550861008,TAFA2,0.048873,0.0125099,--,0.009576,FAM19A2,
9,38302749,rs191125479,ALDH1B1,0.025567,0.0149509,++,0.009582,ALDH1B1,
11,40150689,rs117159277,LRRC4C,0.035439,0.0123137,--,0.009601,LRRC4C,
11,40162699,rs117560308,LRRC4C,0.035439,0.0123137,--,0.009601,LRRC4C,
2,219373871,rs141094081,DNPEP,0.038764,0.0135341,++,0.009634,DNPEP,
19,5990037,rs190935880,RANBP3,0.009729,0.0169858,++,0.009643,RANBP3,
11,95565730,rs184648273,FAM76B,0.043354,0.0127867,--,0.009725,FAM76B,
22,43016634,rs7290470,PACSIN2,0.028985,0.0171879,--,0.009728,PACSIN2,
2,226437360,rs144154898,IRS1,0.029791,0.0130848,++,0.009746,IRS1,
1,245042526,rs34748485,EFCAB2,0.027071,0.0158065,--,0.009758,EFCAB2,
5,85201454,rs180699955,EDIL3,0.012555,0.0137831,++,0.009824,EDIL3,
5,85236335,rs146497379,EDIL3,0.012555,0.0137831,++,0.009824,EDIL3,
13,40796902,rs73174820,SLC25A15,0.027175,0.0166095,--,0.009874,SLC25A15,
12,56379357,rs192317429,APOF,0.04986,0.0119449,++,0.009877,APOF,
12,56382446,rs181119694,APOF,0.04986,0.0119449,++,0.009877,APOF,
4,37207631,rs181100186,NWD2,0.008255,0.014322,--,0.01001,C4orf19,
5,78743926,rs145145346,ARSB,0.0206,0.0131746,--,0.01003,LHFPL2,
9,86077362,rs142218307,GOLM1,0.018576,0.0138646,--,0.01008,GOLM1,
8,68057114,rs183399525,PREX2,0.038885,0.0139587,--,0.01024,PREX2,
2,85116505,rs189690080,TCF7L1,0.010105,0.0156146,--,0.01025,TCF7L1,
6,166344289,rs143421163,SFT2D1,0.0455,0.0117997,++,0.01028,SFT2D1,
20,12171650,rs79617914,BTBD3,0.025103,0.015281,--,0.01031,BTBD3,
12,40739325,rs140012726,CNTN1,0.033958,0.0154035,--,0.01036,CNTN1,
13,101441312,rs183773639,ITGBL1,0.012563,0.0150623,++,0.01036,ITGBL1,
3,179687959,rs150658979,USP13,0.033005,0.013876,--,0.01041,USP13,
6,132835630,rs146020296,RPS12,0.003406,0.0174482,++,0.01042,RPS12,
4,182843622,rs183175583,TENM3,0.022615,0.0146788,++,0.01043,DCTD,
4,55715930,rs556667737,NMU,0.036316,0.0133592,--,0.01045,NMU,
1,58342406,rs145771899,OMA1,0.049642,0.0132161,--,0.0105,DAB1,
20,1007615,rs190096167,RSPO4,0.01658,0.0176963,--,0.01053,RSPO4,
1,24570437,rs115339243,NCMAP,0.00881,0.0171954,++,0.01054,NCMAP,
6,130996788,rs182194429,EPB41L2,0.035721,0.0156249,++,0.01056,EPB41L2,
22,34459443,rs754067474,LARGE1,0.03932,0.0155601,--,0.0106,LARGE1,
7,48764181,rs149799567,ABCA13,0.049535,0.0128346,++,0.01062,ABCA13,
5,66145118,rs184127520,SREK1,0.029508,0.0131426,--,0.01066,SREK1,
8,117565120,rs117248816,MED30,0.013903,0.015404,++,0.01066,MED30,
20,44554188,rs571466967,PKIG,0.04986,0.0134295,++,0.01068,PKIG,
20,44619285,rs527631875,PKIG,0.04986,0.0134353,++,0.01068,PKIG,
7,135239538,rs139863886,STRA8,0.044761,0.0135421,--,0.01071,STRA8,
2,40612395,rs146280126,SLC8A1,0.024589,0.0145341,++,0.01075,SLC8A1,
17,45741600,rs116572492,LINC02210-CRHR1,0.015861,0.0143065,--,0.01079,LINC02210-CRHR1,
1,20183342,rs142612007,UBXN10,0.042517,0.0154769,++,0.01086,UBXN10,
8,104752176,rs145474005,LRP12,0.006248,0.0175445,++,0.01087,ZFPM2,
2,105399963,rs79329427,FHL2,0.039561,0.0143527,--,0.0109,FHL2,
19,45209326,rs143355908,MARK4,0.011544,0.0169594,++,0.0109,BLOC1S3;MARK4,
1,38683811,rs149360332,RRAGC,0.034231,0.0161909,--,0.01093,RRAGC,
4,186466756,rs62348892,AC018709.1,0.012088,0.0146592,--,0.01093,F11-AS1,
5,69061985,rs538816494,SLC30A5,0.033304,0.0154537,--,0.01094,SLC30A5,
5,69070148,rs532971336,SLC30A5,0.033304,0.0154537,--,0.01094,SLC30A5,
2,219390221,rs115999676,DNPEP,0.038764,0.0153707,++,0.01099,DNPEP,
5,45161550,rs142322363,HCN1,0.031668,0.0135314,--,0.01101,MRPS30,
4,89197666,rs556204714,GPRIN3,0.017881,0.0145508,--,0.01104,TIGD2,
8,76042613,rs117857412,HNF4G,0.024845,0.0171595,--,0.01105,HNF4G,
7,88696618,rs187280016,ZNF804B,0.011575,0.0161164,--,0.01106,ZNF804B,
7,88749040,rs183782698,ZNF804B,0.011575,0.0161164,--,0.01106,ZNF804B,
2,23362926,rs149535209,KLHL29,0.036562,0.0146722,++,0.0111,KLHL29,
16,88688082,rs139146611,SNAI3,0.042898,0.0157969,++,0.0111,SNAI3,
2,219380521,rs142710627,DNPEP,0.038764,0.0155392,++,0.01112,DNPEP,
2,219380546,rs116171690,DNPEP,0.038764,0.0155392,++,0.01112,DNPEP,
2,219381471,rs150384275,DNPEP,0.038764,0.0155392,++,0.01112,DNPEP,
2,219381733,rs141992917,DNPEP,0.038764,0.0155392,++,0.01112,DNPEP,
2,219381970,rs116351300,DNPEP,0.038764,0.0155392,++,0.01112,DNPEP,
2,219381987,rs35723758,DNPEP,0.038764,0.0155392,++,0.01112,DNPEP,
2,219382716,rs140805061,DNPEP,0.038764,0.0155392,++,0.01112,DNPEP,
2,219392790,rs143793833,DNPEP,0.038764,0.0155392,++,0.01112,DNPEP,
2,219393375,rs140758545,DNPEP,0.038764,0.0155392,++,0.01112,DNPEP,
2,219394157,rs144069244,DNPEP,0.038764,0.0155392,++,0.01112,DNPEP,
2,219411451,rs141917390,DES,0.038764,0.0155392,++,0.01112,DES,
2,219412887,rs181051494,DES,0.038764,0.0155392,++,0.01112,DES,
2,219412971,rs149948582,DES,0.038764,0.0155392,++,0.01112,DES,
2,219414175,rs140461121,DES,0.038764,0.0155392,++,0.01112,DES,
4,168714770,rs185320736,PALLD,0.01305,0.0182323,++,0.0112,PALLD,
5,102700520,rs77865242,PAM,0.024066,0.0202728,++,0.01121,PAM,
7,18466334,rs565733542,HDAC9,0.027807,0.0144897,--,0.01122,HDAC9,
12,106161921,rs189137787,NUAK1,0.031717,0.0159502,++,0.01127,NUAK1,
4,13165076,rs6840651,RAB28,0.038217,0.0176362,++,0.01131,RAB28,
2,219408475,rs147540986,DNPEP,0.038764,0.0158285,++,0.01133,DNPEP,
19,44828285,rs190387002,BCAM,0.00099,0.0209115,++,0.01135,NECTIN2,
1,68747432,rs193145595,DEPDC1,0.014306,0.0143968,--,0.01139,DEPDC1,
3,22050163,rs187270581,ZNF385D,0.014794,0.0169037,++,0.01139,ZNF385D,
2,219390092,rs191541568,DNPEP,0.038764,0.0159416,++,0.01142,DNPEP,
14,81715724,rs74065194,SEL1L,0.000384,0.0228799,++,0.01143,SEL1L,
6,68744655,rs186277198,ADGRB3,0.035342,0.0156195,--,0.01144,ADGRB3,
13,51928607,rs145472508,ATP7B,0.033204,0.016168,--,0.01146,CCDC70,
5,66008403,rs369070757,ERBIN,0.0455,0.0131426,--,0.01147,ERBIN,
5,69018910,rs566712734,SLC30A5,0.044252,0.0154537,--,0.01147,LINC02198,
8,41582814,rs182690524,GPAT4,0.023166,0.0182982,--,0.01148,GPAT4,
13,51968544,rs138427376,ATP7B,0.033204,0.0161967,--,0.01148,ATP7B,
2,115169118,rs75075397,DPP10,0.014221,0.0170743,++,0.01149,DPP10,
4,146852696,rs188530877,TTC29,0.038947,0.0139919,--,0.01149,TTC29,
5,146600186,rs187724718,PPP2R2B,0.031436,0.0175227,++,0.01151,PPP2R2B,
13,51935849,rs186157250,ATP7B,0.033204,0.0162906,--,0.01155,ATP7B,
5,171924705,rs542711767,FBXW11,0.026883,0.0142829,--,0.01156,FBXW11,
5,171889911,rs191906375,FBXW11,0.026883,0.0142894,--,0.01157,FBXW11,
3,67438097,rs116315106,SUCLG2,0.039592,0.0152306,--,0.01158,SUCLG2,
17,68796616,rs142966609,ABCA8,0.005819,0.0198567,++,0.01158,ABCA8,
1,208560972,rs76380210,PLXNA2,0.044482,0.0140874,++,0.01163,PLXNA2,
2,233663873,rs116323695,UGT1A8,0.04766,0.0164338,++,0.01166,UGT1A10;UGT1A8,
5,146590305,rs191541693,PPP2R2B,0.031436,0.0177862,++,0.01168,PPP2R2B,
18,61701390,rs193279260,RNF152,0.012249,0.0162988,--,0.01168,RNF152,
1,205790409,rs113992447,SLC41A1,0.033771,0.0164727,--,0.0117,SLC41A1,
9,111885057,rs547971158,UGCG,0.016351,0.0161162,--,0.01171,UGCG,
12,88815621,rs560569878,KITLG,0.0455,0.0134287,--,0.01172,KITLG,
1,1133610,rs145687916,C1orf159,0.025806,0.0172592,--,0.01173,C1orf159,
18,8029892,rs146621745,PTPRM,0.032499,0.0161929,++,0.01181,PTPRM,
7,23758466,rs111789364,STK31,0.018966,0.0215425,--,0.01187,STK31,
22,48958009,rs9627738,TAFA5,0.022018,0.0194142,--,0.0119,FAM19A5,
3,150134372,rs144603669,PFN2,0.040856,0.0181793,--,0.01198,PFN2,
3,22050649,rs150613808,ZNF385D,0.014794,0.0177673,++,0.012,ZNF385D,
3,22045707,rs139952132,ZNF385D,0.014794,0.0178088,++,0.01203,ZNF385D,
5,5703286,rs78192255,ICE1,0.047552,0.0204923,--,0.01209,ICE1,
5,5704121,rs11948250,ICE1,0.047552,0.0204923,--,0.01209,ICE1,
5,5705568,rs1501826,ICE1,0.047552,0.0204923,--,0.01209,ICE1,
5,5707575,rs16876031,ICE1,0.047552,0.0204923,--,0.01209,ICE1,
5,5709188,rs73031216,ICE1,0.047552,0.0204923,--,0.01209,ICE1,
16,52709577,rs143633328,TOX3,0.012813,0.0168724,--,0.01213,TOX3,
5,5700534,rs16876027,ICE1,0.047552,0.0206622,--,0.0122,ICE1,
19,6002663,rs188870984,RANBP3,0.009729,0.021252,++,0.01224,RFX2,
6,166601518,rs74860122,RPS6KA2,0.003277,0.0204592,++,0.01231,RPS6KA2,
4,89632432,rs77433623,SNCA,0.023119,0.0172042,--,0.01232,SNCA,
8,114518079,rs540357067,TRPS1,0.013383,0.016448,++,0.01237,.,
7,109886318,rs187374495,IMMP2L,0.046846,0.015571,--,0.01239,.,
20,55993642,rs186296020,CBLN4,0.020177,0.0185403,--,0.01242,CBLN4,
14,100213954,rs576002530,YY1,0.023635,0.0167684,++,0.01243,YY1,
20,55973327,rs184929327,CBLN4,0.020177,0.0185553,--,0.01243,CBLN4,
19,29088583,rs191657361,UQCRFS1,0.019989,0.0180878,--,0.01246,UQCRFS1,
11,69529493,rs182625649,CCND1,0.017096,0.0219897,++,0.01247,CCND1,
3,190666991,rs369268340,IL1RAP,0.029212,0.0153391,--,0.01248,IL1RAP,
12,132482564,rs76624005,FBRSL1,0.035212,0.0187904,++,0.0125,FBRSL1,
14,69847087,rs60448646,SMOC1,0.044913,0.0172189,++,0.0125,SMOC1,
6,170477729,rs144001081,PSMB1,0.032779,0.0171982,--,0.01258,PSMB1,
1,41782299,rs150840445,HIVEP3,0.01959,0.0183171,--,0.01261,HIVEP3,
6,170510769,rs188778698,PSMB1,0.032779,0.0172784,--,0.01264,PSMB1,
5,51322430,rs149414029,ISL1,0.041087,0.0160875,++,0.01273,ISL1,
5,51343669,rs143920687,ISL1,0.041087,0.0160875,++,0.01273,ISL1,
16,52728794,rs143080464,TOX3,0.015777,0.0167947,--,0.01273,TOX3,
20,40606659,rs73908370,MAFB,0.013891,0.0199745,--,0.01273,MAFB,
2,128523811,rs190722015,HS6ST1,0.033468,0.0188456,++,0.01278,HS6ST1,
4,80171413,rs150949075,PRDM8,0.037389,0.0163454,--,0.01288,PRDM8,
4,80187063,rs191417939,PRDM8,0.037389,0.0163454,--,0.01288,PRDM8,
6,14847766,rs113110069,JARID2,0.030946,0.0186464,--,0.01288,JARID2,
6,14867475,rs113477955,JARID2,0.030946,0.0186464,--,0.01288,JARID2,
3,16315295,rs567147027,OXNAD1,0.046254,0.0196725,--,0.01291,OXNAD1;RFTN1,
3,142309827,rs568487936,XRN1,0.003172,0.0241386,++,0.01291,XRN1,
3,142548810,rs556997890,ATR,0.003172,0.0241386,++,0.01291,ATR,
7,49408719,rs533490929,VWC2,0.009865,0.02209,--,0.01307,VWC2,
9,113972256,rs147719803,ZNF618,0.018509,0.0206201,++,0.0131,ZNF618,
10,60595627,rs146989115,ANK3,0.030192,0.0168674,--,0.01316,ANK3,
13,100823254,rs193229106,TMTC4,0.039367,0.0178016,--,0.01318,NALCN-AS1,
17,6032564,rs8079805,AC007846.2,0.036551,0.0200996,++,0.01318,WSCD1,
6,87549469,rs139267212,RARS2,0.042459,0.0186579,++,0.01319,RARS2,
12,130274103,rs531058523,PIWIL1,0.018807,0.0172728,--,0.0132,PIWIL1,
19,58183782,rs113046258,ZNF274,0.024141,0.0170821,--,0.0132,ZNF274,
10,60577315,rs143139149,ANK3,0.030192,0.0169267,--,0.01321,ANK3,
10,60657639,rs149672033,ANK3,0.030192,0.0169267,--,0.01321,ANK3,
10,126572016,rs188752429,C10orf90,0.049535,0.0159332,--,0.01325,C10orf90,
6,87677331,rs150787890,AKIRIN2,0.042459,0.0188798,++,0.01336,AKIRIN2,
16,52747511,rs183987990,TOX3,0.012813,0.0185855,--,0.01341,TOX3,
5,159433021,rs147235803,IL12B,0.025102,0.0180524,++,0.01346,IL12B,
14,76706029,rs140666216,VASH1,0.017754,0.0217277,++,0.01346,VASH1,
18,47488555,rs570995616,SKOR2,0.029508,0.0165764,--,0.01352,MIR4527HG,
14,52308777,rs189904381,PTGER2,0.019029,0.0169461,--,0.0136,PTGER2,
14,52407836,rs189889086,TXNDC16,0.019029,0.0169461,--,0.0136,PTGER2,
14,100265000,rs574381122,YY1,0.023635,0.0183083,++,0.01362,YY1,
5,43890559,rs7716182,NNT,0.037942,0.0215083,++,0.01366,NNT,
7,48996806,rs139918546,CDC14C,0.017677,0.0179653,--,0.01371,VWC2,
1,6639743,rs191767219,DNAJC11,0.019631,0.0179118,--,0.01373,DNAJC11,
1,6781523,rs529881314,CAMTA1,0.019631,0.0179118,--,0.01373,CAMTA1,
6,47175054,rs111661975,TNFRSF21,0.042515,0.0179385,--,0.01377,ADGRF1,
8,121403767,rs187382389,HAS2,0.020528,0.0186786,--,0.0138,HAS2,
4,141983073,rs186682164,INPP4B,0.01604,0.0195922,++,0.01381,IL15,
13,99128567,rs185863398,DOCK9,0.042311,0.0179908,--,0.01381,UBAC2,
13,99336725,rs182038104,UBAC2,0.042311,0.0179908,--,0.01381,UBAC2,
1,63882358,rs150702905,ROR1,0.029523,0.0177066,++,0.01383,ROR1,
15,32952809,rs143015854,FMN1,0.005251,0.0222573,--,0.01383,FMN1,
16,88698267,rs79609892,RNF166,0.024334,0.0208253,++,0.01385,RNF166,
14,81699405,rs74065179,SEL1L,0.023033,0.0186857,++,0.01389,SEL1L,
14,81703339,rs74065183,SEL1L,0.023033,0.0186857,++,0.01389,SEL1L,
7,23760014,rs73080998,STK31,0.029308,0.0215425,--,0.01391,STK31,
7,23861837,rs113215207,STK31,0.029308,0.0215425,--,0.01391,STK31,
7,133124265,rs59529032,CHCHD3,0.019524,0.0236271,++,0.01391,CHCHD3,
19,2546542,rs147561693,GNG7,0.01511,0.0183573,--,0.01393,GNG7,
19,39763244,rs75492700,LEUTX,0.041895,0.0201692,--,0.01395,LEUTX,
5,91715122,rs139010849,ARRDC3,0.005876,0.0230001,++,0.01396,ARRDC3,
21,24324688,rs138092281,MRPL39,0.0455,0.0168451,--,0.01398,LINC01684,
1,32156453,rs75500020,KPNA6,0.0455,0.0160001,--,0.01401,KPNA6,
1,32265314,rs114708882,LCK,0.0455,0.0160001,--,0.01401,LCK,
7,4775417,rs113403836,AP5Z1,0.026857,0.020916,++,0.01401,AP5Z1,
13,41889811,rs146500264,VWA8,0.026578,0.0181696,--,0.01413,VWA8,
5,13570705,rs141792719,DNAH5,0.035378,0.0185956,--,0.01414,DNAH5,
3,80902975,rs771446844,GBE1,0.008351,0.0207511,++,0.01415,GBE1,
10,55327697,rs146590645,PCDH15,0.042517,0.0199828,--,0.01417,PCDH15,
9,9208514,rs546544864,PTPRD,0.039752,0.0200948,--,0.01418,PTPRD,
5,163899717,rs114192583,MAT2B,0.04585,0.0177913,++,0.01419,MAT2B,
7,101011212,rs62483733,MUC12,0.034808,0.0193272,++,0.01424,MUC12,
7,127980501,rs550596873,SND1,0.04986,0.0177771,--,0.01424,SND1,
19,10692287,rs182576667,ILF3,0.028518,0.019562,--,0.01425,ILF3,
1,189978900,rs536142151,BRINP3,0.043227,0.020543,--,0.01427,BRINP3,
2,40749908,rs186977674,SLC8A1,0.024589,0.0191455,++,0.01429,LINC01794,
22,34413614,rs190966419,LARGE1,0.03932,0.0207532,--,0.01429,LARGE1,
19,8393415,rs111469245,RAB11B,0.03618,0.0187737,--,0.0143,RAB11B,
6,19563380,rs145261221,ID4,0.038769,0.0187287,--,0.01432,LNC-LBCS,
7,25115310,rs78230463,CYCS,0.02567,0.0197697,--,0.01432,CYCS,
7,99934034,rs76127744,GJC3,0.034808,0.0194337,++,0.01433,GJC3,
14,87958755,rs138259254,GALC,0.04401,0.0180014,--,0.01433,GALC,
14,88013804,rs146581747,GPR65,0.04401,0.0180014,--,0.01433,GPR65,
12,9764116,rs144323627,CD69,0.018595,0.020844,++,0.01438,CD69,
7,37812057,rs184249761,EPDR1,0.023404,0.0221866,--,0.0144,EPDR1;GPR141,
13,101442015,rs191219881,ITGBL1,0.012563,0.0206864,++,0.01442,ITGBL1,
2,200475416,rs36062226,SPATS2L,0.008125,0.0226429,--,0.01446,SPATS2L,
2,30933288,rs76601400,GALNT14,0.017692,0.0227924,--,0.0145,GALNT14,
3,77667855,rs185416906,ROBO2,0.008867,0.020436,--,0.01455,.,
9,116458234,rs11535504,ASTN2,0.039592,0.0190728,++,0.01461,ASTN2,
11,16835965,rs141466807,PLEKHA7,0.043391,0.0183865,--,0.01464,PLEKHA7,
18,33126809,rs151215082,CCDC178,0.044267,0.0226519,++,0.01464,CCDC178,
4,94852025,rs187880761,BMPR1B,0.017717,0.0213187,++,0.01468,BMPR1B,
5,22798688,rs141079958,CDH12,0.038607,0.0193518,++,0.01481,CDH12,
5,180215058,rs3099059,RASGEF1C,0.046713,0.018533,--,0.01481,RASGEF1C,
18,34528116,rs145978255,DTNA,0.015633,0.0216632,--,0.01482,DTNA,
8,144396372,rs144605838,CPSF1,0.045005,0.018653,--,0.01488,CPSF1,
12,8974924,rs183565350,KLRG1,0.033249,0.0202117,--,0.01488,KLRG1,
4,162783373,rs72988280,NAF1,0.029187,0.0215303,--,0.0149,NAF1,
14,81716141,rs10142892,SEL1L,0.049473,0.0228799,++,0.01496,SEL1L,
3,106849907,rs140435522,CCDC54,0.012828,0.0188895,--,0.015,LINC00882,
20,43582832,rs12480421,SGK2,0.030192,0.0191491,--,0.015,SGK2,
20,12027029,rs544721432,BTBD3,0.008362,0.021131,++,0.01502,BTBD3,
5,108491696,rs551501826,FBXL17,0.04233,0.0201481,--,0.01505,FER,
11,87966089,rs71467579,RAB38,0.014306,0.0177924,++,0.01513,RAB38,
4,26967356,rs77355012,STIM2,0.029619,0.0200677,--,0.01515,STIM2,
18,7061228,rs8090068,LAMA1,0.046694,0.0201648,--,0.01516,LAMA1,
7,4181414,rs184233873,SDK1,0.034049,0.0205579,++,0.01517,SDK1,
11,57824511,rs184122982,CTNND1,0.048583,0.0189507,++,0.01518,CTNND1,
18,60233025,rs117593541,MC4R,0.005665,0.0226802,++,0.01524,MC4R,
11,57741925,rs185768359,TMX2-CTNND1,0.048583,0.0191267,++,0.01533,SELENOH,
5,171287849,rs149887436,RANBP17,0.036316,0.0194233,--,0.01535,RANBP17,
5,171289968,rs371686489,RANBP17,0.036316,0.0194812,--,0.0154,RANBP17,
5,171290056,rs146031068,RANBP17,0.036316,0.0194812,--,0.0154,RANBP17,
5,171302779,rs148576631,RANBP17,0.036316,0.0194812,--,0.0154,TLX3,
5,171303501,rs146804021,RANBP17,0.036316,0.0194812,--,0.0154,TLX3,
5,171304565,rs146959987,RANBP17,0.036316,0.0194812,--,0.0154,TLX3,
5,171307659,rs151030838,TLX3,0.036316,0.0194812,--,0.0154,TLX3,
13,110048043,rs185201293,COL4A1,0.012535,0.0212765,--,0.01542,COL4A1,
13,110048485,rs183701653,COL4A1,0.012535,0.0212765,--,0.01542,COL4A1,
14,84090602,rs150652054,FLRT2,0.046945,0.0215339,--,0.01543,.,
3,19194966,rs73819504,KCNH8,0.040748,0.0244328,++,0.01546,KCNH8,
2,85067932,rs139602611,KCMF1,0.003195,0.0236224,--,0.01548,TCF7L1,
3,88049844,rs547149998,CGGBP1,0.049651,0.0204947,--,0.01548,CGGBP1,
7,2490914,rs181081955,GRIFIN,0.03948,0.0218628,++,0.01548,GRIFIN,
11,40531818,rs147772926,LRRC4C,0.024173,0.0199658,--,0.0155,LRRC4C,
3,22041527,rs114752208,ZNF385D,0.014794,0.0227403,++,0.01554,ZNF385D,
7,12696615,rs567823783,ARL4A,0.015575,0.0219934,--,0.01555,ARL4A,
7,153544457,rs116407234,DPP6,0.026132,0.0236704,--,0.01555,DPP6,
2,37900070,rs147450572,RMDN2,0.00575,0.0222375,++,0.01558,RMDN2,
15,47686642,rs75613992,SEMA6D,0.023017,0.0234024,--,0.01559,SEMA6D,
5,82297136,rs141949229,ATP6AP1L,0.012839,0.0215074,--,0.01561,ATP6AP1L,
2,131134127,rs191497864,PLEKHB2,0.002847,0.0282589,--,0.01563,PLEKHB2,
9,9288248,rs72696890,PTPRD,0.046802,0.0218669,--,0.01568,PTPRD,
9,9330276,rs72698841,PTPRD,0.046802,0.0218669,--,0.01568,PTPRD,
9,9338336,rs72698853,PTPRD,0.046802,0.0218669,--,0.01568,PTPRD,
10,126562670,rs184203610,C10orf90,0.049535,0.0187846,--,0.01568,C10orf90,
8,109810051,rs145239350,SYBU,0.0455,0.0179019,--,0.0157,SYBU,
6,161706005,rs138664191,PRKN,0.035131,0.0206394,++,0.01575,PRKN,
2,128775057,rs150133657,HS6ST1,0.03163,0.0215168,++,0.01583,HS6ST1,
1,14116729,rs192239232,KAZN,0.038247,0.0219011,++,0.01586,KAZN,
11,95236348,rs181179017,SESN3,0.04125,0.0206154,++,0.01587,SESN3,
1,157435948,rs12081351,FCRL5,0.033882,0.0259173,++,0.01588,FCRL5,
1,227900079,rs150994664,WNT9A,0.041694,0.0228239,--,0.01588,WNT9A,
5,5681752,rs16875999,ICE1,0.047552,0.0265795,--,0.01593,ICE1,
5,5689338,rs73029111,ICE1,0.047552,0.0265795,--,0.01593,ICE1,
5,5692663,rs6869092,ICE1,0.047552,0.0265795,--,0.01593,ICE1,
2,60593683,rs150959643,BCL11A,0.00923,0.0253626,++,0.01594,BCL11A,
2,133336471,rs138455546,NCKAP5,0.004352,0.0287643,++,0.01594,NCKAP5,
14,82197814,rs75250533,SEL1L,0.018561,0.0259581,--,0.01595,SEL1L,
14,82220800,rs117811518,SEL1L,0.018561,0.0259581,--,0.01595,SEL1L,
5,5686187,rs73027498,ICE1,0.047552,0.0266604,--,0.01598,ICE1,
7,50247087,rs62445351,IKZF1,0.031361,0.023495,--,0.01601,IKZF1,
5,108705133,rs114367805,FER,0.046059,0.0229125,++,0.01607,FER,
4,72819909,rs138223374,COX18,0.009578,0.0281673,++,0.01613,COX18,
7,50271961,rs62447172,IKZF1,0.031361,0.0236676,--,0.01614,IKZF1,
5,5696622,rs112173995,ICE1,0.047552,0.0269363,--,0.01616,ICE1,
11,95598391,rs187362789,FAM76B,0.043354,0.0209419,--,0.01617,FAM76B,
2,59520624,rs72810151,BCL11A,0.011897,0.0223389,--,0.01618,.,
2,25160795,rs35639116,POMC,0.014831,0.0212844,++,0.01621,POMC,
4,47360001,rs558643360,GABRB1,0.04986,0.0201944,--,0.01623,GABRB1,
6,170321973,rs73034909,DLL1,0.035213,0.0236256,++,0.01625,FAM120B,
6,170346860,rs73034960,DLL1,0.035213,0.0236256,++,0.01625,FAM120B,
12,41949046,rs575419588,GXYLT1,0.028582,0.0222337,--,0.01628,GXYLT1,
4,53404026,rs564522956,FIP1L1,0.044482,0.0211366,--,0.01629,FIP1L1,
6,10606778,rs191578361,GCNT2,0.033173,0.0253166,--,0.01631,GCNT2,
6,20617094,rs113142665,CDKAL1,0.017803,0.0248727,--,0.01632,CDKAL1,
18,58331742,rs140489063,NEDD4L,0.023306,0.02324,--,0.01634,NEDD4L,
5,51164389,rs114386269,ISL1,0.004621,0.0245079,++,0.01637,ISL1,
16,17841087,rs574717272,XYLT1,0.02467,0.0274648,++,0.01637,XYLT1,
4,35221637,rs115905000,ARAP2,0.02846,0.0209263,--,0.01639,.,
10,95841695,rs79608708,ENTPD1,0.035081,0.022756,--,0.01642,ENTPD1;ENTPD1-AS1,
16,17837352,rs544282158,XYLT1,0.02467,0.0275819,++,0.01644,XYLT1,
12,41947276,rs145635832,GXYLT1,0.028582,0.0224879,--,0.01647,GXYLT1,
4,164945776,rs190840937,TRIM61,0.04986,0.020495,++,0.01648,FAM218A,
2,105302487,rs192345711,TGFBRAP1,0.039561,0.0215165,--,0.01654,TGFBRAP1,
2,164592566,rs114582233,GRB14,0.01249,0.0243939,--,0.01656,GRB14,
12,124043258,rs537341257,RFLNA,0.034237,0.0236353,--,0.01661,RFLNA,
6,16986667,rs139009515,STMND1,0.04551,0.0237056,--,0.01664,STMND1,
8,18319497,rs138478211,NAT2,0.007725,0.0234273,--,0.01667,NAT2,
19,9228627,rs189182276,OR7D4,0.044403,0.02389,--,0.01674,OR7D4,
12,25714440,rs116949568,LMNTD1,0.012928,0.0238394,--,0.01675,LMNTD1,
6,97395937,rs140384748,MMS22L,0.047313,0.0228371,--,0.0168,MMS22L,
2,128726506,rs143768013,HS6ST1,0.03163,0.0228001,++,0.01681,HS6ST1,
12,91468625,rs147416456,DCN,0.024602,0.021585,--,0.01681,DCN,
5,146690762,rs115902820,PPP2R2B,0.012968,0.0239336,++,0.01682,PPP2R2B,
6,68058916,rs79308090,ADGRB3,0.010756,0.0278211,++,0.01684,ADGRB3,
13,92971242,rs576520161,GPC5,0.029508,0.0205966,--,0.01688,GPC6,
22,36900961,rs735560,CSF2RB,0.024915,0.0251042,--,0.01688,CSF2RB,
3,123580115,rs558852656,HACD2,0.03085,0.0205887,++,0.0169,HACD2,
1,165659747,rs188368486,MGST3,0.029523,0.0215706,--,0.01694,MGST3,
1,102488750,rs148903955,COL11A1,0.014306,0.0222519,++,0.01695,COL11A1,
3,76608222,rs9836274,ROBO2,0.04659,0.0230573,--,0.01696,ROBO2,
2,68851420,rs76704235,BMP10,0.046954,0.0218461,--,0.01697,BMP10,
1,93550313,rs192471919,FNBP1L,0.000493,0.029105,--,0.017,FNBP1L,
18,32446754,rs557552133,GAREM1,0.007737,0.0217287,--,0.01704,GAREM1,
6,10645518,rs140964964,GCNT2,0.033173,0.0264695,--,0.01711,PAK1IP1,
18,75377224,rs146364617,SMIM21,0.044482,0.0221074,++,0.01712,SMIM21,
4,107196877,rs78625156,DKK2,0.017606,0.0267034,++,0.01714,DKK2,
10,4470348,rs185097763,AKR1E2,0.038947,0.0206928,++,0.01714,AKR1E2,
4,73812189,rs140545196,CXCL6,0.049007,0.0242644,++,0.01715,CXCL6,
2,115133247,rs534929822,DPP10,0.012798,0.0252513,++,0.01718,DPP10-AS1;DPP10,
9,111795674,rs559724450,SHOC1,0.016351,0.0233869,--,0.01723,UGCG,
2,3163224,rs139737900,EIPR1,0.019493,0.0232221,--,0.01725,TRAPPC12,
6,10755244,rs146916995,TMEM14B,0.049535,0.0206762,--,0.01729,TMEM14B,
8,56516716,rs559579618,PENK,0.02181,0.0213224,--,0.0173,LINC00968,
2,146506931,rs115842667,ACVR2A,0.007378,0.026167,--,0.01731,.,
2,146529175,rs115420430,ACVR2A,0.007378,0.026167,--,0.01731,.,
19,45977678,rs4803877,NOVA2,0.032301,0.0312595,++,0.01732,NOVA2,
6,39202113,rs576004091,KCNK5,0.019471,0.0224462,--,0.01733,KCNK5,
1,238744876,rs182680670,MTRNR2L11,0.040699,0.0243594,--,0.01736,MTRNR2L11,
12,32092637,rs528183892,BICD1,0.034808,0.0221104,++,0.01751,BICD1,
7,155609387,rs113774980,RBM33,0.039532,0.0220177,++,0.01754,RBM33,
8,16068656,rs145210148,MSR1,0.029508,0.021418,--,0.01754,MSR1,
7,158244458,rs556453778,PTPRN2,0.023098,0.0249684,++,0.0176,PTPRN2,
1,94853643,rs139655496,SLC44A3,0.047194,0.0227026,++,0.01766,SLC44A3;SLC44A3-AS1,
1,206765169,rs113508489,IL10,0.025247,0.0262798,--,0.01772,IL10,
7,23471461,rs145636449,IGF2BP3,0.024185,0.0236026,++,0.01773,IGF2BP3,
20,33925043,rs140667878,RALY,0.009961,0.0246223,++,0.01776,RALY,
18,51990026,rs73453347,DCC,0.005161,0.0314824,++,0.01778,DCC,
20,33908899,rs74908904,CHMP4B,0.009961,0.024655,++,0.01778,RALY,
5,36347882,rs190523035,RANBP3L,0.035823,0.0215948,--,0.01785,RANBP3L,
4,96375806,rs116701660,PDHA2,0.02421,0.0229014,++,0.01786,LINC02267,
7,23565222,rs184084829,CCDC126,0.012914,0.0253545,--,0.01786,CCDC126,
1,6972928,rs150741609,CAMTA1,0.019631,0.0231895,--,0.01793,CAMTA1,
1,169289916,rs185044587,NME7,0.016425,0.0259127,--,0.01793,NME7,
10,51894920,rs144317917,PRKG1,0.018805,0.0249643,--,0.01793,PRKG1,
14,81780238,rs113421111,SEL1L,0.01443,0.0223827,++,0.01793,SEL1L,
6,130973568,rs147811360,EPB41L2,0.047962,0.0248786,++,0.01796,EPB41L2,
4,149124361,rs10034293,IQCM,0.019689,0.0289469,++,0.01799,NR3C2,
7,153299521,rs148928222,ACTR3B,0.041981,0.0246668,--,0.01799,ACTR3B,
12,109875985,rs139228769,GLTP,0.04986,0.0223193,--,0.01799,GLTP,
1,67311426,rs186033840,IL12RB2,0.012839,0.0246852,--,0.01802,IL12RB2,
11,59682416,rs140780118,PATL1,0.028943,0.0237548,++,0.01802,PATL1,
19,6099114,rs187204259,RFX2,0.035351,0.0266707,++,0.01806,RFX2,
7,127557059,rs114894280,GCC1,0.026883,0.0220828,++,0.01807,GCC1,
1,57000200,rs185902000,DAB1,0.038867,0.0254689,++,0.01812,DAB1,
7,9165746,rs150455162,NXPH1,0.011232,0.0249844,--,0.01813,NXPH1,
1,56973232,rs79020895,C8B,0.038867,0.0254869,++,0.01814,C8B,
16,13276564,rs189031543,SHISA9,0.024052,0.0222673,--,0.01815,U91319.1,
7,71336738,rs137994737,GALNT17,0.045182,0.0248443,--,0.01829,GALNT17,
18,12703485,rs139816401,PSMG2,0.043012,0.0249413,++,0.0183,PSMG2,
2,162903371,rs142748130,KCNH7,0.025347,0.0211896,--,0.01834,KCNH7,
3,32470130,rs432825,CMTM6,0.028668,0.0311626,++,0.01838,CMTM7,
17,32989337,rs28834202,SPACA3,0.015997,0.0287553,++,0.0184,SPACA3,
1,32443780,rs180711969,AL033529.1,0.0455,0.0209421,--,0.01841,ZBTB8B,
14,103124828,rs8176357,TNFAIP2,0.021976,0.0261385,++,0.01841,TNFAIP2,
1,238744102,rs150690519,MTRNR2L11,0.042555,0.0267924,++,0.01842,MTRNR2L11,
5,46287355,rs79635902,HCN1,0.03557,0.0260744,++,0.01846,HCN1,
1,209766357,rs187653925,TRAF3IP3,0.047838,0.0260976,--,0.01847,TRAF3IP3,
18,51992874,rs73453352,DCC,0.006118,0.0314824,++,0.01847,DCC,
17,82587452,rs192075449,FOXK2,0.01882,0.0264908,++,0.0185,FOXK2,
3,8300828,rs116527384,LMCD1,0.0455,0.0210501,--,0.01851,LMCD1-AS1,
6,32808359,rs141274380,HLA-DOB,0.036256,0.0233324,--,0.01854,HLA-DOB,
5,97554913,rs113595861,RIOK2,0.04346,0.0246908,--,0.01861,LINC01340,
2,72173214,rs116161431,EXOC6B,0.031598,0.0271143,--,0.01862,CYP26B1,
13,99255314,rs41279138,UBAC2,0.042311,0.0240612,--,0.01864,GPR18;UBAC2,
3,79673359,rs115264547,ROBO1,0.004993,0.0286634,++,0.01866,ROBO1,
3,149533625,rs78598836,WWTR1,0.010425,0.0267917,--,0.01871,WWTR1,
15,54091856,rs189148701,UNC13C,0.041745,0.0273005,--,0.01875,UNC13C,
14,56944311,rs7342568,OTX2,0.043301,0.0272828,++,0.0188,OTX2-AS1,
4,32188932,rs185206531,PCDH7,0.022422,0.023124,++,0.01882,LINC02506,
2,100994145,rs60966863,NPAS2,0.037509,0.0252787,--,0.0189,NPAS2,
1,57029013,rs115485969,DAB1,0.038867,0.0265479,++,0.01893,DAB1,
1,183012299,rs144234923,LAMC1,0.021047,0.0252978,++,0.01893,LAMC1,
1,183053204,rs184950278,LAMC1,0.021047,0.0252978,++,0.01893,LAMC1,
9,137202004,rs191755494,TPRN,0.040288,0.0258684,++,0.01893,TPRN,
3,104011942,rs150374620,ALCAM,0.033119,0.0268685,--,0.01895,.,
7,28243324,rs149515866,CREB5,0.033339,0.0302079,++,0.01897,JAZF1-AS1,
7,117182802,rs150609362,ST7,0.047011,0.0284142,--,0.01902,ST7,
3,58540202,rs146584171,ACOX2,0.040765,0.0260117,--,0.01905,ACOX2,
10,106621267,rs12414295,SORCS1,0.027968,0.0266512,--,0.01907,SORCS1,
5,165669964,rs115710460,TENM2,0.035399,0.0240586,++,0.01911,.,
8,56163476,rs185761470,PLAG1,0.02181,0.0234926,--,0.01911,PLAG1,
16,88644227,rs149703905,CYBA,0.049566,0.027421,--,0.01911,CYBA,
4,78798943,rs141703955,BMP2K,0.047462,0.0295051,--,0.01915,BMP2K,
7,1535287,rs73285474,MAFK,0.024796,0.0276751,++,0.01916,MAFK,
5,139726315,rs190016682,CXXC5,0.030415,0.0297111,++,0.01917,PSD2,
7,36268243,rs190820861,EEPD1,0.027101,0.0233908,--,0.01917,EEPD1,
8,2494479,rs138155877,MYOM2,0.044482,0.0229781,--,0.01918,MYOM2,
17,8559886,rs117772970,MYH10,0.042504,0.0261081,--,0.01918,MYH10,
11,118884322,rs537459692,CXCR5,0.046029,0.0254285,--,0.01926,CXCR5,
12,15763170,rs12368893,EPS8,0.046269,0.0273299,++,0.01933,EPS8,
8,75948231,rs182089681,HNF4G,0.024845,0.0292561,--,0.01936,HNF4G,
8,76026565,rs140001429,HNF4G,0.024845,0.0292561,--,0.01936,HNF4G,
3,76623672,rs9813304,ROBO2,0.048707,0.0272852,--,0.01937,ROBO2,
7,14475579,rs146776767,DGKB,0.010842,0.0267522,--,0.01944,DGKB,
4,94832628,rs561678823,BMPR1B,0.023474,0.0268185,++,0.01956,BMPR1B,
3,197429745,rs73894143,BDH1,0.026735,0.0300407,++,0.01959,BDH1,
2,130347274,rs116071520,IMP4,0.010095,0.0280429,--,0.0196,IMP4,
5,6244369,rs368591423,MED10,0.037667,0.0246045,--,0.01962,MED10,
3,81441586,rs115194910,GBE1,0.005625,0.0299186,++,0.01965,GBE1,
6,91368583,rs114689276,MAP3K7,0.022072,0.0323652,--,0.01965,MAP3K7,
1,183200256,rs150845807,LAMC2,0.030331,0.0298638,--,0.01967,LAMC2,
5,139747571,rs72793003,PSD2,0.031113,0.0303735,++,0.01967,PSD2,
6,82537649,rs117862746,TPBG,0.038038,0.0270054,--,0.01972,TPBG,
9,23872903,rs186193024,ELAVL2,0.0455,0.0235853,++,0.01972,ELAVL2,
2,137723557,rs1900214,THSD7B,0.012511,0.0296839,--,0.01975,HNMT,
2,73472041,rs146773347,ALMS1,0.011074,0.028136,--,0.01976,ALMS1,
16,66202166,rs535755178,CDH5,0.028051,0.0302041,++,0.01978,CDH5,
9,76384306,rs149282392,RFK,0.049987,0.0252842,--,0.0198,RFK,
9,76437661,rs139745781,GCNT1,0.049987,0.0252842,--,0.0198,GCNT1,
6,91368930,rs112331364,MAP3K7,0.022072,0.0326554,--,0.01984,MAP3K7,
6,91369582,rs144365710,MAP3K7,0.022072,0.0326554,--,0.01984,MAP3K7,
6,93232928,rs138304619,EPHA7,0.007567,0.0340024,--,0.01984,EPHA7,
18,26693450,rs192886002,KCTD1,0.048169,0.0267603,--,0.01984,PCAT18;AQP4-AS1,
7,1752777,rs117279622,ELFN1,0.039809,0.0305268,++,0.01985,ELFN1,
8,75787397,rs141220552,HNF4G,0.014958,0.0317266,--,0.01985,HNF4G,
9,134231282,rs540715222,WDR5,0.026014,0.0253236,--,0.01987,WDR5,
6,163644849,rs184368485,QKI,0.04771,0.0246602,++,0.01988,QKI,
14,85000819,rs142637809,FLRT2,0.029999,0.0261299,++,0.01993,FLRT2,
3,128768085,rs116823439,RAB7A,0.024726,0.0272528,--,0.01995,RAB7A,
8,1232447,rs191468875,DLGAP2,0.006132,0.0303997,--,0.02007,DLGAP2,
2,17348298,rs115829440,RAD51AP2,0.019327,0.0308527,--,0.0201,RAD51AP2,
3,58387580,rs147409730,PXK,0.038947,0.0241949,--,0.02012,PXK,
3,58308758,rs190245398,RPP14,0.038947,0.0242749,--,0.02019,HTD2;RPP14,
8,103429872,rs139096038,AC012213.5,0.027807,0.0256743,--,0.02022,DCAF13,
15,36603520,rs59218179,C15orf41,0.009686,0.0299023,++,0.02022,C15orf41,
15,36605335,rs73379840,C15orf41,0.009686,0.0299023,++,0.02022,C15orf41,
5,68979078,rs555652586,SLC30A5,0.044252,0.0268658,--,0.02034,LINC02198,
3,194075171,rs73891344,HES1,0.002504,0.0333183,++,0.02039,HES1,
1,114286556,rs185715701,TRIM33,0.04986,0.0252694,--,0.02043,SYT6,
13,93182212,rs549726357,GPC6,0.01911,0.0251966,--,0.02044,GPC6,
8,78022549,rs559940596,PKIA,0.018119,0.0292236,--,0.02045,PKIA,
11,109552809,rs142394705,C11orf87,0.039592,0.0264462,--,0.02047,C11orf87,
11,109603230,rs138744032,C11orf87,0.039592,0.0264462,--,0.02047,C11orf87,
4,176565106,rs552932726,VEGFC,0.046211,0.0244978,--,0.02051,VEGFC,
7,24748530,rs568230794,GSDME,0.044539,0.0271158,--,0.02054,GSDME,
7,155649148,rs185551075,RBM33,0.039532,0.0256744,++,0.02054,RBM33,
7,155709300,rs193286185,RBM33,0.039532,0.0256744,++,0.02054,RBM33,
1,48588614,rs143124370,AGBL4,0.036418,0.0274543,--,0.02055,AGBL4,
2,7327644,rs189886981,RNF144A,0.035649,0.0288877,--,0.02055,RNF144A,
9,133872761,rs73662320,VAV2,0.042538,0.0324631,++,0.02057,VAV2,
4,133164428,rs187351235,PCDH10,0.042517,0.0256631,++,0.0206,PCDH10,
5,95034943,rs116245284,MCTP1,0.048997,0.027068,--,0.02062,MCTP1,
17,4589037,rs147794762,SMTNL2,0.034152,0.0268437,--,0.02063,SMTNL2,
20,32624482,rs144555898,C20orf203,0.027075,0.0316042,--,0.02069,NOL4L,
3,27321942,rs182121365,NEK10,0.009976,0.0331417,--,0.0207,NEK10,
7,23928591,rs117583188,STK31,0.012914,0.0292031,--,0.0207,STK31,
9,36317483,rs186295918,CLTA,0.040619,0.0282494,++,0.02076,GNE,
14,47971484,rs187450459,MDGA2,0.008118,0.0300057,++,0.02081,MDGA2,
15,40406749,rs569721101,IVD,0.013555,0.0292775,++,0.02081,IVD,
1,68272593,rs115423466,WLS,0.039754,0.0314695,++,0.02086,WLS,
21,42771834,rs145125650,PDE9A,0.043551,0.0267982,++,0.02086,PDE9A,
18,45405974,rs72908668,SLC14A2,0.038323,0.0291753,++,0.02087,SLC14A2,
18,45432211,rs72910717,SLC14A2,0.038323,0.0291753,++,0.02087,SLC14A2;SLC14A2-AS1,
7,124114087,rs78047859,TMEM229A,0.0455,0.0237215,--,0.0209,TMEM229A,
11,134967177,rs142329479,B3GAT1,0.032416,0.0314627,++,0.0209,B3GAT1,
7,124203530,rs74983173,TMEM229A,0.0455,0.0237428,--,0.02091,TMEM229A,
12,40772373,rs4768309,CNTN1,0.021185,0.0287535,++,0.02091,CNTN1,
3,82483976,rs554947603,GBE1,0.014644,0.0283267,++,0.02092,GBE1,
5,103700776,rs78429130,NUDT12,0.027622,0.0274969,++,0.02092,NUDT12,
14,83560936,rs117885424,FLRT2,0.032634,0.0302781,++,0.02095,.,
18,31291490,rs111391139,DSG1,0.044482,0.0250457,--,0.02095,DSG1,
20,45354133,rs74174944,SDC4,0.024782,0.0276823,++,0.02095,SDC4,
11,119846369,rs191410728,NECTIN1,0.026148,0.0267252,++,0.02101,NECTIN1,
14,83556902,rs118098154,FLRT2,0.032634,0.0304038,++,0.02104,.,
16,52661675,rs189654431,TOX3,0.015777,0.0273703,--,0.02108,TOX3,
3,142141771,rs142800815,TFDP2,0.001027,0.03954,++,0.02112,TFDP2,
1,213070885,rs149895805,RPS6KC1,0.029508,0.0257333,++,0.02121,RPS6KC1,
1,213135345,rs148929467,RPS6KC1,0.029508,0.0257333,++,0.02121,RPS6KC1,
3,81934395,rs184435989,GBE1,0.019454,0.0283581,++,0.02122,GBE1,
2,146653696,rs187190210,ACVR2A,0.039592,0.0274587,++,0.02128,.,
4,146976761,rs185484462,TTC29,0.038947,0.0255926,--,0.02131,POU4F2,
20,52122428,rs577258087,ZFP64,0.018682,0.0303912,++,0.02134,ZFP64,
2,126811593,rs141786416,TEX51,0.034679,0.0257448,--,0.02135,TEX51,
6,76837686,rs72891063,HTR1B,0.016107,0.0366147,++,0.02139,HTR1B,
7,109785573,rs529597456,IMMP2L,0.027133,0.0298057,--,0.02139,.,
12,74358222,rs187094476,ATXN7L3B,0.030794,0.0288016,--,0.02139,ATXN7L3B,
16,68639286,rs74547667,CDH3,0.036036,0.0319019,++,0.02139,CDH3,
3,35598915,rs116560443,ARPP21,0.0455,0.0242971,--,0.02141,ARPP21,
1,6411631,rs144134049,HES2,0.035683,0.0277922,++,0.02143,HES2,
6,97111462,rs142041286,KLHL32,0.027014,0.0306289,--,0.02143,KLHL32,
12,27908901,rs566145521,PTHLH,0.016581,0.0289004,--,0.02148,PTHLH,
1,9158062,rs548883080,GPR157,0.049535,0.025601,--,0.02152,MIR34AHG,
16,50511389,rs181593165,NKD1,0.02856,0.0306343,--,0.02152,NKD1,
10,14560567,rs77934488,FAM107B,0.047755,0.0289897,--,0.02155,FAM107B,
19,45971068,rs11083791,NOVA2,0.006979,0.0424078,++,0.0216,NOVA2,
5,114870633,rs192770004,TRIM36,0.026883,0.0263401,--,0.02165,TRIM36,
9,23745184,rs79111820,ELAVL2,0.0455,0.0258464,++,0.02165,ELAVL2,
6,24750903,rs148412596,GMNN,0.043005,0.03001,++,0.02166,LINC02828,
8,10144808,rs181138830,PRSS51,0.010755,0.0297224,++,0.02168,MSRA,
3,83871566,rs79541784,CADM2,0.0455,0.0258823,++,0.02169,.,
3,83887821,rs115636277,CADM2,0.0455,0.0258823,++,0.02169,.,
1,191596271,rs141116678,RGS18,0.027637,0.0284889,--,0.0217,RGS18,
15,72297217,rs568899392,AC009690.3,0.04622,0.028559,++,0.02172,CELF6,
15,72603275,rs572406114,ARIH1,0.04622,0.028559,++,0.02172,GOLGA6B,
10,60550866,rs188976249,ANK3,0.030192,0.0274836,--,0.02177,ANK3,
7,46958242,rs190777563,TNS3,0.03619,0.0262289,--,0.02179,TNS3,
7,43454560,rs190962142,HECW1,0.047687,0.0278545,--,0.02182,HECW1,
1,191713204,rs147581908,RGS18,0.027637,0.028705,--,0.02187,RGS18,
10,97630892,rs117508709,AL355315.1,0.035814,0.0306925,--,0.0219,MORN4,
1,74556565,rs189283528,ERICH3,0.0455,0.0262199,--,0.02197,LRRC53,
3,16594820,rs11708409,DAZL,0.028829,0.0326491,++,0.02198,DAZL,
7,101080132,rs62483740,TRIM56,0.034808,0.0293642,++,0.02198,TRIM56,
19,46805633,rs79760948,SLC1A5,0.034079,0.0276399,++,0.02201,SLC1A5,
20,17070747,rs186749883,PCSK2,0.041227,0.0274176,--,0.02202,PCSK2,
20,17083743,rs182215587,PCSK2,0.041227,0.0274176,--,0.02202,PCSK2,
21,26156503,rs528231491,APP,0.039839,0.028426,--,0.02207,APP,
10,67124420,rs192991213,CTNNA3,0.047316,0.0297738,--,0.02209,CTNNA3,
1,227945134,rs574997884,WNT9A,0.022168,0.0292996,++,0.0221,WNT9A,
1,227945135,rs545450654,WNT9A,0.022168,0.0292996,++,0.0221,WNT9A,
11,118891820,rs577558359,CXCR5,0.046029,0.0290714,--,0.0221,CXCR5,
4,161339591,rs185867261,FSTL5,0.036563,0.0286024,++,0.02211,FSTL5,
11,45015402,rs181191660,TP53I11,0.013839,0.0288574,++,0.02215,TP53I11,
9,77871902,rs571358821,GNAQ,0.011954,0.031278,--,0.02216,GNAQ,
14,70931342,rs544300394,PCNX1,0.014046,0.0345861,++,0.02217,PCNX1,
12,118816622,rs74569529,SRRM4,0.014694,0.0328862,--,0.02221,LINC02439,
11,57579091,rs112943207,UBE2L6,0.048583,0.0274563,++,0.02222,UBE2L6,
5,117591940,rs186226145,SEMA6A,0.026332,0.0282551,++,0.02226,.,
5,117688513,rs188423687,SEMA6A,0.026332,0.0282551,++,0.02226,.,
12,116496778,rs184463022,MAP1LC3B2,0.02387,0.0348578,++,0.02226,LINC02457,
6,14535718,rs561896430,CD83,0.027992,0.0292876,--,0.02235,CD83,
5,22831917,rs191197436,CDH12,0.038607,0.0288561,++,0.02237,CDH12,
8,56370578,rs142700651,SDR16C5,0.029291,0.0292586,++,0.02237,SDR16C5,
4,186261773,rs188679299,KLKB1,0.040755,0.029687,--,0.02244,F11,
9,7721213,rs138057247,DMAC1,0.042048,0.0303864,--,0.02244,DMAC1,
10,107862169,rs117520835,SORCS1,0.019265,0.0335581,--,0.02249,LINC01435,
5,71472995,rs139599009,MCCC2,0.012315,0.0317049,--,0.0225,BDP1,
22,41068389,rs527793653,EP300,0.011849,0.0327998,--,0.02253,EP300,
14,70926289,rs191816907,PCNX1,0.014046,0.0351734,++,0.02257,PCNX1,
4,107199989,rs79682883,DKK2,0.030495,0.0326819,++,0.02259,DKK2,
4,107200929,rs76276180,DKK2,0.030495,0.0326819,++,0.02259,DKK2,
19,45207314,rs189717141,MARK4,0.011544,0.0339593,++,0.02264,BLOC1S3;MARK4,
3,40857641,rs144501653,ZNF621,0.031617,0.0319574,--,0.02265,ZNF621,
10,101140321,rs575040200,TLX1,0.041087,0.0282464,++,0.02269,TLX1,
10,116762528,rs73380856,HSPA12A,0.036659,0.030985,--,0.0227,HSPA12A,
11,109048865,rs2036778,DDX10,0.008379,0.0337412,--,0.02278,C11orf87,
2,203850689,rs143396590,CTLA4,0.031484,0.031387,--,0.02279,CTLA4,
1,227222237,rs111420426,CDC42BPA,0.023635,0.0301804,++,0.02285,CDC42BPA,
4,168623577,rs138259320,PALLD,0.044353,0.0308444,++,0.02287,PALLD,
4,32875693,rs563820325,PCDH7,0.021436,0.0323105,++,0.02294,.,
14,100110374,rs527429811,EVL,0.015347,0.0329641,++,0.02296,EVL,
11,94141148,rs150791642,PANX1,0.0455,0.0274382,++,0.02302,PANX1,
4,21770466,rs140568455,KCNIP4,0.02975,0.0326137,++,0.02304,KCNIP4,
5,142028626,rs112032122,GNPDA1,0.043017,0.0286985,--,0.02312,GNPDA1,
8,41616142,rs140375193,GPAT4,0.002757,0.0396223,--,0.02312,GPAT4,
11,23568181,rs148122515,CCDC179,0.047715,0.0310205,++,0.02312,SVIP,
4,173441360,rs4048358,SCRG1,0.046948,0.0324437,++,0.02315,SCRG1,
4,173443833,rs12642533,SCRG1,0.046948,0.0324437,++,0.02315,SCRG1,
5,106162051,rs36029838,EFNA5,0.027554,0.0329543,++,0.02317,.,
5,51820919,rs138335248,ISL1,0.023635,0.0305912,--,0.02318,ISL1,
5,51847088,rs183777180,ISL1,0.023635,0.0305912,--,0.02318,ISL1,
2,41155623,rs137959482,SLC8A1,0.018906,0.0328766,++,0.02319,HNRNPA1P57,
10,113317344,rs184924690,TCF7L2,0.018921,0.031938,--,0.02319,HABP2,
15,40679788,rs552814703,RAD51,0.013555,0.0324965,++,0.0232,RAD51,
5,66289410,rs190188059,SREK1,0.026183,0.0294588,++,0.02324,SREK1,
12,115138072,rs140434442,TBX3,0.037777,0.0323861,--,0.02324,TBX3,
8,287471,rs191268948,ZNF596,0.013664,0.0314785,--,0.02327,ZNF596,
16,88647125,rs11547387,CYBA,0.005672,0.0362442,--,0.02329,CYBA,
6,40637241,rs11969537,LRFN2,0.006642,0.0348984,++,0.02331,LRFN2,
2,154978992,rs553440779,KCNJ3,0.014306,0.0302934,++,0.02333,KCNJ3,
5,72276827,rs10050949,MRPS27,0.025347,0.0268305,--,0.02333,MRPS27,
4,22329102,rs138420943,ADGRA3,0.018287,0.0300583,++,0.02337,ADGRA3,
3,150944807,rs183594288,CLRN1,0.02126,0.0310374,++,0.02341,CLRN1;CLRN1-AS1,
7,146434419,rs73164023,CNTNAP2,0.0455,0.02789,++,0.02341,CNTNAP2,
15,42935340,rs558490453,UBR1,0.022422,0.0286021,++,0.02341,TTBK2,
15,40674710,rs180714834,KNL1,0.013555,0.0328158,++,0.02345,RAD51,
12,124445407,rs572041862,NCOR2,0.04217,0.0324348,++,0.02346,NCOR2,
20,37969520,rs185121693,TTI1,0.022764,0.0353165,++,0.02346,TTI1,
17,15223041,rs569515918,PMP22,0.041981,0.030975,--,0.02349,PMP22,
4,94908989,rs562576557,BMPR1B,0.023558,0.0321103,++,0.0236,BMPR1B,
13,78286872,rs147476593,EDNRB,0.032471,0.0315787,--,0.02361,OBI1-AS1,
2,30312878,rs114782779,LBH,0.038231,0.0321241,++,0.02363,LBH,
14,42280115,rs183184296,LRFN5,0.016947,0.0354551,++,0.02363,LRFN5,
7,104478644,rs147858604,LHFPL3,0.038062,0.0361538,++,0.02364,LHFPL3,
7,100906591,rs377053064,ACHE,0.0455,0.0302001,++,0.02366,ACHE,
4,78673682,rs141214509,ANXA3,0.014622,0.0340585,--,0.02371,LINC01094,
18,51998609,rs13381939,DCC,0.002248,0.0421995,++,0.02374,DCC,
10,125356727,rs74571776,CTBP2,0.000696,0.0462417,--,0.02376,CTBP2,
2,157159194,rs145531745,GALNT5,0.032493,0.0308727,++,0.02378,GALNT5,
4,100590560,rs190060549,EMCN,0.017881,0.0305901,--,0.02378,EMCN,
3,197017702,rs144275909,MELTF,0.049742,0.0302177,++,0.02379,MELTF,
2,212163792,rs114572588,ERBB4,0.032632,0.0309066,--,0.02381,ERBB4,
4,149123023,rs9997937,IQCM,0.019689,0.0376822,++,0.02381,NR3C2,
9,16405310,rs182002249,BNC2,0.012183,0.0355145,--,0.02382,C9orf92,
4,149120141,rs28691729,IQCM,0.019689,0.0377126,++,0.02383,NR3C2,
4,149122253,rs28565297,IQCM,0.019689,0.0377126,++,0.02383,NR3C2,
4,149123368,rs76998446,IQCM,0.019689,0.0377126,++,0.02383,NR3C2,
4,149133177,rs10030202,IQCM,0.019689,0.0377126,++,0.02383,NR3C2,
4,149135045,rs75482564,IQCM,0.019689,0.0377126,++,0.02383,NR3C2,
4,149135855,rs10471066,IQCM,0.019689,0.0377126,++,0.02383,NR3C2,
4,149136808,rs10471067,IQCM,0.019689,0.0377126,++,0.02383,NR3C2,
4,149137927,rs111512485,IQCM,0.019689,0.0377126,++,0.02383,NR3C2,
4,149138047,rs116473964,IQCM,0.019689,0.0377126,++,0.02383,NR3C2,
4,149138761,rs75999441,IQCM,0.019689,0.0377126,++,0.02383,NR3C2,
4,149139780,rs76237488,IQCM,0.019689,0.0377126,++,0.02383,NR3C2,
4,149141587,rs77194494,IQCM,0.019689,0.0377126,++,0.02383,NR3C2,
4,149147524,rs28753681,IQCM,0.019689,0.0377126,++,0.02383,NR3C2,
4,149147616,rs28599473,IQCM,0.019689,0.0377126,++,0.02383,NR3C2,
4,149152803,rs79604327,IQCM,0.019689,0.0377126,++,0.02383,LINC02430,
4,149153294,rs75959424,IQCM,0.019689,0.0377126,++,0.02383,LINC02430,
4,149154064,rs28474774,IQCM,0.019689,0.0377126,++,0.02383,LINC02430,
18,38409577,rs117910737,CELF4,0.027807,0.0301149,++,0.02383,CELF4,
5,73524502,rs7732893,BTF3,0.035546,0.0390129,--,0.02388,BTF3,
12,15264191,rs190909972,RERG,0.007581,0.0354582,++,0.02388,RERG,
3,186878553,rs529885835,ADIPOQ,0.041087,0.0296826,++,0.02389,ADIPOQ,
5,22976730,rs190423317,CDH12,0.038607,0.0307835,++,0.02392,CDH12,
5,22980751,rs144613461,CDH12,0.038607,0.0307835,++,0.02392,CDH12,
4,62495375,rs113188192,ADGRL3,0.0455,0.0271749,--,0.02399,.,
14,53895924,rs148645795,BMP4,0.030324,0.030215,++,0.024,BMP4,
13,44432640,rs181514096,TSC22D1,0.049354,0.0305243,++,0.02402,TSC22D1,
4,149229833,rs11941242,IQCM,0.032035,0.0385355,++,0.02406,LINC02355,
2,236860815,rs66588951,COPS8,0.046831,0.0411077,--,0.02408,COPS8,
2,236860944,rs7560676,COPS8,0.046831,0.0411077,--,0.02408,COPS8,
9,768548,rs180828790,KANK1,0.044482,0.0287046,++,0.02409,DMRT1,
14,84304519,rs1043566496,FLRT2,0.041227,0.0299792,--,0.02414,.,
14,84475527,rs760189934,FLRT2,0.041227,0.0299792,--,0.02414,.,
14,84554243,rs763626425,FLRT2,0.041227,0.0299792,--,0.02414,FLRT2,
17,49463229,rs117699226,NGFR,0.009111,0.0404275,--,0.02422,NGFR,
11,93981012,rs140778363,HEPHL1,0.037667,0.031242,++,0.02426,HEPHL1,
18,34546517,rs193138995,DTNA,0.026336,0.0345213,--,0.02426,DTNA,
18,34559131,rs140747406,DTNA,0.026336,0.0345213,--,0.02426,DTNA,
1,227291239,rs113016150,CDC42BPA,0.01293,0.0370244,++,0.0243,CDC42BPA,
4,149139334,rs28611497,IQCM,0.02544,0.0377126,++,0.02432,NR3C2,
19,55479109,rs78768334,ZNF628,0.026716,0.0307922,--,0.02434,ZNF628,
3,170600512,rs191349781,AC026316.4,0.046399,0.0300819,--,0.02436,SLC7A14-AS1,
15,60380579,rs148902674,ANXA2,0.038553,0.0365461,++,0.02436,ANXA2,
18,5138213,rs189534944,AKAIN1,0.044482,0.0290318,--,0.02437,AKAIN1,
18,5139036,rs191057676,AKAIN1,0.044482,0.0290318,--,0.02437,AKAIN1,
19,55480230,rs74257502,ZNF628,0.026716,0.0308418,--,0.02438,ZNF628,
6,55102229,rs114733605,HCRTR2,0.014604,0.0350103,++,0.02441,HCRTR2,
6,43156175,rs545234978,PTK7,0.048849,0.0300989,--,0.02442,PTK7,
9,122164700,rs138340100,MORN5,0.027499,0.0354788,++,0.02444,MORN5,
1,240331606,rs187439543,FMN2,0.03265,0.0358116,++,0.02446,FMN2,
4,149203906,rs10003079,IQCM,0.032035,0.0391206,++,0.02446,LINC02355,
4,149210140,rs10213652,IQCM,0.032035,0.0391206,++,0.02446,LINC02355,
4,149212859,rs7692981,IQCM,0.032035,0.0391206,++,0.02446,LINC02355,
4,149221800,rs10026704,IQCM,0.032035,0.0391206,++,0.02446,LINC02355,
4,149222173,rs115231976,IQCM,0.032035,0.0391206,++,0.02446,LINC02355,
4,149224702,rs7668514,IQCM,0.032035,0.0391206,++,0.02446,LINC02355,
4,149228626,rs6535661,IQCM,0.032035,0.0391206,++,0.02446,LINC02355,
4,149239646,rs17025968,IQCM,0.032035,0.0391206,++,0.02446,LINC02355,
4,149219326,rs6813339,IQCM,0.030757,0.0387119,++,0.0245,LINC02355,
12,118818821,rs937523,SRRM4,0.045756,0.0328862,--,0.0245,LINC02439,
12,118827567,rs75432574,SRRM4,0.045756,0.0328862,--,0.0245,LINC02439,
12,118831166,rs4767725,SRRM4,0.045756,0.0328862,--,0.0245,LINC02439,
12,118832460,rs4767729,SRRM4,0.045756,0.0328862,--,0.0245,LINC02439,
11,30742777,rs76811788,DCDC1,0.026001,0.0297682,--,0.02452,MPPED2,
4,79194266,rs538209180,NAA11,0.044638,0.0292524,--,0.02456,LINC01088,
2,114631210,rs555645108,DPP10,0.029031,0.0320424,++,0.02457,DPP10,
1,208413088,rs79187318,PLXNA2,0.027807,0.0310803,--,0.02462,PLXNA2,
16,54877844,rs139882981,IRX5,0.049352,0.0343183,--,0.02464,CRNDE,
4,149137364,rs111944626,IQCM,0.037904,0.0377126,++,0.02471,NR3C2,
4,149137868,rs79610734,IQCM,0.037904,0.0377126,++,0.02471,NR3C2,
4,149138855,rs77665370,IQCM,0.037904,0.0377126,++,0.02471,NR3C2,
4,149140662,rs10020031,IQCM,0.037904,0.0377126,++,0.02471,NR3C2,
4,149141066,rs28547154,IQCM,0.037904,0.0377126,++,0.02471,NR3C2,
4,149140734,rs10008213,IQCM,0.037904,0.0377709,++,0.02475,NR3C2,
7,54112121,rs149455797,VSTM2A,0.047222,0.0338874,++,0.02475,VSTM2A,
16,75347298,rs568686642,CFDP1,0.0455,0.0280273,--,0.02475,CFDP1,
12,85493250,rs76384817,ALX1,0.030606,0.0357086,++,0.0248,ALX1,
1,74488303,rs115641293,FPGT-TNNI3K,0.016487,0.0332061,--,0.02481,LRRC53;FPGT-TNNI3K;TNNI3K,
1,105797986,rs192529040,PRMT6,0.005371,0.0396944,++,0.02481,.,
1,105890747,rs114967412,PRMT6,0.005371,0.0396936,++,0.02481,.,
4,133161935,rs143407414,PCDH10,0.042517,0.0307457,++,0.02481,PCDH10,
8,284855,rs17065528,ZNF596,0.03441,0.044285,--,0.02481,ZNF596,
12,59875192,rs544211814,SLC16A7,0.043225,0.0317343,--,0.02483,SLC16A7,
17,12483224,rs142267748,MYOCD,0.026883,0.0301216,++,0.02485,MYOCD,
1,227093810,rs111493837,CDC42BPA,0.01293,0.0378679,++,0.0249,CDC42BPA,
13,93884218,rs76661617,GPC6,0.048459,0.0316423,--,0.02491,GPC6,
1,62183430,rs145812198,L1TD1,0.007297,0.0402079,--,0.02492,L1TD1,
5,43965369,rs144727055,NNT,0.037942,0.0380172,++,0.02492,NNT,
6,102109227,rs182322864,GRIK2,0.014006,0.0386258,--,0.02493,GRIK2,
9,76042222,rs562593490,PCSK5,0.008176,0.0314433,--,0.02499,PCSK5,
6,76677219,rs72883664,IMPG1,0.004522,0.0455881,++,0.02502,IMPG1,
11,57968909,rs149214486,OR9Q1,0.048583,0.0308161,++,0.02502,OR9Q1,
11,83998441,rs577552234,DLG2,0.040226,0.0320897,--,0.02502,DLG2,
15,99550302,rs191711165,MEF2A,0.015777,0.0323066,--,0.02503,MEF2A,
5,43942316,rs6860103,NNT,0.04306,0.0383896,++,0.02506,NNT,
13,54805161,rs185925131,OLFM4,0.023009,0.0340609,--,0.02506,.,
8,91964409,rs189298291,RUNX1T1,0.02846,0.0316215,--,0.02509,RUNX1T1,
2,129602737,rs190643701,RAB6C,0.011693,0.0363903,--,0.02511,RAB6C,
5,170350439,rs148870937,KCNIP1,0.023635,0.0330348,++,0.02511,KCNMB1,
10,122573592,rs113656378,DMBT1,0.036099,0.034193,--,0.02513,DMBT1,
8,275208,rs2909630,ZNF596,0.03441,0.0448448,--,0.02515,ZNF596,
20,55166182,rs111686023,DOK5,0.029212,0.0303898,++,0.02515,DOK5,
12,60132092,rs186778605,SLC16A7,0.043225,0.0321405,--,0.02516,SLC16A7,
5,43900621,rs73753681,NNT,0.037942,0.0383896,++,0.02518,NNT,
5,43903373,rs73753683,NNT,0.037942,0.0383896,++,0.02518,NNT,
5,43922807,rs7727389,NNT,0.037942,0.0383896,++,0.02518,NNT,
5,43926046,rs7715056,NNT,0.037942,0.0383896,++,0.02518,NNT,
5,43927862,rs73753688,NNT,0.037942,0.0383896,++,0.02518,NNT,
5,43930492,rs73753689,NNT,0.037942,0.0383896,++,0.02518,NNT,
5,43930859,rs75945071,NNT,0.037942,0.0383896,++,0.02518,NNT,
5,43935878,rs73753692,NNT,0.037942,0.0383896,++,0.02518,NNT,
5,43939144,rs74432821,NNT,0.037942,0.0383896,++,0.02518,NNT,
5,43941081,rs56190228,NNT,0.037942,0.0383896,++,0.02518,NNT,
5,43942662,rs6881963,NNT,0.037942,0.0383896,++,0.02518,NNT,
5,43950984,rs57717350,NNT,0.037942,0.0383896,++,0.02518,NNT,
5,43958792,rs76972807,NNT,0.037942,0.0383896,++,0.02518,NNT,
5,43959278,rs73754912,NNT,0.037942,0.0383896,++,0.02518,NNT,
5,43959564,rs73754913,NNT,0.037942,0.0383896,++,0.02518,NNT,
5,43959974,rs7718549,NNT,0.037942,0.0383896,++,0.02518,NNT,
5,43960143,rs7736613,NNT,0.037942,0.0383896,++,0.02518,NNT,
5,43963187,rs77245877,NNT,0.037942,0.0383896,++,0.02518,NNT,
12,132716345,rs559617565,PGAM5,0.014871,0.0360465,++,0.02519,PGAM5,
5,43955279,rs139157252,NNT,0.037942,0.0384569,++,0.02522,NNT,
11,30799411,rs140725359,DCDC1,0.021563,0.0321449,--,0.02522,DCDC1,
11,30915966,rs145942770,DCDC1,0.021563,0.0321449,--,0.02522,DCDC1,
11,57912503,rs145489148,CTNND1,0.048583,0.031056,++,0.02522,OR9Q1,
5,43904125,rs6890596,NNT,0.037942,0.0384945,++,0.02525,NNT,
11,22743834,rs1021692,GAS2,0.023731,0.0420366,--,0.02525,GAS2,
11,22745985,rs10741949,GAS2,0.023731,0.0420366,--,0.02525,GAS2,
1,242037576,rs75090391,MAP1LC3C,0.016351,0.0337869,--,0.02526,MAP1LC3C,
6,95833136,rs143667908,FUT9,0.020152,0.0373482,++,0.02526,FUT9,
1,156475479,rs547300549,MEF2D,0.025347,0.0307782,++,0.02535,MEF2D,
7,28530256,rs62449893,CREB5,0.026033,0.0351644,--,0.02536,CREB5,
1,109278957,rs568997597,PSRC1,0.016752,0.032669,--,0.02538,PSRC1,
6,97091139,rs186008545,KLHL32,0.045356,0.0323543,++,0.0254,KLHL32,
7,41175897,rs113347624,SUGCT,0.020117,0.036675,++,0.0254,INHBA,
13,101928305,rs61965218,FGF14,0.009745,0.0359848,++,0.0254,FGF14,
12,114499574,rs144456084,TBX5,0.036536,0.032842,--,0.0255,TBX5,
1,208686159,rs75439879,PLXNA2,0.013572,0.0437319,--,0.02552,PLXNA2,
