PROKOPENKO_SPATIAL_ID,PROKOPENKO_START,PROKOPENKO_END,PROKOPENKO_GENE,PROKOPENKO_NUM_VARS_IN_DISC,PROKOPENKO_DISC_P,PROKOPENKO_NUM_VARS_IN_REP,PROKOPENKO_REP_P,PROKOPENKO_META_P,Overlapping_GREAT
chr7_7701,7:87563665:C:T,7:87570057:A:G,ABCB1,25,0.000652771,30,0.889639053,0.004907882,ABCB1
chr14_341,14:22607972:A:G,14:22617955:C:A,ABHD4,46,0.000921887,32,0.641458682,0.004986932,ABHD4
chr3_4921,3:58292873:G:A,3:58299978:C:G,ABHD6,30,0.047198329,50,0.014854859,0.005793269,ABHD6
chr3_8392,3:100898694:C:G,3:100905754:G:A,ABI3BP,32,0.011798621,34,0.066302265,0.006378128,ABI3BP
chr4_1015,4:8089853:G:C,4:8090618:C:T,ABLIM2,5,0.012727422,8,0.090095809,0.008910768,ABLIM2
chr7_3162,7:29195387:G:A,7:29210242:T:C,AC004593.3,61,0.012863031,57,0.013277633,0.001652411,CHN2-AS1;CPVL;CHN2
chr4_4730,4:54232382:A:G,4:54237902:G:A,AC058822.1,27,0.034484868,21,0.018493999,0.005330133,PDGFRA
chr5_11698,5:146258316:C:T,5:146261680:C:T,AC091959.3,16,0.007265057,14,0.149474466,0.00849782,RBM27
chr3_4456,3:51828708:A:G,3:51843506:A:G,AC097636.2,53,0.001412585,48,0.189706593,0.002471981,IQCF3
chr3_2700,3:28992934:A:G,3:28994233:A:T,AC098650.1,10,0.019526857,9,0.030214324,0.00497681,RBMS3
chr16_5802,16:76903963:C:G,16:76905733:T:C,AC106741.1,6,0.004234632,8,0.01032464,0.000482579,MON1B
chr16_5756,16:76388343:A:C,16:76397655:T:C,AC106741.1,49,0.025826383,54,0.020696083,0.004561556,CNTNAP4
chr11_9383,11:108132620:C:T,11:108148379:G:A,ACAT1,84,0.00216933,73,0.016421916,0.000400508,ACAT1
chr11_4063,11:44071552:T:A,11:44077852:G:A,ACCS,41,0.004567997,35,0.200228637,0.007314384,ACCS
chr9_3419,9:32250831:C:G,9:32255865:C:T,ACO1,26,0.000627602,28,0.574854566,0.003220769,ACO1
chr2_8915,2:111116121:G:T,2:111117948:G:A,ACOXL,13,0.009941721,15,0.102068633,0.008009453,ACOXL-AS1;ACOXL;MIR4435-2HG
chr9_7346,9:108595557:G:A,9:108641026:C:T,ACTL7B,222,0.007384739,235,0.089101266,0.005478633,ACTL7B
chr1_349,1:2927607:C:T,1:2929106:C:T,ACTRT2,14,0.006248981,15,0.147223639,0.007351831,ACTRT2
chr2_11889,2:146431896:C:T,2:146475983:G:C,ACVR2A,127,0.001005737,127,0.012062994,0.000149464,.
chr2_11885,2:146275663:G:A,2:146406159:G:A,ACVR2A,333,0.004249023,364,0.076610755,0.002939481,.
chr2_11883,2:146252567:C:T,2:146270171:T:C,ACVR2A,66,0.007464896,73,0.052746683,0.003480657,.
chr2_11923,2:147060845:T:A,2:147075648:T:C,ACVR2A,40,0.001863137,49,0.269755819,0.004320147,ACVR2A
chr2_11886,2:146411554:A:G,2:146420535:A:G,ACVR2A,28,0.028126088,29,0.022656765,0.005326329,.
chr2_11896,2:146577927:T:C,2:146590888:G:A,ACVR2A,70,0.017942316,55,0.057650588,0.008144695,PABPC1P2
chr5_668,5:4816585:T:C,5:4825076:T:C,ADAMTS16,39,0.044290774,52,0.009648236,0.00374252,ADAMTS16
chr12_3831,12:43263849:C:T,12:43271372:A:G,ADAMTS20,37,0.005410305,38,0.164890721,0.00715643,ADAMTS20
chr12_3846,12:43507302:C:T,12:43521160:C:T,ADAMTS20,39,0.042065803,52,0.022605115,0.007567375,ADAMTS20
chr21_1527,21:27814766:C:T,21:27816546:A:C,ADAMTS5,14,0.010973852,7,0.096303669,0.008298685,ADAMTS5
chr21_1515,21:27769292:G:A,21:27769893:C:T,ADAMTS5,7,0.032735739,4,0.034609938,0.008817887,ADAMTS5
chr9_2148,9:18121382:T:C,9:18127372:G:A,ADAMTSL1,45,0.016627306,45,0.017170559,0.002615543,ADAMTSL1
chr6_12071,6:146879925:G:T,6:146881083:G:A,ADGB,10,0.001838791,9,0.443925169,0.006620685,STXBP5-AS1
chr8_12591,8:142455281:C:T,8:142459994:C:T,ADGRB1,26,0.009811337,25,0.025087088,0.00229145,ADGRB1
chr6_5964,6:69498545:C:T,6:69505086:C:T,ADGRB3,22,0.000472411,33,0.380930703,0.00173168,LMBRD1
chr6_11729,6:142572862:A:G,6:142572973:C:G,ADGRG6,2,0.043946677,2,0.013346873,0.004951222,ADGRG6
chr4_5291,4:60031883:T:C,4:60032674:G:C,ADGRL3,5,0.001234643,4,0.786040467,0.007703396,.
chr4_5429,4:61891238:A:G,4:61897134:C:T,ADGRL3,17,0.013547464,26,0.077735381,0.00827329,ADGRL3
chr4_15291,4:178505216:G:T,4:178511649:T:C,AGA,29,0.004109991,32,0.255313338,0.008247356,.
chr15_5573,15:87185107:G:A,15:87188025:G:A,AGBL1,22,0.017472158,15,0.006270506,0.001108635,.
chr1_4282,1:48904736:A:G,1:48907823:C:T,AGBL4,18,0.017164422,16,0.036232114,0.005213245,AGBL4
chr1_8126,1:99858112:C:T,1:99880771:G:T,AGL,59,0.037152459,120,0.012120769,0.003920256,AGL
chr1_8124,1:99796025:G:C,1:99837234:C:T,AGL,124,0.003656257,211,0.177797909,0.0054206,AGL
NA,6:161131976:A:G,6:161131976:A:G,AGPAT4,1,0.00626546,NA,NA,0.00626546,AGPAT4
chr9_5327,9:85269360:G:A,9:85305552:C:T,AGTPBP1,157,0.018985485,167,0.007278499,0.001366231,AGTPBP1
chr9_5344,9:85502959:C:G,9:85515955:C:T,AGTPBP1,49,0.000662484,72,0.260414131,0.001667407,AGTPBP1
chr9_5340,9:85470587:G:A,9:85473010:G:A,AGTPBP1,15,0.002798998,11,0.357832942,0.007918625,AGTPBP1
chr17_4304,17:57034576:T:A,17:57061217:G:A,AKAP1,93,0.003894953,156,0.105220827,0.00360641,RNF126P1
chr14_1280,14:32857039:C:T,14:32890169:C:T,AKAP6,161,0.000848302,183,0.814705314,0.005720506,NPAS3
chr10_566,10:4773772:C:T,10:4788330:A:G,AKR1E2,75,0.000301764,83,0.811979899,0.002282211,AKR1E2
chr6_14249,6:169670139:G:A,6:169676758:G:T,AL031315.1,29,0.001160041,30,0.040116786,0.000510757,WDR27
chr9_8045,9:117944493:G:A,9:117947908:G:C,AL160272.2,13,0.016467847,24,0.030623345,0.004333121,TLR4
chr9_9304,9:133155063:G:A,9:133161565:A:T,AL162417.1,51,0.011231694,58,0.029816099,0.003014545,GBGT1
chr6_12302,6:149893265:G:A,6:149894672:G:T,AL355312.6,8,0.004454474,6,0.183760504,0.006636829,RAET1E;RAET1E-AS1
chr13_3805,13:63444619:G:A,13:63450136:T:G,AL445989.1,18,0.035058643,38,0.000227144,0.000101458,.
chr13_2387,13:43946169:C:A,13:43960555:G:T,AL512506.3,53,0.00320238,92,0.237497471,0.006222467,NRAD1
chr6_3240,6:31933545:C:T,6:31964591:G:A,AL645922.1,100,0.001828269,132,0.407739319,0.006113875,C2-AS1;MIR1236;NELFE;C2;CFB;SKIV2L
chr6_3239,6:31920652:A:G,6:31929915:G:A,AL645922.1,27,0.002436042,40,0.443415156,0.008458473,C2
chr15_3119,15:58414038:A:G,15:58414038:A:G,ALDH1A2,1,0.017325234,1,0.056356747,0.007744409,ALDH1A2;LIPC
chr2_6415,2:73485699:C:G,2:73488991:G:A,ALMS1,22,0.010657746,29,0.015366448,0.001591376,ALMS1
chr2_6421,2:73543900:C:T,2:73569366:G:C,ALMS1,70,0.031655047,78,0.005296492,0.001625231,ALMS1
chr4_6202,4:70586279:T:C,4:70589470:A:G,AMBN,12,0.000596964,14,0.291273652,0.001679184,AMBN
chr10_5394,10:60394574:G:A,10:60402473:C:G,ANK3,28,0.002241321,24,0.212641893,0.004122024,ANK3
chr4_10654,4:124371594:T:A,4:124378825:A:C,ANKRD50,36,0.047081211,49,0.021904001,0.008123255,ANKRD50
chr6_7655,6:89576942:T:C,6:89593509:G:A,ANKRD6,68,0.021355391,61,0.004434863,0.000972152,LYRM2;ANKRD6
chr12_8012,12:99061333:A:G,12:99084544:C:A,ANKS1B,101,0.003243433,80,0.216769185,0.005807443,RNA5SP366;ANKS1B
chr15_703,15:29038005:T:C,15:29039233:G:T,APBA2,10,0.0430685,7,0.005418192,0.002184878,APBA2
chr5_8913,5:112819545:A:G,5:112827357:A:G,APC,25,0.000336622,29,0.043747026,0.000178568,APC
chr22_2081,22:38973441:G:A,22:38977796:T:C,APOBEC3A,11,0.024532588,3,0.045225561,0.008658367,APOBEC3A
chr10_3272,10:31745360:C:T,10:31751262:C:T,ARHGAP12,25,0.048216993,39,0.019805183,0.007595505,ARHGAP12
chr6_10600,6:129538364:C:T,6:129592999:A:T,ARHGAP18,202,0.014633107,222,0.008588518,0.00125448,ARHGAP18
chr5_11426,5:142970552:A:G,5:142986881:A:T,ARHGAP26,62,0.015870439,80,0.008654745,0.001358842,ARHGAP26
chr5_6032,5:74251277:C:G,5:74255247:A:G,ARHGEF28,28,0.011570291,22,0.059828689,0.005728652,LINC01331
chr6_12939,6:156726697:C:T,6:156727043:T:G,ARID1B,2,0.001247614,1,0.74684506,0.007434087,ARID1B
chr7_1641,7:12823652:T:C,7:12826747:G:C,ARL4A,18,0.00139123,23,0.571349374,0.006468179,ARL4A
chr2_18523,2:234671035:T:A,2:234671083:T:C,ARL4C,2,0.021621301,1,0.02855532,0.005180005,ARL4C
chr3_577,3:5114758:C:T,3:5118592:C:T,ARL8B,25,0.002305665,29,0.244920734,0.004788252,ARL8B
chr3_3229,3:35281615:A:G,3:35427138:G:T,ARPP21,526,0.034670273,649,0.002774981,0.000986048,ARPP21
chr3_3233,3:35453971:T:C,3:35455748:T:C,ARPP21,10,0.02340201,8,0.012560093,0.00268423,ARPP21
chr3_3262,3:35732459:G:A,3:35734447:A:G,ARPP21,5,0.011274292,9,0.057102926,0.005374485,ARPP21
chr11_428,11:3508878:C:T,11:3509418:C:A,ART5,3,0.000513421,5,0.496409162,0.002363832,ZNF195
chr11_465,11:3624951:T:G,11:3638235:G:A,ART5,82,0.007888472,87,0.117763154,0.007414523,TRPC2
chr11_458,11:3597733:G:A,11:3599066:C:T,ART5,13,0.016189575,8,0.068052148,0.00860551,ART5
chr5_12891,5:160931716:C:T,5:160941582:G:C,ATP10B,49,0.008922445,68,0.04465748,0.003517519,LINC02159
chr12_5027,12:58010442:G:A,12:58015810:C:T,ATP23,20,0.011793301,23,0.089772678,0.008311661,ATP23
chr12_7353,12:89840259:C:T,12:89852792:G:A,ATP2B1,38,0.000746908,34,0.376664383,0.002581509,ATP2B1
chr1_13960,1:198586276:C:A,1:198588322:C:A,ATP6V1G3,5,0.006606162,6,0.030231292,0.001900992,ATP6V1G3
chr3_11606,3:142548697:C:A,3:142551451:T:G,ATR,8,0.016049754,12,0.02953646,0.004102545,ATR
chr6_1777,6:16545637:G:A,6:16546889:G:A,ATXN1,7,0.000598782,7,0.137419127,0.000856193,ATXN1
chr11_11677,11:134745981:T:C,11:134758663:G:A,B3GAT1,67,0.00309785,127,0.10550387,0.002950032,LINC02714
chr11_5629,11:66350079:G:A,11:66351826:G:A,B4GAT1,8,0.038909119,7,0.027775833,0.008462266,B4GAT1
chr9_6684,9:101374481:C:A,9:101380792:C:T,BAAT,23,0.00178678,20,0.422011208,0.006175644,FYTTD1P1;BAAT
chr6_7707,6:90161896:T:C,6:90163848:A:C,BACH2,11,0.001723321,5,0.154205899,0.002453627,BACH2
chr6_6901,6:80635766:A:T,6:80640367:A:G,BCKDHB,16,0.027187737,21,0.016898615,0.00399043,BCKDHB
chr2_5299,2:59485692:T:C,2:59490804:A:G,BCL11A,36,0.024501696,20,0.004927254,0.001209915,.
chr2_5293,2:59465510:C:T,2:59469231:G:A,BCL11A,23,0.003506521,22,0.067027013,0.002198907,.
chr10_5235,10:58582769:C:T,10:58586376:A:G,BICC1,13,0.0000589,11,0.977503561,0.000620089,BICC1
chr12_9632,12:119924119:G:A,12:119953051:G:A,BICDL1,125,0.02917255,128,0.028193981,0.006664782,BICDL1
chr20_748,20:6671295:T:C,20:6677030:C:T,BMP2,36,0.00105687,26,0.851018412,0.00720771,BMP2
chr20_784,20:6926418:A:G,20:6960551:G:T,BMP2,181,0.014728674,213,0.072550971,0.008379187,BMP2
chr4_7075,4:80996018:G:A,4:81030173:G:C,BMP3,176,0.012892493,202,0.028967447,0.003321088,BMP3
chr10_4019,10:42719782:G:A,10:42735630:C:T,BMS1,58,0.003296673,68,0.32441257,0.008385362,RSU1P1
chr20_2669,20:33288704:C:T,20:33291437:C:T,BPIFB1,21,0.006088812,20,0.171576144,0.008215512,BPIFB1
chr3_1060,3:10115099:G:C,3:10133724:G:A,BRK1,49,0.006411189,101,0.023639692,0.001484446,BRK1
chr14_6224,14:93309107:C:T,14:93342097:T:G,BTBD7,128,0.005132971,170,0.213773587,0.00857525,UNC79;BTBD7
chr2_8887,2:110659737:T:C,2:110669356:C:A,BUB1,31,0.008422131,24,0.038807538,0.002950088,BUB1
chr11_10036,11:116646779:A:T,11:116650696:C:G,BUD13,18,0.01465593,32,0.008134639,0.001196324,LINC02702
chr11_3479,11:38021919:C:G,11:38025357:C:G,C11orf74,14,0.00170951,16,0.032830766,0.000605468,.
NA,14:96135468:C:T,14:96135582:G:A,C14orf132,3,0.005204204,NA,NA,0.005204204,BDKRB2
chr16_1338,16:9295154:G:T,16:9299637:A:G,C16orf72,34,0.001396443,23,0.566478234,0.00644088,C16orf72
chr19_3808,19:40312907:C:T,19:40327172:C:T,C19orf47,55,0.033027994,55,0.032583678,0.008431113,C19orf47
chr1_1227,1:10867533:A:C,1:10876419:C:T,C1orf127,44,0.005931483,43,0.189783049,0.008768437,CASZ1
chr1_13911,1:197883602:G:A,1:197888652:G:A,C1orf53,30,0.000165053,26,0.520555423,0.000890305,LHX9
chr1_13909,1:197846632:A:G,1:197867412:A:G,C1orf53,102,0.001068073,80,0.877302533,0.007470702,LHX9
chr11_6378,11:74025114:T:C,11:74031365:C:T,C2CD3,47,0.0000836,42,0.045427772,0.0000512,C2CD3
chr4_11057,4:129216772:A:G,4:129218819:C:T,C4orf33,9,0.037443598,11,0.010078552,0.003351965,SCLT1
chr4_748,4:5980580:A:C,4:5981385:G:C,C4orf50,8,0.040971755,7,0.002354729,0.000988527,C4orf50
chr5_3767,5:41151307:C:T,5:41201084:C:T,C6,197,0.002643261,214,0.0301754,0.000832428,C6
chr8_4059,8:38548164:C:T,8:38550421:C:T,C8orf86,9,0.025775701,13,0.011787153,0.002764498,C8orf86
chr16_7298,16:87897987:T:C,16:87899593:G:A,CA5A,13,0.013135751,9,0.078149938,0.008090863,CA5A
chr8_5674,8:59790292:T:A,8:59792809:G:A,CA8,15,0.001742582,14,0.133282395,0.002175694,CA8
chr9_2926,9:26647078:G:C,9:26650259:A:G,CAAP1,16,0.00292584,18,0.092959755,0.002504921,CAAP1
chr9_9954,9:137912705:G:A,9:137916229:C:T,CACNA1B,13,0.000935258,6,0.970974487,0.007268653,CACNA1B
chr7_7271,7:82005662:T:C,7:82006227:A:G,CACNA2D1,8,0.01970542,4,0.025707322,0.004350373,CACNA2D1
chr3_4727,3:55101222:C:A,3:55103504:T:C,CACNA2D3,11,0.012833747,11,0.001381892,0.000211754,LRTM1
chr12_166,12:1834451:C:T,12:1839269:C:T,CACNA2D4,22,0.00069344,28,0.214904101,0.001462127,CACNA2D4;LRTM2
chr11_9911,11:115311165:C:T,11:115375305:C:T,CADM1,237,0.00096167,229,0.362805643,0.00312639,CADM1
chr11_9957,11:115933682:G:A,11:115934946:G:A,CADM1,8,0.006175231,2,0.087384525,0.004600067,LINC02703
chr11_9934,11:115654886:C:T,11:115671294:C:T,CADM1,77,0.010793973,65,0.074323324,0.006520717,LINC02698
chr3_7251,3:85690601:G:A,3:85702163:T:G,CADM2,43,0.001251353,39,0.438752578,0.004670827,CADM2
chr3_7124,3:83750447:C:G,3:83803917:G:A,CADM2,212,0.003678978,187,0.216112212,0.006469564,.
chr7_10235,7:122681252:C:G,7:122693261:T:C,CADPS2,43,0.027177376,49,0.013710391,0.003314377,RPS26P31;CADPS2
chr5_7586,5:96631996:T:C,5:96646349:G:C,CAST,47,0.003355963,79,0.192690869,0.005395556,CAST
chr5_7571,5:96504515:C:T,5:96504686:C:T,CAST,2,0.007113719,2,0.160150123,0.008860474,PCSK1
chr3_8905,3:106597859:A:G,3:106613406:G:A,CBLB,148,0.006787811,73,0.138052106,0.007471039,LINC00882
chr19_1637,19:13746981:G:A,19:13755986:G:A,CCDC130,29,0.000522055,36,0.094974943,0.000541035,CCDC130
NA,2:108863477:G:A,2:108863477:G:A,CCDC138,1,0.007422727,NA,NA,0.007422727,CCDC138
chr3_10115,3:123947293:C:T,3:123951721:C:T,CCDC14,29,0.001576493,19,0.13940227,0.002070849,CCDC14
chr6_12489,6:151550842:G:A,6:151565954:C:T,CCDC170,95,0.007183324,98,0.069038694,0.004269478,CCDC170
chr14_3477,14:59571951:T:C,14:59589141:A:C,CCDC175,56,0.002416903,96,0.457076439,0.008625762,CCDC175
chr11_2267,11:23309652:C:T,11:23316095:A:C,CCDC179,23,0.007061852,33,0.005182333,0.000410454,SVIP
chr11_2271,11:23338887:T:C,11:23340390:G:T,CCDC179,4,0.00485298,8,0.121875079,0.004987713,SVIP
chr2_10563,2:130137114:C:A,2:130137274:C:T,CCDC74B,2,0.027352649,1,0.034667806,0.00754896,MED15P9
chr2_5054,2:56486391:G:A,2:56490457:A:C,CCDC85A,26,0.001554249,22,0.511820036,0.006472589,EFEMP1
chr3_4110,3:46285133:G:A,3:46294802:T:C,CCR3,33,0.000908534,63,0.012183838,0.000137386,CCR3
chr3_4107,3:46256997:A:G,3:46264060:C:T,CCR3,30,0.038756239,34,0.001321091,0.000557049,CCR3
chr3_4108,3:46264991:G:A,3:46280051:C:T,CCR3,62,0.017768979,79,0.013880084,0.00229558,CCR3
chr3_4103,3:46218172:C:A,3:46236759:C:T,CCR3,75,0.044408468,113,0.015548711,0.005715984,CCR3
chr3_4093,3:46153811:T:C,3:46174120:C:T,CCR3,94,0.005508208,103,0.146947135,0.006571804,CCR3
chr4_7843,4:91150798:C:A,4:91163893:T:A,CCSER1,66,0.01255137,72,0.068335319,0.006914153,CCSER1
chr4_7822,4:91060192:G:T,4:91071849:T:A,CCSER1,50,0.046777461,41,0.01845614,0.006953886,CCSER1
chr3_9367,3:112930186:A:G,3:112947938:A:G,CD200R1,47,0.0006728,118,0.378348606,0.002361234,CD200R1
chr1_11594,1:167478326:C:T,1:167482809:G:A,CD247,19,0.007159969,30,0.077489766,0.004714264,CD247
chr1_14576,1:207358977:C:T,1:207365264:A:G,CD55,30,0.0000524,21,0.255809101,0.000163888,CD55
chr11_5201,11:60982715:G:C,11:60983394:T:C,CD6,3,0.007683708,3,0.110946557,0.00687727,CD6
chr5_4644,5:55161023:C:T,5:55163916:G:A,CDC20B,9,0.001257746,15,0.310778937,0.003458165,CDC20B;GPX8
chr1_13500,1:193689713:G:A,1:193717474:C:T,CDC73,89,0.014615147,160,0.009547714,0.00137827,B3GALT2
chr1_13585,1:194392255:G:C,1:194392723:C:T,CDC73,3,0.009201672,3,0.089484131,0.006671269,.
chr18_4512,18:60999890:G:A,18:61016802:T:C,CDH20,67,0.006392611,75,0.089580869,0.00484766,CDH20
chr5_2758,5:28997901:A:G,5:28999516:C:A,CDH9,19,0.047805828,5,0.010594439,0.004349632,LINC02109
chr22_112,22:17421840:G:A,22:17422359:A:G,CECR2,4,0.003120352,2,0.046976148,0.001440598,CECR2
chr10_1261,10:11285184:T:C,10:11300812:A:G,CELF2,76,0.001216731,84,0.707698979,0.006937995,CELF2
chr6_10397,6:126421553:C:T,6:126422414:C:T,CENPW,8,0.041234229,2,0.023873611,0.007799941,CENPW
chr18_1365,18:13099569:C:T,18:13105572:C:T,CEP192,27,0.002123578,21,0.091113438,0.001847855,CEP192
chr5_76,5:567172:G:A,5:583505:G:A,CEP72,57,0.018672807,110,0.045026021,0.006794369,CEP72
chr5_7182,5:90149997:T:C,5:90208468:G:A,CETN3,160,0.019693279,196,0.046130731,0.007271133,LINC01339
chr4_7046,4:80684100:G:T,4:80684845:A:C,CFAP299,4,0.004668805,4,0.109850305,0.004398108,CFAP299
chr10_8785,10:104428259:C:T,10:104432407:A:T,CFAP58,25,0.000695133,18,0.728970171,0.004351571,CFAP58
chr20_1841,20:20256944:C:T,20:20281554:C:T,CFAP61,80,0.001182242,133,0.053395633,0.000673584,CFAP61-AS1;CFAP61
chr3_7463,3:88049427:T:C,3:88049953:C:T,CGGBP1,3,0.008053581,5,0.005785471,0.000511322,CGGBP1
chr10_7569,10:89129130:A:G,10:89137467:T:C,CH25H,41,0.023248853,71,0.038552333,0.007185831,CH25H
chr11_7924,11:91169334:T:C,11:91175061:T:C,CHORDC1,21,0.00931234,25,0.055998932,0.004463272,LINC02748
chr12_8483,12:104686040:A:C,12:104706613:C:T,CHST11,91,0.022710199,108,0.01046513,0.002220897,CHST11
chr18_1278,18:12270417:G:T,18:12279298:C:G,CIDEA,49,0.014019825,44,0.003975366,0.000601643,CIDEA
chr6_11510,6:140233575:T:C,6:140233786:A:C,CITED2,2,0.035190034,2,0.006971538,0.002284724,CITED2
chr3_3122,3:33588575:A:G,3:33594303:A:T,CLASP2,28,0.001917042,19,0.455103176,0.00701818,CLASP2
chr16_1573,16:11194195:T:A,16:11203227:C:A,CLEC16A,67,0.02086582,71,0.020421339,0.003733054,SOCS1
chr5_12630,5:157867099:C:T,5:157870010:T:C,CLINT1,17,0.023452519,17,0.031522202,0.00606933,CLINT1
chr3_11426,3:140398927:A:G,3:140449630:G:A,CLSTN2,233,0.0000119,273,0.196429423,0.0000327,CLSTN2
chr3_11425,3:140394722:A:C,3:140397800:C:T,CLSTN2,14,0.000962977,20,0.205829121,0.001888174,CLSTN2
chr3_11436,3:140551476:T:C,3:140583875:C:T,CLSTN2,140,0.001189,184,0.262091964,0.002827614,CLSTN2
chr3_11432,3:140482390:G:A,3:140486411:G:A,CLSTN2,16,0.000804525,17,0.700894095,0.00478213,CLSTN2
chr2_758,2:6349521:C:A,2:6370470:T:A,CMPK2,98,0.015322745,115,0.063774034,0.00774995,LINC01247
chr6_3738,6:37481092:C:G,6:37482174:T:C,CMTR1,4,0.005341917,3,0.066722771,0.003186241,CMTR1
chr4_4503,4:48006359:T:C,4:48051925:C:T,CNGA1,146,0.003193677,199,0.303437731,0.007693698,CNGA1;NIPAL1
chr10_8467,10:99391241:G:C,10:99392955:C:T,CNNM1,6,0.000635566,4,0.080001072,0.000553545,CNNM1
chr3_273,3:2296451:C:T,3:2296642:T:G,CNTN4,4,0.005446253,5,0.174708452,0.007571578,CNTN4
chr3_349,3:3028097:G:A,3:3034088:G:C,CNTN4,34,0.009947787,37,0.113003664,0.008757855,CNTN4
chr11_8695,11:99582435:C:G,11:99602533:A:G,CNTN5,95,0.020189137,109,0.037499802,0.006197551,CNTN5
chr7_4988,7:52117566:G:T,7:52122633:A:G,COBL,33,0.017265037,26,0.012342463,0.002014535,COBL
chr1_8435,1:103136600:T:C,1:103148488:G:C,COL11A1,58,0.017673254,112,0.034671693,0.005145687,COL11A1
chr6_6393,6:74884796:T:C,6:74907697:T:C,COL12A1,124,0.000206574,87,0.435764657,0.000928576,COL12A1
chr6_6388,6:74833060:C:T,6:74836465:A:G,COL12A1,13,0.000311007,28,0.712134633,0.002085263,COL12A1
chr6_6406,6:74983482:G:T,6:74988814:T:C,COL12A1,49,0.000559567,36,0.433265331,0.002260702,COL12A1
chr6_6410,6:74999090:G:A,6:74999454:C:A,COL12A1,7,0.013251498,3,0.028392903,0.003343066,COL12A1
chr6_6394,6:74909865:A:G,6:74924092:A:G,COL12A1,71,0.000748076,57,0.746945268,0.004743846,COL12A1
chr6_6409,6:74997618:G:A,6:74998632:C:T,COL12A1,12,0.009620646,3,0.098209524,0.007525167,COL12A1
chr6_5999,6:70134445:G:T,6:70135471:G:A,COL19A1,6,0.036467167,4,0.004273366,0.001522018,COL19A1
chr3_8279,3:99454648:A:G,3:99454962:T:A,COL8A1,4,0.038350413,4,0.024591335,0.007512969,COL8A1
chr12_8777,12:108714112:C:A,12:108719893:T:G,CORO1C,20,0.0070114,24,0.116715643,0.006635291,CORO1C
chr19_1937,19:16992246:G:A,19:17026054:C:T,CPAMD8,162,0.000840806,240,0.308310769,0.002399894,CPAMD8
chr19_1936,19:16980003:C:G,19:16990612:C:A,CPAMD8,70,0.048813207,86,0.005990463,0.002671884,CPAMD8
chr3_10838,3:132250352:G:A,3:132251443:C:T,CPNE4,5,0.017130551,6,0.041484791,0.00586244,CPNE4
chr8_8532,8:96771861:T:C,8:96774292:A:T,CPQ,12,0.002098296,12,0.48762188,0.008067578,CPQ
chr10_10356,10:123884421:G:A,10:123885884:A:G,CPXM2,8,0.000555805,4,0.164256272,0.000940462,CPXM2
chr2_3136,2:36042378:C:A,2:36064095:G:C,CRIM1,95,0.014136125,133,0.045170947,0.005335864,CRIM1
chr2_3164,2:36300722:C:T,2:36313114:G:A,CRIM1,65,0.001848219,66,0.496995351,0.007341751,CRIM1
chr11_4191,11:45838238:A:G,11:45841625:G:A,CRY2,15,0.001438462,19,0.129404525,0.001784928,CRY2
chr8_839,8:4806531:C:A,8:4810712:A:G,CSMD1,35,0.002562324,33,0.353939688,0.007260224,CSMD1
chr8_9777,8:112672335:C:G,8:112685192:T:A,CSMD3,49,0.00446881,36,0.011242855,0.000547572,CSMD3
chr8_9774,8:112644632:C:A,8:112647748:C:T,CSMD3,21,0.035728239,11,0.021747811,0.006340453,CSMD3
chr3_7504,3:88495768:G:A,3:88503202:C:T,CSNKA2IP,40,0.001108034,50,0.58656446,0.00541956,C3orf38
chr20_2167,20:23628840:C:G,20:23637567:G:A,CST3,51,0.02916578,45,0.038635553,0.008776184,CST3
chr15_2005,15:44525144:A:T,15:44560046:C:T,CTDSPL2,128,0.005579811,116,0.11618655,0.005407564,EIF3J;EIF3J-DT;CTDSPL2
chr2_7012,2:79853746:G:A,2:79856892:C:T,CTNNA2,15,0.0000122,18,0.154027727,0.0000267,CTNNA2
chr5_5412,5:64816595:G:A,5:64816595:G:A,CWC27,1,0.02991299,1,0.010445157,0.002834221,CWC27
chr7_2825,7:25048935:C:T,7:25065211:C:A,CYCS,81,0.002742801,102,0.147338252,0.003561829,CYCS
chr10_7887,10:93182198:G:T,10:93198954:A:G,CYP26A1,46,0.013973181,92,0.081481324,0.008855664,CYP26A1
chr2_6304,2:72085750:G:A,2:72087313:C:G,CYP26B1,6,0.016275063,6,0.029832691,0.004190246,CYP26B1
chr19_1849,19:15864740:C:G,19:15873157:T:A,CYP4F2,39,0.011926463,84,0.071313053,0.006863356,CYP4F36P;CLEC4O
chr1_4976,1:57901399:C:T,1:57913331:C:A,DAB1,62,0.003470506,78,0.070484509,0.002278807,DAB1
chr18_3968,18:52815049:G:A,18:52821334:C:T,DCC,28,0.043558527,51,0.01558263,0.005630453,DCC
chr11_2879,11:30968311:T:C,11:30970931:C:T,DCDC1,14,0.002904732,9,0.304647716,0.00710592,DCDC1
chr2_519,2:3979149:A:G,2:3981931:G:A,DCDC2C,10,0.001221389,10,0.468381206,0.004843331,DCDC2C
chr4_13090,4:154149355:C:T,4:154166386:T:C,DCHS2,75,0.009721208,70,0.025687013,0.002321097,DCHS2
chr4_13092,4:154172321:A:C,4:154209636:A:G,DCHS2,172,0.019370929,172,0.035418661,0.005683931,DCHS2
chr6_4816,6:49968651:G:A,6:49979459:T:C,DEFB113,48,0.003794814,46,0.214641599,0.006608164,DEFB113
chr6_4812,6:49917766:G:A,6:49919282:G:T,DEFB133,16,0.000563921,11,0.272554868,0.001503258,DEFB133
chr8_10332,8:119887706:G:A,8:119891644:C:A,DEPTOR,24,0.027370701,18,0.031585328,0.006962218,RNA5SP277;DEPTOR
chr1_493,1:3859187:G:A,1:3861379:C:G,DFFB,14,0.015395832,12,0.002508193,0.000431023,DFFB
chr7_1843,7:14805908:A:G,7:14842233:A:G,DGKB,168,0.004135986,209,0.120701289,0.004294513,DGKB
chr13_2254,13:42211655:G:A,13:42233291:G:A,DGKH,81,0.002839312,128,0.338496002,0.007638248,DGKH
chr14_458,14:23788868:C:T,14:23789229:C:T,DHRS2,3,0.043854749,1,0.006412135,0.002580437,DHRS2
chr4_2681,4:24664133:T:C,4:24674318:T:C,DHX15,53,0.009328822,71,0.019340657,0.001735729,LINC02473
chr5_4653,5:55248205:A:G,5:55258390:T:A,DHX29,35,0.000874255,37,0.93598732,0.006634946,DHX29
chr20_3149,20:39547669:A:C,20:39548340:G:T,DHX35,4,0.003042961,6,0.282816767,0.006934616,DHX35
chr10_100,10:696919:G:A,10:698197:C:T,DIP2C,14,0.004718863,17,0.239748642,0.008806756,DIP2C
chr3_11803,3:144934772:A:G,3:144987797:C:T,DIPK2A,218,0.001885238,269,0.020791813,0.000436931,C3orf58
chr3_11804,3:144989453:A:C,3:144992595:T:C,DIPK2A,16,0.001069385,19,0.222392517,0.002222216,.
chr3_11737,3:144085033:G:T,3:144087928:A:G,DIPK2A,9,0.01761265,12,0.05823359,0.008084598,C3orf58
chr9_5850,9:90305701:G:A,9:90332129:G:A,DIRAS2,105,0.001465304,109,0.280378509,0.003614284,LINC01508
chr15_3776,15:66283625:A:G,15:66284501:C:T,DIS3L,3,0.024180125,5,0.04001836,0.007683753,DIS3L
chr6_14275,6:170080023:T:C,6:170087120:T:C,DLL1,50,0.033128631,39,0.017084936,0.004797939,DLL1
chr9_972,9:7859337:A:G,9:7863066:G:A,DMAC1,16,0.030525168,17,0.00647777,0.001884135,DMAC1
chr9_133,9:1015613:C:G,9:1020107:T:C,DMRT3,44,0.018345889,41,0.058363678,0.008393921,DMRT2
chr10_6005,10:67777396:T:C,10:67779307:G:A,DNAJC12,6,0.010679824,12,0.074083711,0.006441926,DNAJC12
chr11_798,11:6566874:C:A,11:6573713:T:A,DNHD1,27,0.007773841,31,0.116859782,0.007271021,DNHD1
chr2_17320,2:219389297:C:T,2:219393375:G:A,DNPEP,22,0.027389181,21,0.007520124,0.001954198,DNPEP
chr20_4381,20:54367304:G:A,20:54374380:G:A,DOK5,13,0.025207157,37,0.011819767,0.002716823,DOK5
chr2_9251,2:115436829:G:A,2:115438188:A:T,DPP10,12,0.04755806,7,0.006858731,0.002944837,DPP10
chr7_13015,7:153480408:A:T,7:153486375:T:C,DPP6,27,0.000772114,24,0.423521053,0.002951408,DPP6
chr7_13023,7:153548084:C:T,7:153548748:G:A,DPP6,3,0.00075874,4,0.736571543,0.004744552,DPP6
chr1_7995,1:98223291:C:T,1:98241000:T:G,DPYD,113,0.015427618,85,0.066332287,0.008068775,LINC01776
chr1_7915,1:97032617:C:T,1:97041897:G:A,DPYD,32,0.002300588,29,0.498101347,0.008905613,PTBP2
chr10_11206,10:132199471:T:G,10:132200499:T:G,DPYSL4,10,0.003045023,11,0.33078871,0.007957874,DPYSL4
chr4_3589,4:36494339:G:C,4:36501724:C:T,DTHD1,30,0.03988088,40,0.021799025,0.006996425,LINC02505
chr5_9407,5:118020922:C:T,5:118024339:G:A,DTWD2,21,0.017120874,19,0.016825098,0.002636427,LINC02147;LINC02208
chr2_6257,2:71639612:G:T,2:71650992:G:A,DYSF,74,0.0000209,53,0.304303066,0.0000824,DYSF
chr2_6260,2:71671916:G:C,2:71700547:A:T,DYSF,159,0.00096448,127,0.125076063,0.001209078,DYSF
chr2_6261,2:71701312:G:A,2:71708786:A:G,DYSF,55,0.000620608,40,0.37686325,0.002189317,DYSF
chr2_6259,2:71654112:A:G,2:71670552:C:T,DYSF,86,0.001277189,60,0.56338903,0.005926882,DYSF
chr8_3094,8:25746034:A:G,8:25747704:C:T,EBF2,12,0.028214608,9,0.018234118,0.004410218,CDCA2
chr3_616,3:5410416:G:A,3:5413579:T:G,EDEM1,24,0.002871199,14,0.094441312,0.002498142,EDEM1
chr7_3785,7:36234545:G:A,7:36289235:G:A,EEPD1,199,0.001527614,252,0.007921752,0.000149115,EEPD1
chr17_2527,17:30072362:A:C,17:30085197:G:C,EFCAB5,37,0.016362283,38,0.058826093,0.007648205,EFCAB5
chr22_2512,22:43581516:G:A,22:43589660:C:T,EFCAB6,28,0.000391887,36,0.786445913,0.002799906,EFCAB6
chr13_7363,13:106336543:C:T,13:106387284:C:T,EFNB2,251,0.000907384,238,0.312071976,0.002596508,LINC00460
chr8_11510,8:131914150:A:G,8:131938512:G:A,EFR3A,90,0.007054624,120,0.038587357,0.002506841,EFR3A
chr8_11505,8:131801730:C:T,8:131871112:G:T,EFR3A,263,0.004446176,298,0.123299456,0.004664646,EFR3A
chr14_1388,14:33952953:G:A,14:33953572:G:C,EGLN3,5,0.000252793,7,0.710707127,0.001729142,EGLN3
chr9_9912,9:137641672:C:T,9:137643639:C:T,EHMT1,10,0.027781565,12,0.015299408,0.003724776,EHMT1
chr11_3001,11:32550508:C:T,11:32555317:C:T,EIF3M,28,0.004264651,12,0.244252015,0.008194605,EIF3M
chr17_1480,17:13013039:T:A,17:13021023:A:G,ELAC2,36,0.00060489,56,0.15618368,0.000969982,ELAC2
chr9_2626,9:23295435:G:C,9:23297150:G:C,ELAVL2,8,0.00165452,2,0.595241924,0.007802917,ELAVL2
chr13_2336,13:43163401:A:G,13:43218336:G:T,ENOX1,230,0.004730849,267,0.14316034,0.005619607,ENOX1
chr13_2340,13:43236858:G:T,13:43238878:G:T,ENOX1,9,0.008448716,6,0.10880039,0.007346417,ENOX1
chr3_7603,3:89534016:G:A,3:89535862:G:A,EPHA3,16,0.000993939,10,0.099810091,0.00101371,EPHA3
chr3_7595,3:89467045:A:G,3:89480908:C:T,EPHA3,53,0.001440991,69,0.224372151,0.002921786,EPHA3
chr3_7567,3:89182796:C:T,3:89193969:C:G,EPHA3,58,0.000691098,67,0.528938057,0.003258535,EPHA3
chr3_7571,3:89208855:A:T,3:89217115:G:C,EPHA3,34,0.012791598,41,0.035435282,0.003943036,EPHA3
chr3_7598,3:89516443:G:A,3:89521118:T:G,EPHA3,24,0.001495644,20,0.417355074,0.005230306,EPHA3
chr3_7583,3:89351754:T:C,3:89355681:G:A,EPHA3,20,0.000955419,17,0.822998558,0.006406967,EPHA3
chr3_7606,3:89542003:T:G,3:89582366:G:A,EPHA3,211,0.005999865,163,0.142196998,0.006882089,EPHA3
chr2_17505,2:221759801:G:A,2:221763262:C:T,EPHA4,22,0.008200974,11,0.072131363,0.004988383,EPHA4
chr3_8067,3:97556325:T:C,3:97574615:A:G,EPHA6,68,0.001805433,69,0.411562991,0.006096532,EPHA6
chr6_7846,6:92161321:A:G,6:92175579:A:G,EPHA7,66,0.029631339,53,0.02053549,0.005114103,.
chr6_7904,6:92816526:G:C,6:92826970:G:A,EPHA7,46,0.03412763,79,0.025293722,0.006953063,EPHA7
chr6_7840,6:92115074:G:A,6:92126354:C:T,EPHA7,46,0.01713037,77,0.057267783,0.007776453,.
chr1_9012,1:109774750:C:A,1:109781021:T:C,EPS8L3,35,0.009019984,52,0.05499049,0.004270133,GSTM5
chr2_16671,2:211841415:C:T,2:211844117:T:C,ERBB4,18,0.01542077,15,0.008929924,0.001361969,ERBB4
chr13_2529,13:45621351:T:C,13:45629919:A:G,ERICH6B,48,0.049535101,24,0.009016962,0.003892037,SPERT
chr13_2526,13:45611366:C:T,13:45613940:C:A,ERICH6B,9,0.006860265,7,0.132818395,0.007290068,ERICH6B
chr1_15247,1:216800715:C:T,1:216802493:C:G,ESRRG,13,0.00253113,13,0.308866515,0.006374594,ESRRG
chr3_11293,3:138434364:G:T,3:138465301:T:A,ESYT3,114,0.0009306,124,0.147494684,0.001357987,ESYT3
chr2_5861,2:67141265:T:A,2:67160649:G:A,ETAA1,74,0.005738238,72,0.03931847,0.002120064,LINC01829;LINC01828
chr21_2430,21:38810197:T:C,21:38828206:G:A,ETS2,63,0.036157354,74,0.025059147,0.007254371,ETS2
chr7_1757,7:13859710:C:T,7:13859810:G:T,ETV1,5,0.008072498,2,0.095663715,0.006306315,ETV1
chr7_11005,7:133591794:G:A,7:133598707:G:T,EXOC4,20,0.003405114,22,0.211075928,0.005920971,EXOC4
chr14_3264,14:57049918:T:C,14:57057609:G:A,EXOC5,27,0.000930143,41,0.092589405,0.000892197,OTX2-AS1
chr11_4066,11:44095686:C:G,11:44103442:A:G,EXT2,29,0.008974841,29,0.119303728,0.00839391,EXT2
chr6_5613,6:64745319:A:G,6:64745677:G:A,EYS,4,0.015327479,1,0.066252328,0.008014576,EYS
chr11_5253,11:61832163:G:T,11:61867373:C:T,FADS2,156,0.009290375,172,0.104858841,0.007729047,FADS2
chr7_2649,7:23043141:G:T,7:23045166:C:G,FAM126A,14,0.023426128,7,0.016411837,0.003407772,FAM126A
chr8_1611,8:11404988:T:G,8:11422958:G:A,FAM167A,118,0.005802093,132,0.10467249,0.005105404,FAM167A;FAM167A-AS1
chr5_9549,5:119674517:G:A,5:119678773:C:T,FAM170A,14,0.003738156,19,0.033041439,0.001235036,FAM170A
chr8_11278,8:129591574:T:C,8:129605558:T:A,FAM49B,46,0.028962946,55,0.028806622,0.006748759,CCDC26
chr10_7561,10:89034338:G:T,10:89064136:G:C,FAS,98,0.010833549,149,0.037857635,0.003608769,MIR4679-1;MIR4679-2
chr11_7936,11:91299263:A:T,11:91308177:C:T,FAT3,35,0.005192798,51,0.083601978,0.003795222,.
chr11_7945,11:91427514:C:T,11:91432248:C:G,FAT3,25,0.011724865,50,0.038511017,0.003929656,FAT3
chr2_6391,2:73286387:G:A,2:73288120:G:C,FBXO41,10,0.048242856,9,0.008268321,0.003520912,FBXO41
chr4_14873,4:173920759:T:C,4:173948947:C:A,FBXO8,133,0.021823723,130,0.012556607,0.002521715,LINC02269
chr4_14884,4:174041868:A:G,4:174069388:C:G,FBXO8,141,0.006102195,151,0.065813791,0.003542201,CEP44
chr1_11055,1:161475669:C:T,1:161477699:G:A,FCGR2A,9,0.001350172,7,0.757330572,0.008063112,FCGR2A
chr7_2315,7:19346788:T:A,7:19357927:C:G,FERD3L,52,0.004109884,99,0.022081547,0.000935421,FERD3L
chr8_2283,8:16903968:T:C,8:16905057:G:A,FGF20,5,0.026572393,6,0.012540596,0.003001324,FGF20
chr4_1935,4:15915708:G:A,4:15933307:G:A,FGFBP1,80,0.007923873,86,0.021705733,0.001662842,FGFBP1
chr12_2420,12:26945598:C:T,12:26949300:T:A,FGFR1OP2,20,0.003266584,19,0.100469173,0.002960911,FGFR1OP2
chr2_8461,2:105572030:G:A,2:105586295:A:G,FHL2,83,0.00043829,100,0.169357552,0.000780013,NCK2
chr11_2617,11:26972561:G:A,11:26977321:A:G,FIBIN,31,0.042637118,30,0.026048491,0.008666072,FIBIN
chr14_5352,14:84052223:G:A,14:84059153:G:A,FLRT2,54,0.010146733,25,0.086115072,0.007027581,.
chr3_13977,3:172206574:A:G,3:172207701:A:C,FNDC3B,7,0.016212732,2,0.034321419,0.004726404,FNDC3B
chr11_4516,11:49511559:A:G,11:49530553:G:A,FOLH1,47,0.003329997,54,0.284828059,0.007550493,FOLH1
chr14_1656,14:37586894:T:A,14:37587969:C:T,FOXA1,4,0.002706158,4,0.29153138,0.006425703,FOXA1
chr14_883,14:28448908:G:C,14:28451610:A:G,FOXG1,14,0.022302971,12,0.011248287,0.002330729,FOXG1
chr7_621,7:4547703:G:A,7:4576205:C:A,FOXK1,186,0.021243325,168,0.025926843,0.004683872,FOXK1
chr7_630,7:4634835:T:C,7:4636414:G:A,FOXK1,18,0.047817479,15,0.019246645,0.007354125,FOXK1
chr7_9650,7:114530867:C:G,7:114533337:G:A,FOXP2,7,0.010429944,11,0.069862922,0.005992767,FOXP2
chr4_6857,4:78249471:C:T,4:78251588:A:G,FRAS1,11,0.007423013,16,0.047407889,0.003150341,FRAS1
chr9_5184,9:83273891:C:T,9:83281648:C:T,FRMD3,50,0.002877377,38,0.108887752,0.002841204,RNU4-29P;FRMD3
chr9_5172,9:83198413:T:C,9:83199930:G:A,FRMD3,11,0.001284357,9,0.351223861,0.003926269,RASEF
chr9_5194,9:83364854:G:A,9:83382155:A:G,FRMD3,92,0.002279641,83,0.359546771,0.006644513,FRMD3
chr9_5180,9:83251756:G:A,9:83253320:A:G,FRMD3,10,0.004974198,11,0.181103784,0.007217737,FRMD3
chr4_4531,4:48597393:T:G,4:48600665:G:T,FRYL,9,0.012968362,8,0.050075077,0.005415586,FRYL
chr4_13721,4:161701287:C:G,4:161701851:C:T,FSTL5,5,0.042851634,4,0.016326112,0.005782199,FSTL5
chr4_13716,4:161675702:A:G,4:161677311:T:C,FSTL5,25,0.021491896,19,0.035176222,0.006189753,FSTL5
chr5_9740,5:121668622:A:G,5:121669607:G:A,FTMT,8,0.038185715,8,0.00716529,0.002518268,FTMT
chr11_10142,11:117814561:C:T,11:117833515:G:T,FXYD2,103,0.002072116,101,0.406378209,0.006803578,FXYD2;FXYD6-FXYD2;DSCAML1
chr7_7943,7:91480861:G:A,7:91480861:G:A,FZD1,1,0.000174617,1,0.181616665,0.000360226,FZD1
chr5_12923,5:161355000:C:T,5:161355000:C:T,GABRB2,1,0.010196533,1,0.053034547,0.00460871,GABRB2
chr9_5786,9:89637453:C:T,9:89640312:C:T,GADD45G,15,0.000584942,21,0.304009242,0.001713315,GADD45G
chr14_4173,14:69268468:G:T,14:69269361:G:A,GALNT16,7,0.018165365,2,0.001881592,0.000385681,GALNT16
chr2_13258,2:165784133:C:T,2:165789370:C:T,GALNT3,27,0.004780315,23,0.192180996,0.007342656,GALNT3
chr2_13255,2:165771773:A:T,2:165776796:C:T,GALNT3,28,0.002164409,10,0.444747972,0.007648812,GALNT3
chr7_12828,7:151963662:T:C,7:151975195:G:T,GALNTL5,66,0.004306996,66,0.25756835,0.008657318,GALNTL5
chr9_5526,9:87217215:C:T,9:87217738:C:T,GAS1,5,0.001196962,3,0.229942251,0.002531557,GAS1
chr3_6930,3:81488186:C:T,3:81497511:G:A,GBE1,27,0.00112677,30,0.452292216,0.00437355,GBE1
chr1_7390,1:89273647:C:T,1:89275777:C:T,GBP5,9,0.032280824,11,0.01510318,0.004205611,GBP5
chr6_1177,6:10625030:C:A,6:10633502:C:A,GCNT2,45,0.022860711,26,0.012065178,0.002536363,GCNT2
chr6_1175,6:10604139:C:T,6:10614240:T:C,GCNT2,36,0.000916093,65,0.753819142,0.005716521,GCNT2
chr19_1518,19:12734778:C:T,19:12739375:A:G,GET3,26,0.001056151,9,0.139792747,0.001449954,GET3
chr7_139,7:885911:G:A,7:889574:C:T,GET4,33,0.023114892,36,0.045939402,0.00833336,GET4;SUN1
chr3_12918,3:158668750:G:A,3:158692840:C:T,GFM1,108,0.0000661,115,0.675689085,0.000491841,GFM1;LXN
chr8_2733,8:21468780:G:A,8:21472009:C:T,GFRA2,19,0.016011925,22,0.045155234,0.00595197,GFRA2
chr6_7447,6:87274950:G:A,6:87286079:A:T,GJB7,37,0.00059256,43,0.296708837,0.001695949,GJB7
chr7_4246,7:42469717:G:A,7:42480667:A:G,GLI3,42,0.029178548,49,0.003359324,0.00100278,GLI3
chr1_12723,1:182227066:A:G,1:182239070:T:C,GLUL,40,0.019903141,45,0.041979138,0.006757208,LINC01344
chr11_5021,11:58699802:C:G,11:58704437:A:T,GLYAT,26,0.009018486,26,0.118274237,0.008366015,GLYAT
chr3_15608,3:190952770:C:T,3:190955155:G:A,GMNC,24,0.024229108,21,0.042842295,0.008169747,GMNC
chr9_5411,9:86072994:G:A,9:86087390:A:C,GOLM1,63,0.001430823,94,0.764658991,0.008553423,GOLM1
chr16_4493,16:59673221:C:G,16:59679798:C:T,GOT2,20,0.015027747,58,0.002634669,0.000440943,GOT2
chr4_7255,4:83815761:G:T,4:83821605:G:T,GPAT3,34,0.002445678,34,0.109349597,0.002467516,GPAT3
chr1_15292,1:217364807:T:C,1:217369046:T:A,GPATCH2,27,0.009691359,29,0.013568565,0.001306631,GPATCH2
chr1_15290,1:217354031:T:C,1:217357371:C:T,GPATCH2,21,0.008140094,12,0.049372197,0.003544435,GPATCH2
chr1_15289,1:217343140:G:C,1:217352871:C:T,GPATCH2,67,0.019879772,46,0.056410096,0.008739404,GPATCH2
chr2_19206,2:240411425:A:C,2:240419465:C:T,GPC1,53,0.014631228,71,0.025539058,0.003322708,GPC1
chr13_6183,13:93149795:T:C,13:93153218:C:T,GPC6,17,0.00420115,14,0.211983524,0.007145653,GPC6
chr13_6304,13:94624346:A:G,13:94637429:A:T,GPR180,51,0.049282595,55,0.00665017,0.002957274,GPR180
chr5_12261,5:153631593:G:A,5:153639603:T:C,GRIA1,31,0.008501447,46,0.033435709,0.002605353,GRIA1
chr6_8640,6:102813503:C:T,6:102822313:G:A,GRIK2,44,0.006214753,56,0.10523484,0.005449455,.
chr2_11730,2:143867372:C:T,2:143908063:C:T,GTDC1,103,0.016117626,159,0.022409203,0.003223966,GTDC1
chr2_11737,2:143998089:G:A,2:144129438:T:C,GTDC1,326,0.044868925,338,0.023213016,0.008193873,GTDC1
chr11_9284,11:107150597:G:A,11:107150993:A:G,GUCY1A2,4,0.041249587,2,0.00754199,0.002823388,GUCY1A2
NA,12:42054981:A:G,12:42054981:A:G,GXYLT1,1,0.002536532,NA,NA,0.002536532,GXYLT1
chr5_10903,5:135388543:C:A,5:135396189:G:A,H2AFY,29,0.001811555,20,0.166307068,0.002743853,MACROH2A1
chr1_1082,1:9213465:T:C,1:9262842:T:C,H6PD,269,0.007346775,237,0.072829303,0.004565741,H6PD
chr6_8760,6:104190565:C:T,6:104193436:A:G,HACE1,17,0.000240736,21,0.23805873,0.000617052,HACE1
chr6_8705,6:103483064:C:T,6:103489269:G:A,HACE1,69,0.005418209,103,0.023442283,0.001266494,.
chr6_8708,6:103496820:C:A,6:103500504:A:G,HACE1,33,0.007965867,38,0.059200408,0.00408363,.
chr4_14867,4:173752315:A:G,4:173787039:C:T,HAND2,155,0.017373641,158,0.004464495,0.000811666,LINC02269
chr20_836,20:7319158:C:T,20:7350562:G:A,HAO1,162,0.004561752,162,0.109439385,0.004294639,LINC01706
chr20_845,20:7423158:G:A,20:7426425:G:A,HAO1,18,0.000888639,20,0.803571881,0.005887279,HAO1
chr20_847,20:7429153:G:A,20:7440281:T:A,HAO1,65,0.000775498,52,0.92292958,0.005899197,HAO1
chr7_7252,7:81813622:T:A,7:81863666:A:G,HGF,178,0.004840302,190,0.030595968,0.001453935,HGF
chr1_15615,1:222223476:T:G,1:222230648:C:T,HHIPL2,31,0.036950675,24,0.016693632,0.00517585,HHIPL2
chr10_8658,10:102075780:C:T,10:102077361:G:C,HPS6,10,0.003158161,8,0.118342667,0.003323318,HPS6
chr17_1680,17:14678136:G:A,17:14710844:G:A,HS3ST3B1,239,0.024186823,199,0.042383658,0.008081007,RPS18P12
chr2_10383,2:128649164:T:A,2:128650357:G:A,HS6ST1,14,0.014222258,9,0.056966991,0.006577384,HS6ST1
chr12_9574,12:119213114:C:A,12:119213380:A:T,HSPB8,4,0.03042509,6,0.002638358,0.000837247,HSPB8
chr6_6590,6:77088705:G:T,6:77094205:G:A,HTR1B,25,0.01676635,19,0.027855992,0.00404884,HTR1B
chr6_7407,6:86844535:A:G,6:86844535:A:G,HTR1E,1,0.002241568,1,0.148309472,0.002995015,HTR1E
chr6_7423,6:86894229:G:T,6:86897938:G:C,HTR1E,25,0.011061748,18,0.038607158,0.003740462,HTR1E
chr3_7457,3:87998604:G:A,3:87999526:T:A,HTR1F,4,0.01360282,3,0.027759682,0.003353799,HTR1F
chr3_7450,3:87942642:G:A,3:87942642:G:A,HTR1F,1,0.011757285,1,0.08158719,0.00762538,HTR1F
chr13_2643,13:46832358:C:T,13:46832409:A:T,HTR2A,2,0.017579787,1,0.032127911,0.004788975,HTR2A
chr10_10250,10:122529339:C:T,10:122534000:C:T,HTRA1,15,0.038411069,32,0.014404375,0.00470274,DMBT1
chr2_941,2:8559569:C:T,2:8561052:G:A,ID2,5,0.000656664,8,0.280907819,0.001770479,LINC01814
chr2_896,2:7878990:C:G,2:7888437:G:A,ID2,63,0.010398741,45,0.055437259,0.004876179,ID2
chr2_904,2:7945457:T:G,2:7960760:G:A,ID2,94,0.009472268,93,0.100743229,0.00759078,LINC00298
chr2_908,2:7980153:G:A,2:7983179:G:A,ID2,21,0.001353501,13,0.73898045,0.007909209,LINC00298
chr3_10585,3:129508946:T:C,3:129515164:G:A,IFT122,30,0.018659113,21,0.042906567,0.006508987,IFT122
chr4_5008,4:57427604:C:T,4:57428964:C:T,IGFBP7,9,0.030202831,13,0.024618672,0.006100166,LINC02380
chr2_7668,2:90026547:C:T,2:90035554:A:T,IGKV3D-20,9,0.023889364,12,0.005882855,0.001387112,.
chr3_12364,3:151463202:C:T,3:151481015:G:C,IGSF10,67,0.011941252,109,0.001882905,0.000263126,MRPL42P6
chr3_9831,3:119077944:T:A,3:119088446:T:C,IGSF11,46,0.009441154,67,0.111775209,0.008288163,IGSF11
chr1_1867,1:18316515:T:C,1:18328303:G:A,IGSF21,64,0.007524198,83,0.145095469,0.008537299,IGSF21
chr5_12761,5:159505687:A:G,5:159591323:C:T,IL12B,336,0.029383505,395,0.010738341,0.002859099,IL12B
chr19_2038,19:18067666:G:A,19:18083718:A:G,IL12RB1,81,0.001966036,91,0.360110331,0.005843097,IL12RB1
chr16_5213,16:70589036:G:T,16:70589282:A:G,IL34,4,0.02214113,2,0.00545445,0.001210291,IL34
chr8_7146,8:78928818:T:G,8:78940094:G:A,IL7,65,0.034845649,84,0.001126107,0.000437361,IL7
chr19_1327,19:10686523:C:T,19:10694877:C:T,ILF3,44,0.019778164,32,0.030779629,0.005116105,ILF3
chr6_6538,6:76648519:G:T,6:76650553:C:T,IMPG1,6,0.016403391,11,0.010230058,0.001626508,IMPG1
NA,6:76372281:C:G,6:76372281:C:G,IMPG1,1,0.00230682,NA,NA,0.00230682,IMPG1
NA,6:76372860:A:G,6:76372860:A:G,IMPG1,1,0.00230682,NA,NA,0.00230682,IMPG1
chr6_6547,6:76686219:T:C,6:76687939:A:G,IMPG1,6,0.012940507,10,0.050696363,0.005464322,IMPG1
chr2_9508,2:118116831:G:T,2:118136738:C:A,INSIG2,53,0.002452766,105,0.053631069,0.001307047,THORLNC
chr6_6743,6:78565375:T:C,6:78572076:C:G,IRAK1BP1,35,0.028023299,33,0.006980515,0.00186606,IRAK1BP1
chr5_515,5:3449470:T:C,5:3452839:C:T,IRX1,23,0.006000148,26,0.036902464,0.002084771,LINC02162;LINC01019
chr5_488,5:3298562:A:C,5:3299951:T:C,IRX1,12,0.001902047,16,0.142125377,0.002491318,IRX1
chr5_562,5:3893644:C:A,5:3899716:C:A,IRX1,62,0.01271104,25,0.025269132,0.002904731,IRX1
chr17_3654,17:47250390:T:C,17:47286711:C:G,ITGB3,106,0.0000235,167,0.461439449,0.000134818,RNU7-186P;ITGB3
chr6_12387,6:150516908:G:A,6:150519254:C:T,IYD,16,0.007176607,20,0.102356125,0.00603539,IYD
chr1_5548,1:64982314:A:G,1:64984591:T:A,JAK1,12,0.010413085,13,0.043751282,0.00396083,LINC01359;JAK1
chr4_6216,4:70668570:A:C,4:70675853:A:C,JCHAIN,28,0.000646789,10,0.782764876,0.004348173,JCHAIN
chr14_4675,14:75464575:C:T,14:75464909:G:A,JDP2,4,0.045903588,2,0.003947341,0.001742378,JDP2
chr3_10160,3:124706416:T:C,3:124709351:C:A,KALRN,9,0.00301807,12,0.229977005,0.00574212,KALRN
chr3_10133,3:124226607:C:T,3:124227357:G:A,KALRN,6,0.023304167,6,0.045246049,0.008282231,KALRN
chr9_83,9:758991:T:C,9:761605:G:A,KANK1,26,0.0044873,14,0.097617895,0.003825497,DMRT1
chr10_8573,10:101070078:C:T,10:101074419:T:C,KAZALD1,24,0.02851269,21,0.013134897,0.003329363,KAZALD1
chr3_5629,3:66751679:C:T,3:66752655:A:T,KBTBD8,7,0.002602007,10,0.22572106,0.004957004,KBTBD8
chr3_5641,3:66844131:C:T,3:66844272:T:C,KBTBD8,5,0.002190796,1,0.491106499,0.008429341,KBTBD8
chr12_6304,12:74978659:G:A,12:74983967:G:C,KCNC2,18,0.021785557,23,0.033639539,0.006023023,KCNC2
chr1_14820,1:210956977:G:A,1:210967662:T:C,KCNH1,42,0.024739642,52,0.045497026,0.008767658,KCNH1
chr3_1793,3:18824196:A:G,3:18825923:T:C,KCNH8,8,0.001851607,11,0.392293616,0.005976201,SATB1-AS1
chr2_12469,2:154978992:T:C,2:154979150:A:G,KCNJ3,2,0.014305878,1,0.011650415,0.00161661,KCNJ3
chr11_11124,11:128924893:C:T,11:128929276:G:A,KCNJ5,36,0.005039075,38,0.137641386,0.005738473,TP53AIP1
chr8_12211,8:139511170:T:C,8:139511417:G:A,KCNK9,3,0.046477253,2,0.011437592,0.00453957,KCNK9
chr8_12218,8:139522093:T:C,8:139527400:T:C,KCNK9,38,0.011841689,50,0.084326784,0.007897887,KCNK9
chr3_14543,3:178703704:G:A,3:178709287:A:G,KCNMB2,27,0.006248759,33,0.065058316,0.003580685,KCNMB2;KCNMB2-AS1
chr5_9023,5:114009641:T:C,5:114037617:T:C,KCNN2,173,0.015217146,155,0.039016545,0.00500453,KCNN2
chr6_6239,6:73056464:G:A,6:73076502:T:C,KCNQ5,85,0.048536004,77,0.00430519,0.001979527,KCNQ5
chr1_13773,1:196308228:G:T,1:196311670:T:A,KCNT2,17,0.033467022,9,0.032794182,0.008576816,KCNT2
chr1_14211,1:202735989:A:C,1:202739272:T:C,KDM5B,12,0.028978042,11,0.031744233,0.007351047,KDM5B
chr1_12193,1:175227753:A:G,1:175229935:C:T,KIAA0040,13,0.007198197,10,0.008399126,0.000647726,KIAA0040
chr4_4885,4:56051441:A:T,4:56051496:A:G,KIAA1211,2,0.013960278,2,0.077362783,0.008457299,CRACD
chr17_633,17:5008593:T:C,17:5013308:G:A,KIF1C,17,0.044241538,18,0.000324604,0.0001745,KIF1C
chr1_17706,1:245133986:A:G,1:245150089:G:A,KIF26B,65,0.020506386,74,0.035151632,0.005936134,RNU1-132P
chr9_5220,9:83882510:C:T,9:83886126:A:G,KIF27,7,0.026245892,4,0.000551925,0.000175891,KIF27
chr5_5156,5:61972635:T:C,5:61975793:G:A,KIF2A,13,0.000169092,16,0.046496379,0.00010027,KIF2A
chr17_4032,17:53230803:A:C,17:53241720:T:A,KIF2B,58,0.049306945,52,0.002415837,0.001195392,KIF2B
chr17_4101,17:53948241:A:T,17:53974330:G:A,KIF2B,130,0.001163289,111,0.218965704,0.002362619,KIF2B
chr17_4103,17:53981066:A:G,17:53987577:T:C,KIF2B,26,0.002994087,26,0.337799589,0.007986448,KIF2B
chr6_4986,6:53655241:T:C,6:53665421:A:G,KLHL31,66,0.014889618,67,0.05700989,0.00685164,KLHL31
chr15_1727,15:40388427:G:A,15:40419639:G:A,KNSTRN,150,0.0081571,118,0.139053909,0.008826669,IVD;KNSTRN
chr13_2862,13:49736165:T:C,13:49736715:C:T,KPNA3,2,0.032050191,3,0.005965451,0.001828238,KPNA3
chr22_1139,22:29098997:C:T,22:29101018:G:A,KREMEN1,13,0.003542997,17,0.094500117,0.003013971,KREMEN1
chr17_3263,17:41579985:A:G,17:41585473:C:T,KRT14,26,0.017399576,24,0.037486704,0.005436578,KRT14
chr12_9405,12:117451760:G:A,12:117454862:A:G,KSR2,24,0.018599269,9,0.028702724,0.004556618,KSR2;NOS1
chr6_10544,6:128723310:C:T,6:128773210:A:G,LAMA2,231,0.003852178,224,0.084360996,0.002935086,LAMA2
chr1_2887,1:30777569:G:A,1:30780148:G:A,LAPTM5,15,0.03252627,19,0.00434397,0.001393811,LAPTM5
chr2_2672,2:30646076:C:T,2:30652664:G:C,LCLAT1,36,0.036491846,63,0.001862264,0.00072012,CAPN13
NA,3:156969653:C:A,3:156969815:A:G,LEKR1,2,0.00633511,NA,NA,0.00633511,LEKR1
chr1_13914,1:197917553:C:A,1:197929226:C:T,LHX9,44,0.007621805,39,0.000130607,0.0000148,LHX9
chr1_13915,1:197931317:G:A,1:197932140:T:C,LHX9,5,0.043577507,4,0.001767239,0.000806434,LHX9
chr13_7488,13:108056137:T:C,13:108065421:T:C,LIG4,42,0.014803443,63,0.033329643,0.004250192,LIG4
chr19_5491,19:54733691:G:A,19:54734024:A:T,LILRB4,5,0.01328898,3,0.071101061,0.007525317,KIR3DL3
chr14_4593,14:74182037:G:T,14:74211420:T:C,LIN52,119,0.001116302,122,0.823127041,0.007343866,LIN52
NA,17:45506031:C:T,17:45508326:G:A,LINC02210-CRHR1,4,0.003073664,NA,NA,0.003073664,LRRC37A4P
chr17_2006,17:18237146:T:C,17:18248402:C:T,LLGL1,59,0.017044522,52,0.036939947,0.005270195,FLII;LLGL1
chr1_14149,1:201930572:G:A,1:201933229:C:T,LMOD1,15,0.0000766,7,0.875697961,0.000711286,LMOD1
chr5_212,5:1446005:G:A,5:1449942:A:G,LPCAT1,18,0.016808784,21,0.029665146,0.004290074,SLC6A3
chr20_3249,20:41339129:C:T,20:41418717:C:G,LPIN3,268,0.010179113,351,0.065868167,0.00557002,EMILIN3;LPIN3;CHD6
chr2_1334,2:13851943:C:T,2:13897630:A:G,LRATD1,216,0.039170666,234,0.004559317,0.001719909,LINC00276
NA,14:41183650:A:C,14:41184774:C:T,LRFN5,6,0.007712392,NA,NA,0.007712392,LRFN5
chr10_6666,10:76618134:A:G,10:76631480:C:T,LRMDA,52,0.006035964,56,0.175706265,0.008324268,.
chr2_11593,2:142239596:A:C,2:142250137:C:T,LRP1B,47,0.016119996,63,0.020391586,0.002965092,LRP1B
chr11_6622,11:76620650:G:T,11:76620882:C:T,LRRC32,2,0.013512649,1,0.020824102,0.00258196,LINC02757
chr1_4637,1:53975367:T:G,1:53997678:C:T,LRRC42,81,0.020465132,95,0.012943426,0.002446567,HNRNPA3P12
chr11_3809,11:41276716:C:G,11:41276716:C:G,LRRC4C,1,0.049534613,1,0.013856423,0.005685972,LRRC4C
chr17_1869,17:16448039:G:C,17:16448279:G:A,LRRC75A,2,0.025880648,1,0.030630649,0.006452923,LRRC75A;SNHG29
chr12_7034,12:85199014:C:T,12:85216981:A:G,LRRIQ1,70,0.003324328,50,0.155107108,0.004418989,LRRIQ1
chr1_6240,1:73547928:G:A,1:73551463:T:C,LRRIQ3,19,0.010012647,15,0.082203439,0.006668928,LRRIQ3
chr12_3564,12:40422716:C:T,12:40422716:C:T,LRRK2,1,0.008962374,1,0.120665734,0.008467171,MUC19
chr2_6738,2:77038036:A:T,2:77040159:T:C,LRRTM4,25,0.001364166,11,0.47739257,0.00542917,LRRTM4
chr3_9740,3:117970597:G:A,3:117984305:C:T,LSAMP,62,0.006576629,64,0.117857381,0.006326799,.
chr7_6898,7:78243077:A:G,7:78249769:T:C,MAGI2,31,0.000262466,43,0.361795168,0.000974475,MAGI2
chr1_9319,1:113602650:G:A,1:113621402:T:G,MAGI3,72,0.011634683,74,0.086295116,0.007935491,MAGI3
chr10_2249,10:19343503:C:G,10:19353502:G:C,MALRD1,50,0.005791752,67,0.19402948,0.00875537,MALRD1
chr5_8664,5:110068802:T:C,5:110071493:A:G,MAN2A1,27,0.019391396,34,0.011053018,0.002025018,MAN2A1
chr6_8064,6:94694006:C:G,6:94709611:T:C,MANEA,89,0.034895817,82,0.004191593,0.001437834,MANEA
chr6_8056,6:94519741:C:T,6:94525121:T:C,MANEA,22,0.013051972,23,0.01928133,0.00233727,.
chr6_8091,6:94875322:A:G,6:94877593:A:G,MANEA,24,0.011812824,10,0.022408703,0.002445094,MANEA
chr6_8089,6:94870375:G:A,6:94871533:C:T,MANEA,7,0.006581736,5,0.051264371,0.003034725,MANEA
chr6_8087,6:94864816:G:A,6:94868931:C:T,MANEA,33,0.032354451,17,0.019243697,0.00521853,MANEA
chr6_8090,6:94872402:A:T,6:94874648:T:G,MANEA,28,0.031723464,17,0.025121572,0.006482916,MANEA
chr12_4641,12:53487383:G:A,12:53489554:G:A,MAP3K12,15,0.032342181,13,0.027762838,0.007197149,MAP3K12
chr6_7826,6:91762079:C:T,6:91774948:A:T,MAP3K7,63,0.001991863,62,0.036026112,0.000756498,.
chr6_7771,6:91144756:T:C,6:91169367:C:T,MAP3K7,102,0.0001494,95,0.759173029,0.001143775,MAP3K7
chr6_7789,6:91373509:T:G,6:91386664:C:G,MAP3K7,81,0.003856788,78,0.041237827,0.001550109,MAP3K7
chr6_7825,6:91728149:T:C,6:91761079:T:C,MAP3K7,150,0.003083449,174,0.14025095,0.003782279,RN7SL415P
chr6_7786,6:91326226:C:T,6:91370741:C:G,MAP3K7,204,0.019690274,191,0.035932905,0.005839753,MAP3K7
chr6_7788,6:91372656:A:T,6:91372847:G:A,MAP3K7,2,0.006442407,2,0.148648051,0.007614311,MAP3K7
chr4_7472,4:86474613:C:G,4:86482921:G:C,MAPK10,25,0.002025302,34,0.325382686,0.005486021,MAPK10
chr18_3799,18:50548078:C:T,18:50548250:G:T,MAPK4,3,0.024411285,4,0.021979098,0.00457687,MAPK4
chr17_3592,17:46065290:T:C,17:46066848:T:C,MAPT,5,0.001163856,7,0.418080528,0.004198308,KANSL1
chr17_3590,17:46052614:A:C,17:46057926:C:G,MAPT,15,0.00157155,43,0.675398603,0.008330199,KANSL1
chr1_1239,1:11042209:T:C,1:11058789:C:T,MASP2,108,0.028302493,84,0.012938682,0.003263672,MASP2;SRM
chr5_5583,5:66800266:G:T,5:66804732:T:C,MAST4,18,0.000412103,26,0.383715486,0.001542102,MAST4
chr18_4063,18:54097774:A:T,18:54133201:C:T,MBD2,113,0.001773091,112,0.121394091,0.002032697,MBD2
chr18_4052,18:54022013:G:A,18:54025885:C:A,MBD2,27,0.000434198,34,0.827000933,0.003207308,MBD2
chr18_4058,18:54077100:C:T,18:54077484:A:T,MBD2,3,0.003574665,3,0.254407887,0.007277839,MBD2
chr18_4051,18:53904887:C:T,18:54021172:G:A,MBD2,468,0.001625185,885,0.62264837,0.007990016,MBD2
chr18_4495,18:60609338:A:C,18:60647305:C:T,MC4R,201,0.002751354,205,0.192948031,0.004534144,MC4R
chr8_1141,8:6442812:T:C,8:6454864:G:A,MCPH1,89,0.000170733,80,0.536292137,0.000942958,MCPH1
chr8_1144,8:6460492:A:G,8:6463337:T:C,MCPH1,17,0.00041061,26,0.497026065,0.001938181,MCPH1
chr8_1140,8:6431801:C:G,8:6442150:T:C,MCPH1,67,0.001256694,71,0.505934573,0.005315724,MCPH1
chr10_6396,10:72803019:G:A,10:72820804:G:A,MCU,80,0.01150739,48,0.058738985,0.005609845,MCU
chr12_5830,12:68367827:G:A,12:68373404:T:C,MDM1,23,0.035373981,26,0.023551088,0.006740046,LINC02384
chr12_9287,12:115644074:G:A,12:115663576:G:C,MED13L,104,0.00983249,110,0.066203719,0.005427002,MED13L
chr5_7108,5:89080433:A:G,5:89080861:A:G,MEF2C,4,0.001569244,1,0.245439707,0.00341319,MEF2C-AS1
chr18_171,18:1770118:A:G,18:1774070:T:A,METTL4,27,0.000968072,33,0.363512045,0.003150313,METTL4
chr3_12928,3:158868756:T:C,3:158887083:T:C,MFSD1,80,0.001832381,94,0.249986916,0.003979946,MFSD1
chr12_7112,12:86276166:T:C,12:86287247:T:G,MGAT4C,60,0.001590178,68,0.393285172,0.005239001,MGAT4C
chr12_7109,12:86193783:T:G,12:86207818:A:G,MGAT4C,55,0.002958559,83,0.252909086,0.006133958,MGAT4C
chr10_10898,10:129412169:T:G,10:129414519:G:C,MGMT,13,0.002653539,17,0.259934173,0.005710532,MGMT
chr22_204,22:17985623:T:G,22:17993175:T:C,MICAL3,37,0.002242285,52,0.053490958,0.001202838,MICAL3
chr13_554,13:23719427:G:A,13:23730689:A:G,MIPEP,41,0.048261233,48,0.009990518,0.004164489,MIPEP
NA,14:37239411:A:T,14:37239411:A:T,MIPOL1,1,0.002256318,NA,NA,0.002256318,MIPOL1
chr14_2287,14:45522074:C:G,14:45531467:T:G,MIS18BP1,47,0.046525787,43,0.006938852,0.002917906,MIS18BP1
chr3_12913,3:158616716:G:T,3:158632395:A:C,MLF1,68,0.045814116,88,0.010091959,0.004012855,GFM1
chr3_12909,3:158564105:T:A,3:158567741:T:C,MLF1,22,0.012203097,21,0.041810335,0.004377995,MLF1
chr12_8845,12:109551794:T:C,12:109569268:A:G,MMAB,71,0.029355463,97,0.03197729,0.007482448,RNU4-32P;MMAB
chr4_13037,4:153346353:C:T,4:153394409:G:C,MND1,183,0.036138301,195,0.005937308,0.002026967,RN7SL419P;MND1
chr4_13039,4:153414608:T:C,4:153459746:A:G,MND1,192,0.039975312,252,0.009836084,0.003476361,MND1
chr6_10807,6:132161921:A:G,6:132167723:G:T,MOXD1,44,0.042902766,29,0.010824068,0.004028426,LINC01013
chr6_10806,6:132095678:A:T,6:132160660:T:C,MOXD1,262,0.047440965,256,0.02104838,0.007897776,MIR548AJ1;LINC01013
chr13_137,13:19644746:C:T,13:19648302:T:G,MPHOSPH8,15,0.0000513,15,0.766248732,0.000438413,MPHOSPH8
chr13_138,13:19650350:C:A,13:19659783:G:C,MPHOSPH8,43,0.007489651,46,0.053545632,0.003537739,MPHOSPH8
chr5_3757,5:41028117:A:G,5:41074121:T:C,MROH2B,152,0.003614873,236,0.164247657,0.005004633,MROH2B
chr2_8422,2:105093768:A:G,2:105099335:C:G,MRPS9,31,0.005781667,22,0.033256127,0.0018375,MRPS9-AS1;MRPS9
chr11_1171,11:10665944:G:A,11:10676938:C:T,MRVI1,50,0.00927582,65,0.056447186,0.004479238,MRVI1
NA,11:60044333:G:A,11:60044333:G:A,MS4A3,1,0.006761229,NA,NA,0.006761229,OOSP2
chr11_5149,11:60307325:T:C,11:60336336:A:G,MS4A4A,126,0.044189857,209,0.000961412,0.000470151,MS4A6E;MS4A4A
chr11_5145,11:60299362:T:C,11:60302134:C:T,MS4A4A,16,0.025460273,9,0.039862607,0.008010659,MS4A4A
chr2_4317,2:47506414:G:A,2:47512439:G:C,MSH2,36,0.00103392,32,0.953961047,0.007813156,KCNK12;MSH2
chr6_12462,6:151071101:C:T,6:151078130:C:T,MTHFD1L,34,0.010063991,43,0.051629173,0.004449016,MTHFD1L
chr3_7902,3:95757493:G:C,3:95763560:T:A,MTRNR2L12,40,0.001079366,35,0.049710416,0.000581248,MTRNR2L12
chr3_7962,3:96443731:T:A,3:96453841:G:A,MTRNR2L12,58,0.004409707,38,0.039442971,0.001679634,MTRNR2L12
chr3_7961,3:96428234:T:C,3:96442935:A:G,MTRNR2L12,80,0.027229772,64,0.031341326,0.006883886,MTRNR2L12
chr3_7913,3:95823078:T:C,3:95832117:T:C,MTRNR2L12,57,0.002356642,54,0.465664546,0.008576007,MTRNR2L12
chr13_1146,13:29311942:A:G,13:29314815:A:G,MTUS2,12,0.013835708,14,0.074284725,0.008099283,MTUS2
chr8_11213,8:128742678:A:C,8:128747064:C:A,MYC,10,0.007165276,13,0.124858103,0.007174218,CCDC26
chr2_16492,2:210269069:C:T,2:210270067:T:A,MYL1,4,0.01365242,4,0.006028876,0.000856425,ACADL
chr2_13592,2:170151530:T:C,2:170162010:A:C,MYO3B,40,0.016789266,53,0.021269273,0.003191544,MYO3B
chr11_5248,11:61768917:G:A,11:61776847:C:T,MYRF,30,0.000913594,27,0.017050806,0.000188016,MYRF;TMEM258
chr2_293,2:2022058:G:A,2:2029576:A:C,MYT1L,48,0.001573673,36,0.547055609,0.006936637,MYT1L
chr4_6939,4:79082250:C:T,4:79094296:T:C,NAA11,43,0.018249733,56,0.005857545,0.00108434,LINC01088
chr13_2188,13:41401413:A:C,13:41425757:A:G,NAA16,94,0.023481109,114,0.035265095,0.006704351,RGCC
chr9_5390,9:85940874:G:C,9:85948746:G:A,NAA35,38,0.007134961,36,0.120841188,0.006945883,NAA35
chr9_9684,9:135982240:C:T,9:135986881:T:C,NACC2,40,0.013722394,37,0.019591642,0.002479114,UBAC1
chr13_6817,13:101143359:A:G,13:101164882:T:C,NALCN,106,0.002584699,134,0.000427432,0.0000163,NALCN
chr15_1243,15:35056168:C:G,15:35057461:C:A,NANOGP8,8,0.039420427,9,0.001692199,0.00070811,NANOGP8
chr20_2138,20:23393612:G:A,20:23425695:T:A,NAPB,134,0.010634793,183,0.031811206,0.003041895,NAPB
chr8_2447,8:18439774:T:C,8:18441652:C:A,NAT2,14,0.002354299,10,0.390144754,0.00734148,NAT2
chr2_15924,2:203150645:T:G,2:203178032:A:T,NBEAL1,65,0.015578228,83,0.071105622,0.008646116,NBEAL1
chr21_917,21:21863447:T:C,21:21866322:T:C,NCAM2,11,0.024114316,14,0.023210479,0.004750831,NCAM2
chr2_2207,2:24555760:G:T,2:24585143:A:T,NCOA1,71,0.002223978,90,0.02530936,0.000607063,RNA5SP88;NCOA1
chr12_10016,12:124635424:T:C,12:124640204:C:T,NCOR2,24,0.008285279,34,0.042609917,0.003159291,NCOR2
chr15_101,15:24006310:A:G,15:24007825:A:G,NDN,16,0.002206935,22,0.465999169,0.008103741,PWRN4
chr2_19141,2:239930295:C:T,2:239933133:G:A,NDUFA10,20,0.002284242,40,0.447569495,0.008061945,NDUFA10
chr11_10348,11:119631957:T:C,11:119634611:G:A,NECTIN1,30,0.019238374,21,0.033016386,0.005311134,NECTIN1
chr12_7868,12:97152689:T:A,12:97156830:C:T,NEDD1,15,0.018177459,17,0.015061333,0.002519622,NEDD1
chr3_10739,3:131265121:C:T,3:131270075:G:A,NEK11,25,0.000355245,19,0.360222182,0.001275031,NEK11
chr18_6271,18:79595761:G:A,18:79598648:A:G,NFATC1,21,0.024187116,15,0.010413015,0.002338939,CTDP1
chr14_506,14:24364995:A:G,14:24372595:G:A,NFATC4,20,0.015702959,21,0.017599859,0.002540881,NFATC4
chr9_1674,9:13936131:C:A,9:13942656:C:A,NFIB,33,0.024035556,34,0.036484678,0.00704971,LINC00583
chr1_16780,1:236054078:T:C,1:236057500:C:T,NID1,20,0.008532433,14,0.121161047,0.008140662,NID1
chr3_14194,3:174313679:T:A,3:174349631:C:T,NLGN1,147,0.038502281,163,0.005859489,0.002119937,NAALADL2
chr19_5676,19:55945981:G:A,19:55949462:T:C,NLRP8,27,0.001452054,23,0.030734686,0.000491678,NLRP8
chr7_11924,7:144427128:C:T,7:144431738:A:G,NOBOX,34,0.003632125,19,0.242534629,0.007077762,NOBOX
chr7_11922,7:144416555:G:A,7:144419654:G:C,NOBOX,20,0.004985045,18,0.225151603,0.008745999,NOBOX
chr4_11886,4:138720086:G:A,4:138756363:C:T,NOCT,190,0.003918749,141,0.014266172,0.000603324,NOCT
chr4_11883,4:138682596:A:C,4:138693825:T:C,NOCT,47,0.030069735,57,0.022469003,0.005607689,NOCT
chr1_11105,1:162053980:G:C,1:162069484:A:T,NOS1AP,63,0.003224216,86,0.238663653,0.00628666,NOS1AP
chr11_7772,11:89400718:G:A,11:89403413:C:T,NOX4,14,0.042709322,7,0.019060871,0.006604977,NOX4
chr14_1299,14:33194393:C:A,14:33208984:T:C,NPAS3,46,0.007723214,81,0.006183306,0.00052289,NPAS3
chr1_778,1:5919088:G:A,1:5925412:C:T,NPHP4,31,0.001879557,17,0.042467704,0.000832985,NPHP4
chr1_783,1:5972004:G:A,1:5985121:C:T,NPHP4,60,0.004211698,81,0.068569045,0.002642391,NPHP4
chr1_776,1:5910571:G:C,1:5915960:T:C,NPHP4,37,0.020276155,20,0.026554703,0.004591093,NPHP4
chr1_753,1:5801931:C:T,1:5816420:A:C,NPHP4,91,0.023868579,62,0.026284607,0.005253626,NPHP4
chr5_3064,5:32699523:T:C,5:32703109:C:G,NPR3,22,0.016972154,16,0.047572127,0.006557464,NPR3
chr7_2777,7:24274030:G:A,7:24277010:C:T,NPY,16,0.038753337,12,0.002512665,0.000996814,NPY
chr3_2250,3:23992317:A:G,3:24034080:A:G,NR1D2,199,0.014516445,183,0.072500222,0.008268684,NR1D2
chr15_6591,15:97137278:G:A,15:97147390:G:A,NR2F2,42,0.034616896,39,0.016419522,0.004815821,SPATA8
chr10_7071,10:81776389:C:T,10:81792466:A:C,NRG3,91,0.004239877,75,0.012225553,0.000563312,NRG3
chr6_2486,6:23636715:T:C,6:23641925:T:C,NRSN1,38,0.027506981,33,0.004050947,0.001125673,NRSN1
chr14_4940,14:78724828:T:C,14:78725928:T:A,NRXN3,5,0.01793681,5,0.05523822,0.007844144,NRXN3
chr9_9896,9:137452668:G:A,9:137466124:C:T,NSMF,72,0.014653438,51,0.048728864,0.005886993,NSMF;PNPLA7
chr3_7827,3:95089105:A:G,3:95098108:T:C,NSUN3,58,0.002608086,53,0.011992236,0.000355699,LINC00879
chr3_7825,3:95062943:G:A,3:95064571:A:G,NSUN3,5,0.005341447,6,0.158469462,0.006834671,LINC00879
chr10_2167,10:18561799:G:A,10:18592352:C:A,NSUN6,119,0.02005911,155,0.014591038,0.002674077,NSUN6
chr11_11373,11:131798665:T:A,11:131799432:G:T,NTM,5,0.003135477,3,0.255017211,0.006501871,NTM
chr1_8836,1:107472728:T:G,1:107520027:T:C,NTNG1,209,0.014807852,218,0.076950664,0.008861905,NTNG1
chr9_5269,9:84629123:C:T,9:84645049:A:C,NTRK2,66,0.004845751,89,0.09788348,0.004104581,NTRK2
chr9_5299,9:85077799:A:G,9:85093261:C:A,NTRK2,89,0.001421563,88,0.342382485,0.004199321,NTRK2
chr9_5325,9:85258106:G:A,9:85264439:T:G,NTRK2,36,0.008765458,20,0.090455662,0.006453953,AGTPBP1
chr9_5321,9:85240892:G:A,9:85245112:C:T,NTRK2,25,0.021656778,21,0.038517518,0.006747629,AGTPBP1
chr14_1176,14:31637911:G:C,14:31655711:T:G,NUBPL,73,0.003759892,99,0.040053924,0.001475999,NUBPL
chr14_1173,14:31599684:A:G,14:31604790:C:T,NUBPL,19,0.012752539,18,0.033147784,0.003706735,NUBPL
chr14_1180,14:31699940:T:C,14:31726249:C:G,NUBPL,93,0.017664023,159,0.040740248,0.005927478,NUBPL
chr14_1187,14:31757564:A:G,14:31793764:A:T,NUBPL,178,0.02722469,169,0.029366245,0.00650106,NUBPL
chr2_14560,2:183499902:G:A,2:183567203:C:T,NUP35,224,0.032375299,344,0.019797444,0.005353559,NUP35
chr9_5667,9:88592951:G:T,9:88593125:A:G,NXNL2,3,0.045501501,2,0.020423104,0.00741669,NXNL2
chr11_9845,11:114566200:A:C,11:114573768:C:T,NXPE4,35,0.000453524,56,0.837852263,0.003372517,NXPE4
chr10_10404,10:124314573:G:A,10:124326526:C:T,OAT,64,0.002144673,85,0.52322655,0.008744361,OAT
chr1_8259,1:101541544:A:G,1:101542613:T:A,OLFM3,5,0.00462828,10,0.226067149,0.008226543,OLFM3
chr13_3181,13:54454485:G:A,13:54458497:C:T,OLFM4,17,0.005542928,30,0.150086417,0.006731696,.
chr8_5144,8:53088783:C:T,8:53093603:A:G,OPRK1,30,0.002290167,33,0.028558179,0.000695557,NPBWR1
chr19_1859,19:15951232:C:A,19:15959758:G:A,OR10H4,45,0.022652555,74,0.016646006,0.003349579,OR10H4
chr11_4371,11:48532868:C:T,11:48536685:G:A,OR4A47,34,0.003677643,36,0.116439845,0.003749472,OR4A47
chr11_4683,11:50771883:A:G,11:50772492:C:T,OR4C45,4,0.004367026,3,0.037326621,0.001584702,OR4C12
NA,11:50759195:G:T,11:50759373:C:T,OR4C45,2,0.004355896,NA,NA,0.004355896,OR4C12
chr11_4644,11:50555651:C:G,11:50556247:C:T,OR4C45,5,0.038310982,4,0.017180423,0.005480166,OR4C12
chr11_4702,11:54572009:G:A,11:54572891:G:A,OR4C46,13,0.002129994,14,0.37447236,0.006487771,OR4C46
chr14_49,14:20046389:G:A,14:20047342:T:G,OR4K13,10,0.00392837,13,0.167419165,0.005476397,OR4K13
chr11_4331,11:48294937:C:A,11:48295189:G:A,OR4S1,3,0.001101051,2,1,0.008600847,OR4S1
chr11_746,11:5945962:G:C,11:5946370:G:A,OR56A3,3,0.003424172,1,0.024723576,0.000878485,OR56A3
chr11_5078,11:59401519:C:T,11:59438020:G:A,OR5A2,124,0.001319335,146,0.264760603,0.003129644,OR5A1;OR5A2
chr11_5070,11:59296462:T:G,11:59332875:C:T,OR5AN1,142,0.00046245,148,0.585528317,0.002495005,OR5BR1P;OR5AN2P
chr1_10842,1:158764258:A:C,1:158764973:G:A,OR6N1,8,0.004948282,12,0.176574036,0.00702724,OR6N1
chr1_10827,1:158556790:T:C,1:158566765:A:G,OR6P1,58,0.001896091,50,0.466351787,0.007101176,OR6P1
chr2_19181,2:240172372:C:T,2:240177193:C:T,OTOS,40,0.019285641,56,0.009298571,0.001726272,OTOS
chr10_2556,10:23419261:G:A,10:23438778:C:T,OTUD1,94,0.00186378,85,0.064044958,0.001197634,OTUD1
chr10_2555,10:23408259:T:C,10:23417922:G:A,OTUD1,45,0.00088887,39,0.810235487,0.005931508,OTUD1
chr10_2562,10:23464916:G:A,10:23466470:C:T,OTUD1,9,0.002016331,10,0.56040429,0.008797391,OTUD1
chr3_2420,3:25844917:G:A,3:25849483:C:T,OXSM,18,0.000576522,21,0.175158747,0.001030082,OXSM
chr14_6514,14:96619131:G:A,14:96633094:G:A,PAPOLA,89,0.042527359,103,0.001691259,0.000758079,PAPOLA
chr2_5398,2:60664880:G:C,2:60665258:G:A,PAPOLG,3,0.002603212,2,0.217211356,0.004793802,PAPOLG
chr2_17524,2:222070646:G:A,2:222071213:G:A,PAX3,4,0.023758289,7,0.027725993,0.005484,PAX3
chr1_11266,1:164070974:G:A,1:164095774:C:T,PBX1,109,0.000375534,140,0.924736226,0.003113417,PBX1
chr2_6089,2:70099588:T:A,2:70101612:C:T,PCBP1,8,0.003442772,7,0.307109967,0.008302024,PCBP1-AS1
chr10_4901,10:54772104:T:C,10:54773207:C:T,PCDH15,11,0.001686406,7,0.218851232,0.003286409,PCDH15
chr13_3395,13:58023569:G:A,13:58025779:G:T,PCDH17,10,0.001870964,11,0.003633044,0.0000877,PCDH17
chr4_11793,4:137619618:A:T,4:137669215:C:T,PCDH18,202,0.003629459,250,0.25841302,0.00747681,PCDH18
chr4_3308,4:32791148:C:T,4:32814658:A:G,PCDH7,113,0.007656654,141,0.059976973,0.003988799,.
chr4_3140,4:30353271:C:T,4:30359863:T:C,PCDH7,32,0.021529816,42,0.029185689,0.005260898,PCDH7
chr4_3310,4:32817839:T:C,4:32831905:G:A,PCDH7,59,0.038017495,62,0.021390703,0.006598888,.
chr4_3110,4:29802426:C:G,4:29811344:A:T,PCDH7,43,0.002245286,39,0.369200077,0.006710711,PCDH7
chr4_3166,4:30589986:C:T,4:30593636:A:C,PCDH7,27,0.028643991,27,0.031662161,0.007260383,PCDH7
chr13_3940,13:65416119:T:C,13:65418704:A:G,PCDH9,11,0.036352679,7,0.010758097,0.003459772,.
chr10_7735,10:91076989:G:A,10:91078928:G:A,PCGF5,13,0.010424861,10,0.055670494,0.004905102,PCGF5
chr9_4548,9:75522243:A:G,9:75549673:G:A,PCSK5,139,0.013967902,142,0.071350001,0.007884331,PCSK5
chr3_3157,3:34148036:C:T,3:34148379:A:G,PDCD6IP,6,0.006160728,4,0.06605473,0.003583898,LINC01811
chr7_3383,7:31731110:A:T,7:31731432:C:G,PDE1C,3,0.018111145,1,0.020597014,0.003317717,PPP1R17
chr4_16006,4:185482169:C:A,4:185490427:A:C,PDLIM3,39,0.003377084,52,0.003948905,0.000163031,CCDC110
chr3_6292,3:73525579:T:C,3:73534140:A:G,PDZRN3,43,0.003999151,16,0.042240998,0.001636244,PDZRN3
chr22_222,22:18107786:C:T,22:18124179:C:T,PEX26,85,0.026757856,66,0.040536515,0.008489149,TUBA8;PEX26
chr7_6854,7:77961776:T:A,7:77975940:T:C,PHTF2,58,0.001330838,91,0.074087354,0.001008114,PHTF2
chr7_6851,7:77891878:G:C,7:77908084:C:T,PHTF2,62,0.007654701,61,0.121170551,0.007404419,PHTF2
chr7_6852,7:77910342:A:G,7:77918352:C:T,PHTF2,40,0.010421153,38,0.095939544,0.007906378,PHTF2
chr8_6882,8:74734172:A:T,8:74748446:A:C,PI15,56,0.000962891,46,0.427327969,0.003619198,MIR2052HG
chr11_7480,11:85953356:C:G,11:85967255:T:C,PICALM,70,0.006601527,73,0.057424749,0.00336547,PICALM
chr16_7457,16:88736654:C:T,16:88736872:C:T,PIEZO1,8,0.026357455,7,0.014741652,0.003439887,PIEZO1
chr12_2928,12:32899854:A:T,12:32902832:C:T,PKP2,11,0.001269318,12,0.164869188,0.001982194,PKP2
chr20_901,20:8187923:A:G,20:8194574:A:G,PLCB1,57,0.000618971,42,0.095944765,0.000637308,PLCB1
chr20_906,20:8201376:G:A,20:8204529:C:G,PLCB1,24,0.007785589,10,0.06797898,0.004521987,PLCB1
chr10_7991,10:94233599:C:T,10:94239221:T:C,PLCE1,26,0.019471509,26,0.010437415,0.001930942,PLCE1
chr3_9282,3:111786893:C:G,3:111832222:A:G,PLCXD2,145,0.003412312,223,0.204049392,0.005758069,PHLDB2;PLCXD2
chr12_1806,12:19411707:C:T,12:19412193:A:T,PLEKHA5,2,0.002492042,3,0.328349871,0.006634735,AEBP2
chr11_6350,11:73660290:G:A,11:73664192:A:G,PLEKHB1,13,0.001102907,17,0.683956138,0.006177794,PLEKHB1
chr1_1306,1:11926432:G:A,1:11941823:T:C,PLOD1,99,0.018532862,98,0.05301107,0.007786348,PLOD1
chr9_9904,9:137516309:G:C,9:137516958:C:G,PNPLA7,4,0.012773691,6,0.055147013,0.005817275,PNPLA7
chr20_2568,20:32242054:G:A,20:32261209:C:T,POFUT1,100,0.037723693,70,0.022119844,0.006749592,KIF3B
chr15_3048,15:57774538:C:T,15:57777280:C:G,POLR2M,18,0.00623965,17,0.022375276,0.001378915,POLR2M
chr7_5094,7:53274937:G:A,7:53276481:C:A,POM121L12,15,0.03538493,23,0.004100685,0.001427528,POM121L12
chr7_5117,7:53503515:G:T,7:53504546:G:A,POM121L12,7,0.003819982,6,0.100767508,0.003411423,POM121L12
chr3_3875,3:43120426:T:G,3:43123273:C:T,POMGNT2,28,0.001467734,13,0.037814459,0.000599367,POMGNT2
chr7_10383,7:125080831:A:G,7:125082602:A:G,POT1,14,0.035443659,10,0.001620912,0.000618436,POT1-AS1
chr2_8402,2:104904605:C:T,2:104935589:T:C,POU3F3,126,0.045211396,110,0.004957864,0.002107743,POU3F3
chr2_8399,2:104861520:C:T,2:104866520:C:T,POU3F3,19,0.000924692,16,0.358641575,0.002988504,LINC01159
chr8_11078,8:127178010:G:A,8:127192150:C:A,POU5F1B,92,0.000945263,84,0.100596288,0.000975688,CASC19;PCAT1
chr8_11066,8:127074048:G:A,8:127074092:A:G,POU5F1B,2,0.005884218,2,0.018386332,0.001096133,CASC19;PCAT1
chr8_11077,8:127176601:C:T,8:127177365:T:C,POU5F1B,6,0.038822767,7,0.008182245,0.002876241,CASC19;PCAT1
chr4_2606,4:23621330:G:T,4:23626039:A:G,PPARGC1A,26,0.000656325,40,0.49511846,0.002934965,PPARGC1A
NA,1:148367938:C:T,1:148367938:C:T,PPIAL4G,1,0.000577091,NA,NA,0.000577091,LINC01138
chr15_1943,15:43544902:G:A,15:43551133:A:C,PPIP5K1,30,0.004075101,16,0.211719552,0.006949986,PPIP5K1
chr3_13079,3:160863117:C:T,3:160885665:G:A,PPM1L,108,0.0002394,98,0.47419268,0.001144696,PPM1L
chr7_9596,7:113990679:T:C,7:113994349:C:A,PPP1R3A,14,0.02270973,20,0.034504982,0.006387595,PPP1R3A
chr1_14905,1:212322439:A:T,1:212352093:G:A,PPP2R5A,89,0.001319639,122,0.734278372,0.007693007,PPP2R5A
chr4_10380,4:120747477:G:T,4:120764044:A:G,PRDM5,69,0.026172386,79,0.030434647,0.006480091,PRDM5
chr5_2351,5:23371426:A:G,5:23374259:A:T,PRDM9,20,0.002264067,28,0.079371951,0.001729502,PRDM9
chr16_2602,16:23824323:C:T,16:23838046:A:G,PRKCB,44,0.019262888,71,0.048858584,0.007499519,PRKCB
chr14_3583,14:61176726:A:G,14:61188023:C:G,PRKCH,53,0.0000251,53,0.021069212,0.00000817,PRKCH
chr14_3574,14:61141700:G:A,14:61145227:C:T,PRKCH,28,0.002173146,15,0.098691152,0.002026174,TMEM30B
chr10_800,10:6422747:T:C,10:6448556:G:A,PRKCQ,146,0.043869257,153,0.020073339,0.007075556,PRKCQ
chr11_1952,11:20465907:G:A,11:20466265:A:T,PRMT3,2,0.002235846,4,0.25944726,0.004903067,PRMT3
chr3_6140,3:72063390:C:A,3:72070617:G:T,PROK2,38,0.026223423,38,0.023619282,0.005194599,LINC00877
chr1_15039,1:213989805:C:T,1:214008691:G:A,PROX1,62,0.027812373,61,0.023321614,0.00540999,PROX1
chr19_4791,19:49593880:A:G,19:49600226:T:G,PRR12,28,0.017632573,32,0.000524003,0.000116344,PRR12
chr7_3196,7:29544887:C:T,7:29556655:G:A,PRR15,32,0.010061007,57,0.062180313,0.0052405,PRR15
chr22_2637,22:44826783:C:T,22:44826783:C:T,PRR5-ARHGAP8,1,0.017734611,1,0.013179837,0.002188105,ARHGAP8;PRR5-ARHGAP8
chr9_4781,9:78865526:T:C,9:78870138:C:T,PSAT1,18,0.006060788,27,0.014572261,0.000912741,PSAT1
chr19_4121,19:43140450:C:A,19:43140576:G:A,PSG5,2,0.018655744,2,0.038183239,0.005874612,PSG5
chr13_152,13:19734828:A:G,13:19748011:C:T,PSPC1,74,0.00033335,82,0.805861526,0.002477388,RN7SL166P;PSPC1
chr13_155,13:19767207:T:C,13:19778025:C:T,PSPC1,53,0.000587787,50,0.886408936,0.004459782,PSPC1
chr13_159,13:19798626:A:G,13:19801655:T:C,PSPC1,18,0.001122032,16,0.774358518,0.006992834,PSPC1
chr10_7506,10:88007711:G:C,10:88013509:A:G,PTEN,41,0.004780678,47,0.059165846,0.002593926,KLLN
chr3_4155,3:46887049:G:T,3:46890110:G:A,PTH1R,13,0.001841695,10,0.447171424,0.006672332,PTH1R
chr9_6128,9:94065371:A:C,9:94088789:G:A,PTPDC1,70,0.001126214,75,0.462491722,0.004458611,PTPDC1
chr3_4184,3:47384758:C:T,3:47448392:G:A,PTPN23,151,0.001446326,146,0.194088378,0.002576451,PTPN23;SCAP
chr9_1193,9:9537170:G:A,9:9537965:G:A,PTPRD,6,0.041893985,6,0.000705557,0.000337829,PTPRD
chr20_3295,20:42324057:T:C,20:42336802:G:A,PTPRT,67,0.003705785,68,0.137205014,0.004364626,PTPRT
chr22_1905,22:36859455:C:T,22:36871917:G:A,PVALB,78,0.019260415,78,0.00989148,0.001822416,NCF4;NCF4-AS1
chr3_4925,3:58330251:C:T,3:58331763:G:C,PXK,7,0.013579795,3,0.01426484,0.001849796,PXK
chr3_4932,3:58366196:C:A,3:58368612:G:T,PXK,18,0.031443453,14,0.026971504,0.006846136,PXK
chr3_11502,3:141255870:A:T,3:141275929:C:T,PXYLP1,99,0.010669376,119,0.088705605,0.007536269,PXYLP1
chr3_15689,3:191618284:C:T,3:191619193:A:T,PYDC2,7,0.005420337,3,0.061750782,0.003013142,PYDC2
chr11_7625,11:87756611:G:T,11:87757652:G:A,RAB38,5,0.00342155,10,0.239348978,0.006639588,RAB38
chr2_10491,2:129572003:A:T,2:129615879:G:A,RAB6C,165,0.023125317,211,0.02298252,0.004538742,RAB6C
chr20_157,20:1260559:A:T,20:1263476:G:A,RAD21L1,8,0.018445311,15,0.001654627,0.000347842,RAD21L1
chr14_4111,14:68116441:T:C,14:68119177:C:T,RAD51B,17,0.003619747,14,0.256829655,0.007419319,RAD51B
chr20_1850,20:20395036:G:T,20:20398100:G:A,RALGAPA2,28,0.011699474,14,0.06846669,0.006512022,RALGAPA2
chr20_1849,20:20371189:C:T,20:20393900:C:A,RALGAPA2,128,0.004169689,113,0.228936951,0.007593068,RALGAPA2
chr2_8756,2:108732885:G:A,2:108732970:C:T,RANBP2,3,0.000793635,3,0.008647644,0.0000885,RANBP2
chr1_2153,1:21588891:G:A,1:21596141:C:T,RAP1GAP,38,0.001331674,47,0.190822093,0.002357591,LINC02596
chr13_6514,13:97468391:C:T,13:97472431:T:A,RAP2A,17,0.001176857,17,0.619557459,0.005996118,RAP2A
chr7_2572,7:22047572:T:C,7:22053545:C:G,RAPGEF5,26,0.004639324,27,0.016769848,0.000813902,CDCA7L
chr9_5130,9:82718796:C:T,9:82751890:G:T,RASEF,145,0.000185874,181,0.204201966,0.000424312,RPS6P12
chr4_7100,4:81442179:T:C,4:81444888:T:A,RASGEF1B,16,0.001583845,11,0.0226473,0.000403019,RASGEF1B
chr4_7102,4:81447737:C:T,4:81458902:T:C,RASGEF1B,51,0.001126957,55,0.68475204,0.006302307,RASGEF1B
chr15_1560,15:38957783:C:T,15:38965714:C:G,RASGRP1,48,0.02935942,43,0.02178419,0.005343434,LINC02694
chr12_7063,12:85713164:A:G,12:85729039:T:C,RASSF9,90,0.021685196,91,0.000835608,0.000215967,RASSF9
chr16_756,16:5448954:G:A,16:5473552:T:A,RBFOX1,155,0.002815217,180,0.254584697,0.005906301,RBFOX1
chr16_926,16:6445896:A:G,16:6447073:G:A,RBFOX1,10,0.005515386,10,0.133666561,0.00605453,RBFOX1
chr12_9125,12:114013462:A:G,12:114021353:G:A,RBM19,28,0.027024216,35,0.037706677,0.008038778,RBM19
chr20_2858,20:35744572:A:G,20:35754756:C:T,RBM39,37,0.001790057,33,0.39516603,0.0058386,RPF2P1
chr2_7477,2:86366240:A:G,2:86369143:G:A,REEP1,11,0.015642598,13,0.043884607,0.005686676,REEP1
chr2_6893,2:78660134:C:T,2:78670052:A:G,REG3G,41,0.022227567,29,0.040125743,0.007154945,REG3G
chr15_6252,15:93502765:G:A,15:93547191:C:A,RGMA,166,0.005429115,249,0.028064502,0.00149154,RGMA
chr5_7730,5:98466295:A:G,5:98469103:C:A,RGMB,14,0.008017771,15,0.139576955,0.008723616,RGMB
chr2_8653,2:107460355:G:A,2:107465734:G:A,RGPD4,22,0.013735103,32,0.003956866,0.000588051,LINC01885
chr1_13395,1:191996620:A:G,1:191996974:C:G,RGS18,3,0.029810707,4,0.022830274,0.005643802,LINC02770
chr9_7738,9:113678597:C:A,9:113684137:A:C,RGS3,30,0.023518327,34,0.014758904,0.003112101,ZNF618
chr21_2691,21:41679981:T:C,21:41680331:A:G,RIPK4,4,0.013940552,4,0.040430968,0.00478021,LINC00111
chr9_5227,9:84029906:C:T,9:84040181:T:C,RMI1,39,0.007550434,37,0.053054329,0.003534181,RMI1
chr14_150,14:20786926:A:G,14:20792644:T:G,RNASE6,24,0.000753596,40,0.156625605,0.001185583,RNASE6
NA,2:150367190:A:T,2:150367283:A:G,RND3,2,0.00882244,NA,NA,0.00882244,RND3
chr2_890,2:7856879:A:C,2:7859555:T:C,RNF144A,21,0.00574633,13,0.13360142,0.006273858,ID2
chr3_6757,3:79531295:C:T,3:79532997:A:G,ROBO1,6,0.033569403,18,0.005627324,0.001808634,ROBO1
chr3_6710,3:78841789:A:T,3:78853708:C:T,ROBO1,38,0.000386084,46,0.541051461,0.001978973,ROBO1
chr3_6818,3:80041222:A:G,3:80047314:C:T,ROBO1,29,0.013959621,20,0.02676069,0.003321929,ROBO1
NA,3:79503967:A:G,3:79503967:A:G,ROBO1,1,0.006143993,NA,NA,0.006143993,ROBO1
chr3_6581,3:77165807:A:G,3:77170269:C:T,ROBO2,29,0.001659657,25,0.193931506,0.002910061,ROBO2
chr6_9730,6:117310138:C:T,6:117317950:C:T,ROS1,38,0.001900146,50,0.556970602,0.008308985,ROS1
chr12_9054,12:112812617:G:T,12:112815597:A:G,RPH3A,16,0.017375298,8,0.055187559,0.007622992,RPH3A
chr3_10529,3:128627655:C:T,3:128700758:G:A,RPN1,214,0.003695726,266,0.159452417,0.004971617,POU5F1P6;RPN1
chr10_6790,10:78427762:A:G,10:78434319:C:T,RPS24,41,0.000424752,27,0.887481706,0.003348674,LINC00595
chr6_13856,6:166512368:G:A,6:166528025:A:G,RPS6KA2,83,0.012289801,115,0.045380719,0.004735965,RPS6KA2
chr1_14958,1:213299759:G:A,1:213302893:C:A,RPS6KC1,18,0.00047055,17,0.156093151,0.00077261,RPS6KC1
chr2_1066,2:10135562:A:G,2:10156527:G:T,RRM2,104,0.001574568,94,0.524319727,0.006686704,RRM2
chr1_9334,1:113778778:T:C,1:113790978:G:A,RSBN1,38,0.022441463,35,0.010147099,0.002137662,RSBN1
chr3_12894,3:158214597:A:G,3:158218436:C:T,RSRC1,10,0.000659185,18,0.332652056,0.002066742,RSRC1
chr3_12897,3:158229922:A:G,3:158298665:C:G,RSRC1,227,0.000625055,293,1,0.005236502,RSRC1
chr3_12901,3:158425291:G:A,3:158540111:G:A,RSRC1,273,0.002284608,399,0.46257005,0.008298471,RSRC1
chr3_12893,3:158205669:A:G,3:158213327:G:A,RSRC1,18,0.001319272,33,0.813374236,0.008409842,RSRC1
NA,3:46503220:T:C,3:46503470:C:T,RTP3,2,0.008215524,NA,NA,0.008215524,RTP3
chr1_2441,1:25060103:C:G,1:25060137:C:A,RUNX3,2,0.036681106,1,0.009157569,0.00302274,RUNX3
chr3_11013,3:134113827:T:C,3:134116948:T:C,RYK,13,0.003631433,10,0.023229747,0.000875666,RYK
chr1_8246,1:101418194:C:T,1:101448890:A:C,S1PR1,132,0.007925171,156,0.144245899,0.00888697,S1PR1
chr20_4156,20:51817912:C:G,20:51818235:T:C,SALL4,3,0.001077627,3,0.160265666,0.001669022,SALL4
chr6_12133,6:147690264:T:C,6:147691422:T:C,SAMD5,5,0.029724994,6,0.032142538,0.007598915,SAMD5
chr20_2939,20:36965498:T:C,20:36975580:T:G,SAMHD1,38,0.004104409,22,0.040480619,0.001612082,SAMHD1
chr6_12167,6:148216577:C:T,6:148231086:C:T,SASH1,62,0.004899768,83,0.180566646,0.007104617,SASH1
chr4_7182,4:82594424:A:T,4:82609252:C:T,SCD5,71,0.020948141,62,0.016885552,0.003164742,TMEM150C
chr14_1091,14:30690878:G:C,14:30697199:G:A,SCFD1,34,0.001168997,33,0.165386561,0.001846572,SCFD1
chr2_13300,2:166329012:T:C,2:166330996:A:G,SCN9A,13,0.00147463,7,0.713740191,0.008269074,SCN1A-AS1;SCN9A
chr20_3523,20:45354133:T:G,20:45354133:T:G,SDC4,1,0.024781726,1,0.019834081,0.004235944,SDC4
chr17_5942,17:77165403:A:G,17:77182632:T:C,SEC14L1,86,0.019966874,94,0.008253235,0.00160026,SEC14L1
chr1_12376,1:177940390:T:A,1:177940868:G:A,SEC16B,3,0.004218986,4,0.011226599,0.000519007,SEC16B;CRYZL2P-SEC16B
chr14_1753,14:39023391:T:A,14:39032954:G:A,SEC23A,32,0.003345619,37,0.143851676,0.004157753,SEC23A
chr14_5193,14:81656737:C:T,14:81661078:T:C,SEL1L,27,0.001148111,29,0.627079957,0.005929796,SEL1L
chr14_5231,14:82092582:A:C,14:82176770:C:T,SEL1L,407,0.015985967,420,0.071292373,0.008863283,SEL1L
chr5_9324,5:117009957:G:C,5:117012632:G:A,SEMA6A,22,0.021525745,11,0.005997366,0.001285161,SEMA6A
chr16_656,16:4776483:G:C,16:4778041:G:C,SEPTIN12,9,0.000563607,11,0.008430118,0.000063,SEPTIN12
chr17_5994,17:77639976:T:C,17:77641244:T:C,SEPTIN9,11,0.019880931,8,0.006467149,0.00128046,SEPTIN9
chr2_17677,2:224045554:G:A,2:224050743:A:G,SERPINE2,22,0.013838634,17,0.037120998,0.004404427,SERPINE2
chr22_889,22:26103918:C:A,22:26103962:C:T,SEZ6L,2,0.018070041,2,0.060562807,0.008555337,SEZ6L
chr1_3413,1:37988185:C:T,1:37990208:G:A,SF3A3,8,0.031075973,7,0.005776654,0.001727878,SF3A3
chr22_1328,22:31549381:G:A,22:31552176:C:T,SFI1,12,0.017450478,15,0.05955631,0.008178372,SFI1
chr5_12515,5:156737279:A:G,5:156759968:G:A,SGCD,65,0.001526872,85,0.387625664,0.004990668,SGCD
chr13_466,13:22833141:T:C,13:22833566:C:T,SGCG,5,0.047175863,3,0.00337208,0.001550417,SGCG
chr8_2044,8:15051479:C:T,8:15056471:C:A,SGCZ,41,0.00251256,48,0.039296619,0.001009376,SGCZ
chr10_6989,10:80646872:T:C,10:80658176:G:A,SH2D4B,59,0.003528216,68,0.051444086,0.001745037,LINC02655
chr10_6984,10:80602530:G:C,10:80605073:G:A,SH2D4B,16,0.013335034,19,0.08178664,0.008529801,SH2D4B
chr2_18561,2:235062310:G:A,2:235070006:A:G,SH3BP4,46,0.001107798,45,0.47637363,0.004510436,SH3BP4
chr9_8917,9:129030039:T:C,9:129030905:G:T,SH3GLB2,8,0.045892978,6,0.022005058,0.007975939,SH3GLB2
chr7_13371,7:156099732:C:T,7:156101072:G:T,SHH,10,0.003823832,7,0.038962726,0.001461808,SHH
chr16_1838,16:13247866:A:G,16:13254475:T:C,SHISA9,39,0.003982723,32,0.101134988,0.003551459,U91319.1
chr20_647,20:5726016:G:C,20:5741917:G:T,SHLD1,110,0.009409786,86,0.110400146,0.00817532,GPCPD1
chr10_7436,10:87155877:G:A,10:87158473:T:C,SHLD2,4,0.004844759,2,0.116253688,0.00477715,SHLD2
chr13_2552,13:45831667:G:A,13:45885630:A:G,SIAH3,240,0.03177219,280,0.024152409,0.006271398,SIAH3
chr20_420,20:3701637:C:T,20:3708305:A:G,SIGLEC1,39,0.011131625,49,0.032634836,0.00324057,SIGLEC1
chr17_3726,17:48372353:C:G,17:48395571:T:C,SKAP1,71,0.004628846,82,0.109792346,0.004362802,SKAP1
chr3_10181,3:125104718:A:C,3:125105549:T:C,SLC12A8,3,0.006093677,2,0.068965903,0.003687597,SLC12A8
chr4_2743,4:25571809:A:G,4:25579265:C:T,SLC34A2,57,0.002557932,55,0.044387867,0.001144874,SLC34A2
chr4_2748,4:25608154:G:A,4:25616679:G:C,SLC34A2,45,0.003501807,60,0.27894567,0.007747321,SLC34A2
chr22_1276,22:30633001:C:A,22:30641006:A:C,SLC35E4,32,0.004911396,57,0.048938327,0.002243332,SLC35E4
NA,11:125053113:C:T,11:125053156:A:T,SLC37A2,2,0.001793772,NA,NA,0.001793772,SLC37A2
chr12_4050,12:46197841:A:G,12:46198932:C:T,SLC38A1,7,0.024328794,5,0.027854766,0.005622547,SLC38A1
chr4_6251,4:71086466:C:T,4:71086765:G:C,SLC4A4,3,0.000959636,2,0.159705735,0.001499395,SLC4A4
chr20_91,20:756253:C:T,20:757357:A:G,SLC52A3,3,0.013441808,11,0.072530186,0.007734308,SLC52A3
chr3_12862,3:157745355:A:G,3:157825230:G:A,SLC66A1L,282,0.000129203,322,0.239672042,0.000352479,VEPH1
chr12_6956,12:84067601:T:C,12:84077166:G:A,SLC6A15,33,0.001902471,34,0.041349323,0.000822082,SLC6A15
chr4_11846,4:138368480:G:C,4:138374290:G:T,SLC7A11,32,0.022828774,34,0.042509455,0.007703112,LINC00499
chr14_4238,14:70142894:G:A,14:70144497:G:C,SLC8A3,9,0.033369651,8,0.02691038,0.007197706,SLC8A3
chr1_12092,1:173600965:T:A,1:173615931:G:A,SLC9C2,54,0.010058613,31,0.015806062,0.001549597,ANKRD45;SLC9C2
chr15_6073,15:91795938:G:A,15:91822528:G:A,SLCO3A1,178,0.005196849,101,0.015705833,0.000849953,SLCO3A1
chr15_6074,15:91823649:C:T,15:91843794:G:A,SLCO3A1,109,0.009068278,65,0.020571671,0.001788416,SLCO3A1
chr15_6081,15:91854392:A:T,15:91865037:C:T,SLCO3A1,74,0.004963164,67,0.196178694,0.007725504,SLCO3A1
chr10_8560,10:100881644:C:T,10:100895044:T:C,SLF2,60,0.010143785,60,0.084220236,0.006890209,SLF2
chr4_2224,4:19843316:G:C,4:19843714:T:C,SLIT2,5,0.010660832,2,0.063468126,0.005614886,SLIT2
chr3_3888,3:43218434:G:T,3:43235833:T:C,SNRK,92,0.000723889,88,0.731545171,0.00452426,SNRK
chr15_7064,15:101294258:G:A,15:101297203:C:G,SNRPA1,21,0.02077745,17,0.021957168,0.003965662,SNRPA1;PCSK6
chr6_13045,6:157724262:G:A,6:157751127:A:G,SNX9,102,0.002440309,139,0.006579021,0.000193292,SNX9
chr6_8991,6:107488509:T:A,6:107489371:G:A,SOBP,6,0.0111896,3,0.021340267,0.002230273,SOBP
chr6_8990,6:107465615:G:A,6:107487075:T:C,SOBP,115,0.030812224,104,0.036430828,0.008746842,SOBP
chr17_6066,17:78304249:C:T,17:78306342:G:A,SOCS3,13,0.010529879,21,0.046304475,0.004205896,SOCS3
chr21_1874,21:31666119:G:A,21:31671566:C:G,SOD1,19,0.014234855,23,0.029427738,0.00367705,SOD1;SCAF4
chr8_2805,8:22549313:G:A,8:22556549:T:G,SORBS3,36,0.00302319,20,0.097852849,0.002699645,SORBS3
chr10_9032,10:107122308:T:C,10:107127595:T:C,SORCS1,28,0.00356981,23,0.049165701,0.001693307,SORCS1
chr2_735,2:6129620:C:T,2:6143414:A:C,SOX11,80,0.004949269,110,0.034620405,0.001657226,SOX11
chr2_733,2:6124264:C:T,2:6127115:C:T,SOX11,24,0.007047788,23,0.024921751,0.00169444,SOX11
chr2_736,2:6144337:C:T,2:6152021:C:T,SOX11,44,0.00841906,74,0.044801746,0.003350478,SOX11
chr2_600,2:4880173:C:T,2:4881422:C:T,SOX11,10,0.017499997,10,0.025287693,0.003860225,SOX11
chr2_742,2:6165767:C:T,2:6175162:A:G,SOX11,64,0.003793928,59,0.214736316,0.006609366,SOX11
chr7_6125,7:68285823:C:T,7:68288539:C:T,SPDYE21P,13,0.005345502,21,0.008983122,0.000525519,.
chr2_17996,2:228532101:G:C,2:228537022:C:T,SPHKAP,28,0.002793677,24,0.340897775,0.007577505,LINC01807
chr8_4543,8:46207768:C:T,8:46210513:C:T,SPIDR,31,0.004299686,28,0.086812381,0.003319536,.
chr3_4253,3:48339908:C:G,3:48348586:T:G,SPINK8,33,0.018121357,36,0.003502345,0.000676877,SPINK8
chr18_1297,18:12453279:T:C,18:12456416:T:C,SPIRE1,15,0.002121207,12,0.088589251,0.001800145,SPIRE1
chr4_14257,4:167060530:T:C,4:167062293:G:A,SPOCK3,5,0.006267174,7,0.030378279,0.001821319,SPOCK3
chr15_1484,15:38317832:T:C,15:38326521:A:C,SPRED1,28,0.016941375,40,0.041110986,0.005759497,SPRED1
chr1_1089,1:9304778:A:G,1:9311835:A:G,SPSB1,67,0.011448483,54,0.061573806,0.005820873,SPSB1
chr2_4875,2:54457256:C:T,2:54469896:A:G,SPTBN1,64,0.038354209,70,0.024604849,0.00751723,SPTBN1
chr3_13120,3:161372367:T:C,3:161378115:T:C,SPTSSB,14,0.001848514,24,0.562640273,0.00818361,SPTSSB
chr3_10979,3:133802372:C:T,3:133804346:C:T,SRPRB,9,0.002219392,7,0.152402772,0.003041383,SRPRB
chr12_9516,12:118760561:G:C,12:118776725:A:G,SRRM4,71,0.011726425,67,0.000353263,0.0000555,LINC02423;LINC02440
chr12_9519,12:118785904:G:A,12:118789737:A:T,SRRM4,16,0.000747538,26,0.012743224,0.000119661,LINC02439
chr2_8611,2:107104169:G:A,2:107122547:C:T,ST6GAL2,83,0.007324838,71,0.075202705,0.004684437,ST6GAL2
chr7_9817,7:116949135:G:C,7:116959097:C:T,ST7,31,0.001993361,28,0.462738372,0.007368654,ST7-AS1;ST7;ST7-OT4
chr3_3322,3:36477232:G:A,3:36484852:G:A,STAC,49,0.001362081,61,0.077022508,0.001066146,STAC
chr5_8792,5:111567527:A:G,5:111575510:A:T,STARD4,35,0.005287498,55,0.105007949,0.0047173,HMGN1P13;STARD4-AS1
chr5_13826,5:173441392:C:T,5:173461374:T:C,STC2,91,0.02687193,77,0.011541048,0.002815523,STC2
chr7_2736,7:23900837:G:C,7:23901045:G:A,STK31,3,0.010759913,3,0.010928214,0.00118155,STK31
chr7_2734,7:23896565:C:T,7:23898489:C:T,STK31,11,0.009110512,16,0.02951493,0.002479541,STK31
chr7_2737,7:23902434:T:C,7:23902820:A:G,STK31,4,0.012211325,7,0.024821348,0.002758661,STK31
chr4_663,4:5264914:G:A,4:5271095:G:T,STK32B,39,0.008621941,31,0.088883811,0.006264053,STK32B
chr8_3182,8:27163980:A:T,8:27172731:G:A,STMN4,32,0.038793627,57,0.007488626,0.002656394,STMN4
chr15_4431,15:73973020:A:G,15:73976615:T:C,STOML1,26,0.001551281,26,0.470413985,0.006000554,STOML1
chr6_11842,6:144197417:G:A,6:144200821:C:G,STX11,21,0.000873909,13,0.390820066,0.003067736,TPT1P4
chr11_5113,11:59782867:C:T,11:59819846:A:G,STX3,146,0.012406551,126,0.081122411,0.007952285,MRPL16;STX3
chr6_10831,6:132495624:T:A,6:132495624:T:A,STX7,1,0.041867146,1,0.022786626,0.007589,STX7
chr14_561,14:25061409:A:T,14:25062582:A:G,STXBP6,4,0.009490458,8,0.107959198,0.008077264,STXBP6
chr7_4114,7:40236305:G:C,7:40331238:G:T,SUGCT,342,0.000256305,345,0.258588128,0.000703977,SUGCT
chr7_4118,7:40367355:A:G,7:40389787:A:G,SUGCT,82,0.000638161,85,0.117222557,0.000785517,SUGCT
chr7_4119,7:40392161:A:C,7:40442830:G:A,SUGCT,168,0.001664349,142,0.09397505,0.001527011,SUGCT
chr7_4142,7:40883318:C:T,7:40885612:C:T,SUGCT,12,0.004260211,13,0.20049024,0.006888928,SUGCT
chr2_8705,2:108207951:G:A,2:108212255:G:A,SULT1C3,25,0.002136014,30,0.038098378,0.000847672,LINC01594
chr22_1429,22:32548175:C:T,22:32584636:A:G,SYN3,142,0.01583163,196,0.030996196,0.00422983,Z82246.1;SYN3
chr6_7295,6:85831773:T:C,6:85847844:G:T,SYNCRIP,63,0.006505411,95,0.001585257,0.000128725,SYNCRIP
chr6_7335,6:86165835:A:G,6:86173224:A:C,SYNCRIP,30,0.013321986,37,0.008242484,0.001110887,RAB1AP2
chr6_12538,6:152329249:G:C,6:152354799:C:T,SYNE1,92,0.015008309,150,0.033922077,0.004369636,SYNE1
chr6_13074,6:158059368:T:C,6:158065057:G:A,SYNJ2,37,0.006337507,25,0.112182361,0.005864609,SYNJ2
chr12_2988,12:33454340:C:G,12:33458548:C:T,SYT10,20,0.002720839,13,0.088809841,0.00225401,SYT10
chr12_2976,12:33295215:A:G,12:33303528:A:G,SYT10,28,0.024090413,40,0.019503798,0.004070391,SYT10
chr12_2971,12:33245830:C:G,12:33269798:G:A,SYT10,117,0.02077985,186,0.028502021,0.004993736,SYT10
chr18_3242,18:43445726:T:C,18:43473303:T:A,SYT4,118,0.013662825,109,0.065079094,0.007135747,SYT4
chr6_13153,6:158677635:G:A,6:158683441:G:A,SYTL3,29,0.017664136,28,0.000116302,0.000029,SYTL3
chr6_10851,6:132577950:A:C,6:132578693:G:A,TAAR6,7,0.01649136,11,0.028636104,0.004088728,TAAR6
chr6_12262,6:149287217:T:G,6:149287322:A:T,TAB2,3,0.048898236,1,0.007246773,0.003169776,TAB2
chr11_804,11:6611760:G:A,11:6624228:G:A,TAF10,59,0.035431658,46,0.00683229,0.002257691,TAF10;DCHS1;TPP1
chr22_3189,22:48957260:T:A,22:48959538:G:A,TAFA5,34,0.034937015,32,0.004395615,0.00150212,FAM19A5
chr22_2986,22:47558781:C:T,22:47563679:T:C,TBC1D22A,38,0.013979371,33,0.057325058,0.006514475,TBC1D22A
chr4_9142,4:106263219:G:C,4:106286490:T:C,TBCK,85,0.027932461,76,0.012172401,0.003055473,TBCK
chr12_9169,12:114468081:A:G,12:114488217:T:C,TBX5,125,0.026535589,93,0.008129598,0.002036758,TBX5
chr10_11010,10:130750278:C:T,10:130751489:A:G,TCERG1L,6,0.012534595,23,0.042529735,0.004550916,GLRX3
chr15_2981,15:57279726:G:A,15:57281685:T:C,TCF12,9,0.002478259,12,0.320496078,0.006463855,TCF12
chr13_3567,13:60514506:G:A,13:60516397:A:G,TDRD3,12,0.029038494,12,0.01114598,0.002924552,TDRD3
chr13_3565,13:60508422:T:C,13:60510019:G:A,TDRD3,6,0.002004612,6,0.243203072,0.004205494,TDRD3
chr5_13276,5:166311895:G:A,5:166315453:G:A,TENM2,21,0.006621683,17,0.163558763,0.00847798,.
chr10_10529,10:125680752:T:A,10:125681232:A:T,TEX36,6,0.001828444,8,0.078643945,0.001415976,TEX36
chr9_7806,9:114678984:A:C,9:114748883:C:A,TEX48,231,0.011625069,317,0.021866904,0.002358348,TEX48
chr6_1119,6:10352848:C:T,6:10355559:A:G,TFAP2A,15,0.003650943,13,0.276750013,0.007979533,TFAP2A
chr6_4839,6:50573670:C:T,6:50583356:G:A,TFAP2D,46,0.043617472,36,0.003439387,0.001470884,TFAP2D
chr6_4841,6:50590700:A:G,6:50618561:T:C,TFAP2D,126,0.00712078,139,0.036913315,0.002429779,TFAP2D
chr15_1595,15:39239091:G:A,15:39239784:A:C,THBS1,5,0.002583586,7,0.060319096,0.001522036,THBS1
chr4_12989,4:152714409:G:A,4:152742555:G:A,TIGD4,107,0.007198842,131,0.123800984,0.007150212,TMEM154
chr19_1347,19:10936537:C:T,19:10949661:T:C,TIMM29,45,0.028133438,35,0.03884372,0.008544667,TIMM29
chr3_12760,3:156677369:T:C,3:156704361:A:G,TIPARP,67,0.001999295,83,0.117686216,0.002201061,TIPARP
chr9_4964,9:80687516:A:G,9:80741602:A:G,TLE1,222,0.003233629,397,0.131165523,0.003717782,TLE1
chr9_4938,9:80436803:G:A,9:80441264:T:C,TLE4,33,0.002860477,31,0.148551796,0.003723902,TLE4
chr20_306,20:2639110:C:T,20:2639681:A:G,TMC2,10,0.000673441,12,0.796057722,0.004573555,TMC2
chr3_10932,3:133195176:G:T,3:133219663:T:C,TMEM108,137,0.035909276,100,0.019298001,0.005734049,TMEM108
chr4_13056,4:153611829:A:G,4:153660514:T:G,TMEM131L,239,0.002202657,273,0.337135444,0.00609325,WDR45P1;TMEM131L
chr12_10549,12:128464472:G:A,12:128464607:A:T,TMEM132C,2,0.004071091,1,0.024359808,0.001013395,TMEM132C
chr4_7175,4:82534244:T:C,4:82539288:G:A,TMEM150C,24,0.023856597,27,0.008768585,0.001981492,TMEM150C
chr4_7176,4:82540420:T:C,4:82556495:T:A,TMEM150C,51,0.021528889,51,0.029597087,0.005325934,TMEM150C
chr4_7174,4:82505219:A:T,4:82533369:A:G,TMEM150C,129,0.008904277,136,0.112328691,0.007909177,TMEM150C
chr4_12988,4:152706593:T:C,4:152713108:C:T,TMEM154,21,0.011718148,38,0.064735544,0.006208271,TMEM154
NA,2:667734:A:G,2:667801:C:A,TMEM18,2,0.005443998,NA,NA,0.005443998,TMEM18
chr1_1121,1:9617402:A:C,1:9624392:A:G,TMEM201,30,0.030029431,29,0.00276188,0.000862338,PIK3CD
chr14_4080,14:67484158:T:C,14:67517935:C:A,TMEM229B,129,0.004001,183,0.109431025,0.003823894,TMEM229B
chr21_657,21:19452772:T:C,21:19503240:T:A,TMPRSS15,210,0.002856202,298,0.056603675,0.001573055,.
chr21_655,21:19387054:G:A,21:19426398:C:T,TMPRSS15,180,0.013167594,220,0.014292684,0.001802583,.
chr21_658,21:19504517:G:A,21:19517072:C:G,TMPRSS15,53,0.010029546,78,0.029696912,0.002716042,.
chr21_660,21:19521503:G:C,21:19538207:G:A,TMPRSS15,96,0.003615953,130,0.119880419,0.003790219,.
chr21_656,21:19427393:C:T,21:19451635:G:A,TMPRSS15,117,0.007727261,125,0.107137204,0.006703028,.
chr11_10179,11:118119038:A:G,11:118119735:C:T,TMPRSS4,6,0.019724341,9,0.032717354,0.005385749,TMPRSS4
chr12_6878,12:83322370:A:G,12:83337331:A:G,TMTC2,51,0.006596221,99,0.046361849,0.002780616,TMTC2
chr1_10118,1:151151757:C:T,1:151154897:G:A,TNFAIP8L2,12,0.005148574,13,0.171839654,0.007104578,TNFAIP8L2
chr6_4555,6:47328074:T:C,6:47332391:T:A,TNFRSF21,21,0.01128004,25,0.076701953,0.006967074,TNFRSF21
chr17_4169,17:54790708:C:T,17:54798588:A:G,TOM1L1,57,0.001213331,70,0.753060219,0.007307861,TOM1L1
chr3_15474,3:189813300:C:T,3:189875089:G:T,TP63,272,0.01383476,318,0.055990612,0.006323306,MIR944;TP63
chr12_6094,12:72066587:G:C,12:72073936:T:C,TPH2,44,0.011884678,29,0.090816262,0.008452626,TPH2
chr7_12003,7:145289424:G:A,7:145292338:G:A,TPK1,17,0.002230107,16,0.141817916,0.002865055,TPK1
chr6_10149,6:123442231:C:T,6:123443424:G:A,TRDN,6,0.00073514,6,0.151296341,0.001123804,TRDN;TRDN-AS1
chr12_6162,12:72945542:C:A,12:72951742:G:A,TRHDE,34,0.038869691,28,0.000282869,0.000136537,TRHDE
chr12_6130,12:72740485:C:T,12:72743707:C:A,TRHDE,18,0.00290878,12,0.264192992,0.006279319,TRHDE
chr12_6163,12:72952798:G:T,12:73035840:C:T,TRHDE,345,0.006923185,394,0.116257768,0.006539461,TRHDE
chr8_10889,8:125665125:T:G,8:125669573:C:T,TRIB1,20,0.006843416,27,0.015992771,0.001107595,TRIB1
chr3_11454,3:140748057:G:A,3:140749061:C:T,TRIM42,11,0.015961764,8,0.042339257,0.005608946,TRIM42
chr11_4785,11:55299625:C:A,11:55302965:C:T,TRIM48,21,0.011004989,15,0.097422723,0.008403511,TRIM48
chr15_2460,15:50609412:T:C,15:50636896:G:A,TRPM7,98,0.033883206,87,0.030186113,0.00806501,TRPM7
chr2_9877,2:122627178:A:G,2:122627178:A:G,TSN,1,0.003767315,1,0.286898986,0.008462988,TSN
chr4_8497,4:98665156:G:A,4:98667235:G:A,TSPAN5,21,0.001976197,13,0.241907588,0.004133176,TSPAN5
chr8_8561,8:97248340:A:T,8:97258742:C:T,TSPYL5,75,0.001913722,34,0.337271279,0.005386595,TSPYL5
chr2_10579,2:130194757:A:C,2:130195842:A:G,TUBA3E,7,0.026374739,6,0.015877476,0.003675998,TUBA3E
chr9_5434,9:86313728:A:G,9:86323326:G:C,TUT7,38,0.001321232,37,0.033501094,0.000488013,TUT7
chr14_2923,14:52392534:G:A,14:52404274:G:A,TXNDC16,56,0.014416384,51,0.015827769,0.002141548,PTGER2
chr14_2932,14:52508288:T:G,14:52523493:C:T,TXNDC16,52,0.020265638,65,0.015954558,0.002921875,TXNDC16
chr7_13484,7:157104438:C:T,7:157109758:T:G,UBE3C,45,0.014539991,48,0.034196815,0.004279324,UBE3C
chr7_13511,7:157232660:G:A,7:157233744:A:G,UBE3C,10,0.001128635,7,0.459790602,0.004444026,UBE3C
chr1_11432,1:165828529:G:A,1:165837928:G:A,UCK2,59,0.000430711,55,0.343576215,0.001452949,UCK2
chr11_6377,11:73985330:C:T,11:74024330:A:G,UCP3,180,0.008275801,179,0.027224219,0.002117406,UCP3;C2CD3
chr6_4037,6:41027829:G:A,6:41044342:T:C,UNC5CL,66,0.000892971,70,0.763922556,0.005655281,UNC5CL;TSPO2;OARD1
chr22_2710,22:45265221:T:C,22:45266201:C:T,UPK3A,6,0.005166583,16,0.117087132,0.005087779,UPK3A
chr19_2793,19:29051864:T:C,19:29062482:G:A,UQCRFS1,61,0.000547043,72,0.839297148,0.003988097,UQCRFS1
chr1_4776,1:55520953:C:A,1:55531092:A:G,USP24,54,0.003359533,54,0.126401462,0.003721736,USP24
chr21_312,21:16296642:C:T,21:16315593:C:G,USP25,108,0.002984527,84,0.196156298,0.00494291,MIR99AHG
chr19_5813,19:57073424:T:A,19:57087646:C:T,USP29,72,0.009897748,71,0.055934255,0.004705258,USP29
chr11_6775,11:78208534:G:A,11:78221117:G:A,USP35,87,0.016706611,63,0.0186589,0.002828418,USP35;GAB2
chr1_14738,1:209834935:G:A,1:209845697:C:T,UTP25,38,0.009321526,39,0.04218432,0.003476531,UTP25
chr1_8206,1:100792966:G:A,1:100810578:G:A,VCAM1,108,0.015304446,83,0.05817992,0.007144507,VCAM1
chr6_4297,6:43754796:G:A,6:43776510:T:C,VEGFA,97,0.000654208,95,0.262058649,0.001658052,VEGFA
chr9_357,9:2576591:T:C,9:2579575:C:T,VLDLR,20,0.003592872,21,0.115178525,0.003637524,VLDLR-AS1
chr17_58,17:599945:T:C,17:603354:G:A,VPS53,22,0.007778883,31,0.145460993,0.008807998,VPS53
chr14_6577,14:97728613:C:T,14:97743207:C:T,VRK1,67,0.009002222,84,0.103867831,0.007456879,VRK1
chr3_16273,3:196558408:T:C,3:196560612:T:G,WDR53,11,0.004414056,13,0.258929885,0.008885328,WDR53
chr7_13812,7:158839932:C:A,7:158851362:A:G,WDR60,56,0.000491542,54,0.1809606,0.000918623,WDR60
chr9_6052,9:93202529:G:A,9:93206128:G:A,WNK2,22,0.001367349,23,0.50365658,0.005702734,WNK2
chr16_5936,16:78259576:C:G,16:78261381:G:C,WWOX,16,0.005626394,19,0.0386505,0.002051433,WWOX
chr16_6027,16:78833259:C:G,16:78857486:C:T,WWOX,218,0.003877936,204,0.06281297,0.00227022,WWOX
chr16_6075,16:79041990:G:T,16:79044434:A:G,WWOX,28,0.002419407,33,0.191530911,0.004020817,WWOX
chr16_5992,16:78637954:C:T,16:78638564:A:G,WWOX,11,0.016838093,7,0.03160291,0.004543678,WWOX
chr22_44,22:16814100:C:T,22:16817917:C:T,XKR3,17,0.019360609,24,0.003622378,0.000740949,XKR3
chr10_9181,10:108915552:T:A,10:108924538:T:A,XPNPEP1,33,0.006712603,32,0.098468359,0.005500527,.
chr18_77,18:740894:T:C,18:742891:A:T,YES1,7,0.027326328,8,0.018802983,0.00440528,YES1
chr22_3341,22:49878570:C:A,22:49879281:C:T,ZBED4,5,0.0042865,7,0.097589471,0.003672521,ZBED4
chr6_3237,6:31882370:C:T,6:31896900:G:A,ZBTB12,53,0.001746852,72,0.401224337,0.005791491,EHMT2;EHMT2-AS1
chr3_9493,3:114852389:G:A,3:114853576:A:C,ZBTB20,5,0.003337598,6,0.089375425,0.002719717,ZBTB20
chr8_7133,8:78647924:C:T,8:78650618:G:C,ZC2HC1A,12,0.001189662,14,0.684582504,0.006607428,ZC2HC1A
chr2_14770,2:186547738:A:G,2:186548533:C:T,ZC3H15,2,0.015313822,1,0.04787526,0.006025167,ITGAV
chr2_11860,2:145928351:A:C,2:145929926:A:G,ZEB2,8,0.030705934,6,0.018729718,0.004866003,.
chr9_4344,9:72347147:C:G,9:72347880:A:G,ZFAND5,5,0.000663182,4,0.749232266,0.004276705,LINC01504
chr8_11666,8:134268008:G:A,8:134278109:C:T,ZFAT,58,0.007617361,58,0.1486906,0.0088155,ZFAT
chr12_6066,12:71659525:T:C,12:71661377:T:C,ZFC3H1,12,0.00949126,7,0.069781995,0.005510338,ZFC3H1
chr20_3237,20:41200916:G:A,20:41222208:G:C,ZHX3,57,0.001489418,54,0.153732271,0.002148192,ZHX3
chr13_169,13:19891210:G:C,13:19893962:A:C,ZMYM5,16,0.000201326,18,0.60350135,0.001216901,ZMYM5
chr13_160,13:19802697:C:T,13:19823741:A:T,ZMYM5,97,0.000317817,123,0.954762916,0.002761403,ST6GALNAC4P1;ZMYM5
chr13_163,13:19834291:A:T,13:19882018:C:A,ZMYM5,230,0.0007579,230,0.736228336,0.004737967,ZMYM5
chr7_5882,7:64830847:G:T,7:64831027:G:A,ZNF138,3,0.041621633,2,0.01645313,0.00567456,ZNF138
chr16_5301,16:71507465:G:A,16:71534955:T:G,ZNF19,95,0.018057615,101,0.050712155,0.007322058,CHST4;ZNF19
chr11_424,11:3497602:T:A,11:3501870:A:T,ZNF195,17,0.001998819,18,0.307441334,0.00515869,ZNF195
chr6_7438,6:87145310:T:A,6:87172615:A:G,ZNF292,111,0.000829088,128,0.497552542,0.00362734,ZNF292
chr10_4133,10:43931373:A:G,10:43934443:A:T,ZNF32,15,0.01333403,16,0.064159272,0.006898613,LINC00841
chr19_5065,19:52054179:G:C,19:52059267:A:C,ZNF432,19,0.000276734,19,0.445254758,0.001232362,ZNF432
chr9_7215,9:107022534:C:T,9:107026310:A:G,ZNF462,16,0.001474034,11,0.20069771,0.002699705,ZNF462
chr16_7397,16:88376166:G:A,16:88380019:G:A,ZNF469,28,0.0189091,31,0.050416285,0.00758424,ZNF469
chr3_3993,3:44708804:T:C,3:44714903:C:A,ZNF502,42,0.02111564,33,0.026869723,0.004808187,SOCS5P3;ZNF502
chr3_4245,3:48286982:T:C,3:48292358:T:C,ZNF589,21,0.003820027,20,0.012425535,0.000520012,FCF1P2;NME6;ZNF589
chr8_31,8:325720:G:C,8:328047:T:C,ZNF596,9,0.001314724,8,0.871459566,0.008904277,FBXO25
chr5_9949,5:124165339:G:A,5:124214754:C:T,ZNF608,231,0.029485761,225,0.025491107,0.006158267,LINC01170
chr12_4238,12:48335029:G:A,12:48351143:G:C,ZNF641,49,0.021064649,64,0.027302438,0.004866023,ZNF641
chr2_14594,2:184020924:C:T,2:184035747:A:C,ZNF804A,51,0.003051902,64,0.113603243,0.003108924,ZNF804A
chr19_2416,19:22402136:A:G,19:22402548:T:G,ZNF98,2,0.047262595,1,0.011312284,0.004562633,ZNF98
chr3_8524,3:102474523:T:C,3:102477808:G:A,ZPLD1,17,0.000102807,14,0.450116123,0.000508141,ZPLD1
chr3_8648,3:103751944:A:G,3:103786756:C:T,ZPLD1,119,0.016569247,191,0.042107678,0.005768335,.
chr3_8602,3:103075371:T:G,3:103079350:T:C,ZPLD1,22,0.006696212,29,0.107171404,0.005913043,ZPLD1
chr3_8545,3:102604133:T:C,3:102604289:G:A,ZPLD1,4,0.02389688,1,0.033135234,0.006446409,ZPLD1
chr5_5141,5:61732356:T:A,5:61734297:T:C,ZSWIM6,7,0.001032238,12,0.145906042,0.001476098,C5orf64;C5orf64-AS1
chr10_5077,10:56657272:G:A,10:56685990:A:T,ZWINT,134,0.037810426,189,0.003696382,0.001380227,ZWINT
chr10_5088,10:56721518:C:T,10:56723100:C:T,ZWINT,13,0.035993824,14,0.017777572,0.005345725,ZWINT
chr10_5108,10:56837415:T:C,10:56837606:T:C,ZWINT,4,0.017775959,6,0.039372899,0.00578431,ZWINT
